"No son 30 pesos del alza del transporte público, son 30 años de desigualdad #ChileDespertoBCN#DestituciónConstitucionalAPiñera#EstoNoHaTerminado#ChileNoSeRinde#ResisteChile#NoEstamosEnGuerra#SeguimosEnLaLuchahttps://twitter.com/chileokulto/status/1189213164153573376 …Es bueno que ""con copas y vasos"" nos cuenten cómo es la ""exitosa"" manera de CAGARNOS!! pic.twitter.com/WDGMORLdYs"
Cuando el flaite del canal lo dejan en el GC de @CHVNoticias xD tiyile ailaoh loh incidentes xD #nomasencapuchados #RenunciaIsamit #RenunciaPiñera #PineraDictadorpic.twitter.com/chdi4rehLc
"Pidanle a Piñera que en vez de pedirle perdón al pueblo, que le pida perdón a Maduro, y de rodillas, o la auto destrucción sigue #ChileDesperto #nomasencapuchados #ULTIMAHORA"
Perdí la cuenta de las veces que se le ha explicado a este BURRO qué son los DD.HH.  #Noestamosenguerra https://twitter.com/tono_coloma/status/1189205770816147457 …¿Y LOS DERECHOS HUMANOS DE CARABINEROS? Desde el 18 de Octubre hasta hoy ya van #848CarabinerosHeridos con lesiones de diversa consideración.…
Lo tuyo definitivamente es sembrar odio contra el actual gobierno. No hace ningún esfuerzo por estabilizar. #nomasencapuchados ni parlamentarios que actúan como tales.
El FA y el PC quieren que Piñera agite su varita mágica y que todos ganen a partir de hoy 1millon de pesos como sueldo mínimo.#nomasencapuchados #NoMasMarchas
Hemos presentado más querellas en 10 días que en todo el año pasado... Eso fue una queja o que? Les tocó ganarse los 6 palos mensuales.. #INDH #ChileSomosTodos #nomasencapuchados #ChileEnRebeldia #ChileDesperto
"#boric las prioridades de la gente son Afp, no más tag, trabajo y por sobre todo que ustedes trabajen y se bajen el sueldo a la mitad mínimo. No se aprovechen de pedir plebiscito ... si parásitos son todos ustedes no solo el gobierno de turno. #nomasencapuchados #chilequierepazhttps://twitter.com/jgaratvi/status/1189278623045423105 …@gabrielboric los mismos de la acusacion son los q incitaron todos los desastres en el pais @PCdeChile @Frente_Amplio @PSChile @GiorgioJackson @camila_vallejo @KarolCariola  tremendo volador de luces y apretando todo para salir del ojo del huracan #CHVNoticias"
"@mbachelet en Chile se está violando el derecho a vivir tranquilo y en paz , necesitamos que escuche a toda la gente trabajadora que tiene miedo de la delincuencia, no queremos más saqueos ni que destruyan nuestras ciudades no más #nomasencapuchados #NoMa"
"Somos muy pasados a caca.. unos se juran El Guason, ahora andan con lo de La Purga, que manga de idiotas generando miedo e inseguridad en vez de unirnos todos contra el sistema que nos tiene así. #nomasencapuchados #ChileEnRebeldia #ChileDesperto #ChileSomosTodos"
Declaramos en R3b3ld14 al hermano que clama dignidad (Chile) #renunciapiñera #fuerzachile #revolucion #todosjuntos  #resistencia #chile #chiledesperto #nosdeclaramosenrebeldía #elderechodevivirenpaz #marcha #noestamosenguerra #nomasabusos #chileunido #libertad #derechoshumanospic.twitter.com/Vz2kOmRRXu
"#Noestamosenguerra  #NuevaConstitucion #RenunciaPiñerahttps://twitter.com/t13/status/1188945525577531392 …Esta fue la reacción de los manifestantes que esta tarde ocuparon la Alameda de Santiago, ante el paso de Bomberos.…"
"Miente miente que algo queda #NoMasViolencia #nomasencapuchados #NoMasMarchas #YoApoyoNuestraConstitucion #PazParaChile @joseantoniokasthttps://twitter.com/cata1965/status/1189230617789128704 … Fiscalía descarta  q proyectil fue de militaresTerminò la mentira de algunos twuiteros desprestigiando a militares por muerte d Valeska Carmona  Su madre además hizo un llamado de parar estos ""gustitos políticos""…"
#renunciapiñera #chilenosunidos#Noestamosenguerra #NoMasAgresionesABomberos #NoMasAbusoshttps://twitter.com/andres20ad/status/1188994413122539520 …Para los fascistas que quieren meter en el mismo saco a los miles que marchamos pacíficamente con un puñado de vándalos y que ahora piden #NoMasMarchas: en el video se ve como los que marchan hacen espacio…
"Y cuando llega a la casa mamá que hay de comidano lo viste venir .........Mamá donde está mi ropa limpiaMamá me das plata para cargar el pase Mamá, mamá, no lo viste venir. #nomasencapuchados https://twitter.com/adahenriquezbus/status/1189273366152318976 …No lo vieron venir!? https://twitter.com/DebiaEduardo/status/1188950214545170437 …"
@biobio @Cooperativa @TVN #nomasencapuchados #ChileResistehttps://twitter.com/paolamancini/status/1189267084032860160 …Tienen que subir las penas para los delitos económicos a el estado nada de pena domiciliaria que suban las penas a delitos de cuello y c
"Súmele a observador de dd.hh fue atacado con SIETE PERDIGONES. Ministro Blumel debe responder y frenar la represión desmedida de Carabineros.#ULTIMAHORA #LaMarchaMasGrandeDeChile2 #ChileDesperto #ChileEnHuelga #AsambleaConstituyente #PlazaItalia #NuevaConstitucion #indhhttps://twitter.com/latercera/status/1189300881356972037 …Investigadora de Amnistía Internacional: ""Este tipo de situaciones no esperábamos verlas en Chile. Ha sido una mala sorpresa para todos"" http://bit.ly/2Wl8cxG  pic.twitter.com/yrii2SlLuS"
"Y ahi tiene Venezuela su asamblea constituyente.  En su face!  #NOaLaAsambleaConstituyente #ParoNacional #bienvenido13 #PrensaCorrupta #nomasencapuchados https://twitter.com/desde_1965/status/1188728864593326080 …La catástrofe en Venezuela comenzó con la Asamblea Constituyente. Programa La Silla Caliente conducido por  Óscar Yánez, 1998. pic.twitter.com/yc8v8rvdAd"
"Ley contra encapuchados. El que quiera manifestarse que lo haga, pero dando siempre la cara #nomasencapuchados"
Declaramos en R3b3ld14 a Paula (Chile) El derecho de vivir en paz.#renunciapiñera #fuerzachile #revolucion #todosjuntos  #resistencia  #chiledesperto #nosdeclaramosenrebeldía #elderechodevivirenpaz  #noestamosenguerra #nomasabusos #chileunido #mujer #libertad #derechoshumanospic.twitter.com/57xuxNANja
"hola alguien tiene un hilo o listado de #perdonazos a grandes empresas en #Chile,hoy haremos debate a las 19 hrs y queremos hablar de eso tambien,gracias!#ChileNoSeRinde #Noestamosenguerra #Ayudapic.twitter.com/xGCx2ts5tQ"
Declaramos en R3b3ld14 a todos los que hoy están en la calle (Chile) #renunciapiñera #fuerzachile  #todosjuntos  #resistencia #chile #chiledesperto #nosdeclaramosenrebeldía #elderechodevivirenpaz #marcha #noestamosenguerra #nomasabusos #chileunido #libertad #derechoshumanospic.twitter.com/Oi6fTtzKjE
Y qué pasó con la rebaja de la dieta parlamentaria? Podría decir si ya la aprobaron y los detalles de la misma. #YoApoyoNuestraConstitucion #NoMasMarchas #NoMasViolencia #nomasencapuchados #ApaguenlaTv
Declaramos a San Fernando en R3b3ld14 (Chile) #renunciapiñera #fuerzachile #revolucion #todosjuntos  #resistencia #chile #chiledesperto #nosdeclaramosenrebeldía #elderechodevivirenpaz #marcha #noestamosenguerra #nomasabusos #chileunido #mujer #libertad #derechoshumanos #rebeldiapic.twitter.com/Nm8f94gWYU
"#nomasencapuchados#FueraComunismoDeChile#FueraComunistas#NoMasMarchas#NoMasViolenciaAgenda de Maduro para someter a Chile, comentada por argentinoshttps://youtu.be/vtbxmt3rjbY"
#chilenosquehablan #nomasencapuchados #HabraConsecuencias #ChileDesperto #ChileEnRebeldiahttps://twitter.com/al2salas/status/1189018737170620416 …Podria haber sido explicado por otro...pero mas claro? Imposible!…
"Mire la Alameda ahora y dígame de dónde viene la violencia, señora Vocera.La espero.@KarlaEnAccion #NoMasViolencia #ChileViolatesHumanRights #Noestamosenguerra https://twitter.com/Cooperativa/status/1189206614374604800 …[Audio] Vocera de Gobierno: La violencia está tapando las legítimas demandas de la protesta social #CooperativaTeSuma http://bit.ly/32WWBHB  pic.twitter.com/9iV1I0Uxg7"
"#estoesviolento #ChileDesperto #RenunciaPiñera #Noestamosenguerra #NoMasAbusos #Noentiendennadahttps://twitter.com/UPLaRadio/status/1189168156327251969 …""termino todos los meses a fin de mes comiendo huevo con arroz""Estanislao Vergara de 85 años llama a quienes marchan de forma pacífica a no aflojar por las exigenciaz sociales y económicas de todo Chile en el…"
"Ya poh cómputines, ¿cuando lanzarán el waze de las protestas? En Valparaíso es un laberinto el caminar. @sitiodelsuceso #nomasencapuchados"
ACUSACION INSTITUCIONAL!!!!!!!!!!  AAAAHOOOOOORAAA¡¡¡¡¡¡¡¡#nomasencapuchados #transportistas #Intrusos #NuevaConstitucion2020 #psoriasis #90MinutosFOX
"#nomasencapuchados #FueraBoric #FueraComunismoDeChile  #FueraComunistas #FueraFrenteAmpliohttps://twitter.com/claucat80/status/1188941665903484928 …Ahora los periodistas haciéndose los weones con las manifestaciones de los ""pacificos"". Ellos junto al PC y FA son culpables de este descalabro."
"No pueden disimular la DESESPERACIÓN, fachos?Dato Útil: Los pasajes a Brasil se dispararon#LaMarchaMasGrandeDeChile2 #ChilenosqueHablan #nomasencapuchados #NoMasMarchashttps://twitter.com/KarolCariola/status/1189236928375382017 …¡Ojo! Hay un esfuerzo sistemático y organizado por desvirtuar #LaMarchaMasGrandeDeChile2 que se está convocando para hoy. Incluso usuarios de tuiter denuncian que hay cuentas de derecha involucradas…"
Que lo acusen y después #QueSeVayanTodos#QueRenunciePiñera  #AsambleaConstituyente  #NuevaConstitución https://twitter.com/PipeHenriquezO/status/1189297366957993986 …RT-RT.Diputados del FA junto con todas las bancadas de la oposición confirman que presentarán Acusación Constitucional contra ex Ministro Chadwick…
"Solo quieren amedrentar la PROTESTA POPULAR, con represión desatada... sepa este gobierno dictatorial, que nada detendrá!!!#EstoNoHaTermimado#NuevaConstitucion#PiñeraALaCarcel"
Declaramos a los músicos en R3b3ld14 (Chile) El derecho de vivir en paz. #renunciapiñera #fuerzachile #revolucion #todosjuntos  #resistencia #chiledesperto #nosdeclaramosenrebeldía #elderechodevivirenpaz  #noestamosenguerra #nomasabusos #chileunido #libertad #derechoshumanospic.twitter.com/em9vb8c2LX
"Falto poner, destruyendo así el. Paseo peatonal donde un sin fin de penquistas debía transitar al siguiente día para trabajar... Sea más objetivo... No tanto populismo... #Concepción #NoMasViolencia #nomasencapuchados https://twitter.com/rsumen/status/1188929389783896065 …Gran #barricada en #BarrosArana con #ColoColo en #Concepción. Manifestantes entraron a tienda #Johnsons que recibió #perdonazo de 125 millones de dólares por parte del #SII, para alimentar el fuego con sus productos. pic.twitter.com/bgeDqvqXBh"
#ChilenosQueHablan #LaMarchaMasGrandeDeChile2 #chile #NoMasViolencia  pork no ponen toke de keda en el Congreso así no dejan salir a ningún politico hasta k se pongan de acuerdo y solucionen todo lo k pide el pueblo  #nomasencapuchados @aluksicc @marcelobarti @meganoticiascl
@tere_marinovic#nomasencapuchadosPara eso quieren los gobiernos el Frente Amplio. pic.twitter.com/2kwPjBoNvR
#nomasencapuchados este hashtag debiera ser #nomasladronesdecuelloycorbata estos son peores que los que luchan para que seamos escuchados!!
"“Al Capitolio le viene bien que estemos divididos.” - Los juegos del hambreO mejor dicho: ""A los políticos les viene bien que estemos divididos""#Noestamosenguerra #ChileDesperto #ChileSomosTodos  #nocreoenlospoliticos"
"¿Desde cuando es un privilegio manifestarse? No estaban haciendo nada más que protestar con su voz, tanto miedo tiene el gobierno que reprime a cualquier persona que se manifiesta ya sea de manera pacifica o violenta.#NoMasRepresión #Noestamosenguerra https://twitter.com/24HorasTVN/status/1189223744696389636 … Con el carro lanza agua, Carabineros dispersan marcha pacífica de educadoras de párvulos en el centro de Santiago. pic.twitter.com/OvOBWtZycU"
"A #PlazaItalia gente  por favor sin violencia, cuidemos entre todos que sean manifestaciones pacíficas, que los únicos violentos sean los pacos, sobre todo los pacos infiltrados encapuchados! #nomasencapuchados #ChileDesperto"
Declaramos en R3b3ld14 a San Fernando (Chile) El derecho de vivir en paz #renunciapiñera #fuerzachile #revolucion #todosjuntos  #resistencia #chiledesperto #nosdeclaramosenrebeldía #elderechodevivirenpaz  #noestamosenguerra #nomasabusos #chileunido #libertad #derechoshumanospic.twitter.com/dCAMDnKquh
Sin justicia no hay paz! Hoy en Barcelona condenamos la violencia Estatal en Chile y conmemoramos a lxs caídos en la lucha#ChileDesperto #ChileDespertoBCN#DestituciónConstitucionalAPiñera#EstoNoHaTerminado#ChileNoSeRinde#ResisteChile#NoEstamosEnGuerra#SeguimosEnLaLuchapic.twitter.com/6Y7WeX1r9a
puros zorritozorron #PineraDictador #LaMarchaMasGrandeDeChile #Noestamosenguerra #nuevaconstituciónahorahttps://twitter.com/haizenverg/status/1189155858523054080 …El equipo del Ministro Blumel tiene menos calle que Venecia. pic.twitter.com/U5kVODfpoh
Declaramos Isla Negra y al poeta en R3b3ld14 (Chile) #renunciapiñera #fuerzachile #revolucion #todosjuntos  #resistencia #chile #chiledesperto #nosdeclaramosenrebeldía #elderechodevivirenpaz #marcha #noestamosenguerra #nomasabusos #chileunido #mujer #libertad #derechoshumanospic.twitter.com/nQqoi8Rw4o
#nomasencapuchados Por favor en masa abalanzarse sobre encspuchados. Organizar turbas que derriben a encapuchado y sacar la capucha fotografiarlos. Al instante.
"#FueraBoric @gabrielboric te queda poco antes que vayan por ti y que la justicia vaya por ti, por terrorista y destruir nuestro país infeliz #nomasencapuchados #FueraFrenteAmplio en primera clase te mandamos a Venezuela...bueno tú ya la conoces ""Héroe del pueblo"", criminal https://twitter.com/RSuknoRM/status/1189274802500046848 …pic.twitter.com/QEMGzJGxfx"
#Antofagasta #ChileSomosTodos #Noestamosenguerra https://twitter.com/Genesis_PP/status/1189285532834156544 …MÁXIMA DIFUSIÓN: en #Antofagasta detienen d forma ilegal a joven q transitaba en la calle. Marcelo Pérez se llama y supuestamente le hicieron control d identidad pero lo detuvieron. X el centro de Ricaventura …
Declaramos en R3b3ld14 a David (Angola).#renunciapiñera #fuerzachile #revolucion #todosjuntos  #resistencia #chile #chiledesperto #nosdeclaramosenrebeldía #elderechodevivirenpaz #marcha #noestamosenguerra #nomasabusos #chileunido #mujer #libertad #derechoshumanos #rebeldiapic.twitter.com/rDpzeHYMqF
"Bien, no los dejen salir, #Chile necesita proteccion !! #LaMarchaMasGrandeDeChile #NoMasViolencia #nomasencapuchados"
"quieren el poder a toda costa y destruir la #Democracia. #IzquierdaGolpista máximos culpables de todo, 23 años gobernando, los partidos + ricos de #Chile. #BastaDeViolencia #ChileQuierePaz #nomasencapuchados @gblumelhttps://twitter.com/maylwino/status/1189004739201159168 …Irresponsable!!!!                          Teillier: ""Puede que la acusación se pierda, pero no en las calles"": https://www.eldinamo.cl/nacional/2019/10/28/guillermo-teillier-por-acusacion-constitucional-puede-que-se-pierda-en-el-parlamento-pero-no-en-las-calles/ …"
#LaMarchaMasGrandeDeChile2 #nomasencapuchados #ChileDespertó #ChileEnRebeldia #ChileQuiereCambios Aquí partió todo....pic.twitter.com/zpDfAZBL91
Por favor #LevantemosTuPyme #nomasencapuchados https://twitter.com/Corfo/status/1189236922943787008 …Ahora en @T13 el VPE de #Corfo @PabloterrazasL conversa sobre el apoyo de @meconomia @Sercotec_Chile y #Corfo a las Pymes con la campaña #LevantemosTuPyme. Sigue el streaming  …
"#desigualdad #NuevaConstitucion No dan soluciones y nunca legislaron para lograr menos desigualdad. #HabranConsecuenciashttps://twitter.com/elmostrador/status/1189300735143485440 …La “paz social”, la primera prioridad de Blumel a la cabeza del gabinetehttps://tinyurl.com/yxeswfq2  pic.twitter.com/J8SrRTtIyu"
"Delincuentes y saqueadores a la.carcel , acá seguimos pidiendo cambios pero sin violencia #NoMasViolencia #nomasencapuchados #Chileunidopic.twitter.com/ZRILsecOre"
"Cara nueva, mismo discurso @CNNChile @elmostrador #ChileQuiereCambiosً #ChileNoSeRinde #Chile #EstoNoHaTermimado #RenunciaPiñera #NuevaConstitucion #NuevaConstitucion2020 #Noestamosenguerra https://twitter.com/Cooperativa/status/1189160572685901825 …Ministro de Hacienda: No botaré a la basura la reintegración tributaria #CooperativaTeSuma http://bit.ly/2q1s9xk  pic.twitter.com/d1e5ZkZgDK"
"Mi lucha es pacifica, pero contestaría Hoy ven y marcha!! #bordaviviborda#elpoderestaenlaaguja#nomasafp#asambleaconstituyente#Chiledesperto#nuevaconstitución#noestamosenguerra #SantiagodeChilepic.twitter.com/DgQT2NgNSu"
Declaramos en R3b3ld14 a la combatiente anónima (Chile) #renunciapiñera #fuerzachile #revolucion #todosjuntos  #resistencia #chiledesperto #nosdeclaramosenrebeldía #elderechodevivirenpaz  #noestamosenguerra #nomasabusos #chileunido #mujer #libertad #derechoshumanos #dignidadpic.twitter.com/PYBnyR8VkT
LE PASA ALGO POR SU IRRESPONSABLE ACTUAR MIRE EN ESTO TERMINO SU CONVOCACIÓN A MARCHA AYER LUNES.#QueremosVivirEnPaz #NoMasViolencia #Noestamosenguerra pic.twitter.com/vov95vNSUy
Falta sacar esto. #ChileEnRebeldia #NuevaConstitucion2020 #nomasencapuchados #ChileDesperto #ChileProtests #ChileSeLevantapic.twitter.com/nSIu15LC8u
"Así con la seguridad aquí en el centro, llegamos a soldar las farmacias por los delincuentes #nomasencapuchados #LaMarchaMasGrandeDeChile2pic.twitter.com/PhMQWoangP – en Huérfanos 779"
#EstoNoHaTerminado#ChileNoSeRinde#FuerzaChile  #AwanteValpo#AcusacionConstitucionalAPiñera#RenunciaPiñera#NoEstamosEnGuerra#PacosCSM #ONU#ElPuebloUnidoJamasSeraVencido https://twitter.com/JLPerezOnline/status/1189285429905936384 …Así terminó la marcha. Manifestantes ahora dispersos por calle aledañas a Pedro Montt en Valparaíso @Cooperativa #CooperativaTeSuma #CooperativaRegiones pic.twitter.com/VNSoaVej3t
@sebastianpinera no entiende nada Brutito @biobio agreden a un integrante del #INDH #Noestamosenguerra #NoMasViolencia #ChileDespertohttps://twitter.com/inddhh/status/1189291617238298624 …[ URGENTE] Observador del INDH se encuentra herido por siete baline
"#Noestamosenguerra #KarlaRubilar #Fundacionintegra #NoALaSalaCunaUniversal #FueraCubillos  Movilización Pacífica como autorizó Rubilar. Ustedes ven en esta foto, quien está actuando con agresión?, militares frente a mujeres parvularias?? QUE ""ASCO TU GOBIERNO"" #SebastianPiñerapic.twitter.com/tXuVT7ZVQ8"
"Declaramos en R3b3ld14 a Rodrigo Martínez, Iquique (Chile) #renunciapiñera #fuerzachile #revolucion #todosjuntos  #resistencia #chile #chiledesperto #nosdeclaramosenrebeldía #elderechodevivirenpaz  #noestamosenguerra #nomasabusos #chileunido #libertad #derechoshumanos #dignidadpic.twitter.com/pcJhz0Ftcy"
Pensé que estos tontitos se habían extinto.. pero no... aun nos quieren callar tirando al mar.#NoEstamosEnGuerra#NoMasViolencia #RenunciaPiñerapic.twitter.com/Mh07U3YRfX
Declaramos a Sakina en R3b3ld14 (España)#renunciapiñera #fuerzachile #revolucion #todosjuntos  #resistencia #chile #chiledesperto #nosdeclaramosenrebeldía #elderechodevivirenpaz #marcha #noestamosenguerra #nomasabusos #chileunido #mujer #libertad #derechoshumanos #dignidadpic.twitter.com/0mxyNjZB6q