NoAgresivo;Se demore menos en entregar las notas
NoAgresivo;Posee manejo en el tema de asignatura
NoAgresivo;No interrumpir a alumnos, tener mejor trato con ellos.
NoAgresivo;Excelente profesor, explica claramente. Mejorar la ortografía y pronunciación al dictar o comentar
NoAgresivo;Muy buen profesor, él debió ser el jefe de asignatura
NoAgresivo;profesor con alto conocimiento en el ramo.
NoAgresivo;Docente con grandes expectativas, y una de las pocas que incentiva a sus alumnos
NoAgresivo;buen profesor, siempre dispuesto a que aprendamos
NoAgresivo;Dar más aplicación de la asignatura y no tanta teoría
NoAgresivo;todo bien
NoAgresivo;Buen profe
NoAgresivo;que no se pase del plazo establecido reglamentariamente para entregar las calificaciones
NoAgresivo;No tuve clases con él
NoAgresivo;Evalúe lo enseñado únicamente en el laboratorio
NoAgresivo;buena clase
NoAgresivo;entusiasta
NoAgresivo;Atento y preocupado por sus alumnos
NoAgresivo;Muy bueno
NoAgresivo;Ninguna
NoAgresivo;Siga igual profe
NoAgresivo;sabe mucho, mal académico
NoAgresivo;Intentar no distraerse con las preguntas que le hacen mis compañeros y que lo desvían del tema principal de la clase
NoAgresivo;buen programa
NoAgresivo;ninguna
NoAgresivo;nada que decir
NoAgresivo;No hay sugerencia
NoAgresivo;:)
NoAgresivo;buen profesor
NoAgresivo;Perfect
NoAgresivo;La profesora es muy puntual, atenta, cercana, responsable, respetuosa y tiene mucho dominio sobre la materia.
NoAgresivo;Falta motivación con horarios, puntualidad y revisión de certámenes en su ramo.
NoAgresivo;manejo de los contenidos, pero poco claro al momentos de explicar ejercicios
NoAgresivo;demasiada exigencia en el momento de la evaluacion
NoAgresivo;mal profesor, no tiene paciencia para explicar
NoAgresivo;utilizar herramientas mas didácticas para sus clases
NoAgresivo;111
NoAgresivo;Exelente sus clases.
NoAgresivo;sin comentarios
NoAgresivo;Buen profe
NoAgresivo;mayor organizacion
NoAgresivo;sdgfbaadfb
NoAgresivo;No me parece un profesor preparado para dar clases no explica materias, es muy monótono, no ejerce interacción con estudiantes, solo lee textos. No se preocupa de que los alumnos estén aprendiendo o no, sólo se preocupa de cumplir su hora de clases.
NoAgresivo;Muy capaz, pero a veces inentendible.
NoAgresivo;No hay sugerencias
NoAgresivo;Tiene una buena metodología de clases
NoAgresivo;necsita mayor libertad para impartir contenidos
NoAgresivo;Bien.
NoAgresivo;continuar
NoAgresivo;no asiste a clases
NoAgresivo;domina muy bien sus conocimientos
NoAgresivo;le falta ser objetiva.
NoAgresivo;Excelente profesora
NoAgresivo;Dentro de todos los problemas que se causaron en el curso , pudo manejar la situación y dar cuenta de su profesionalidad
NoAgresivo;Buen profesor
NoAgresivo;sin comentarios
NoAgresivo;Muy llevado a sus ideas
NoAgresivo;excelente profesor
NoAgresivo;Muy buena disposición a ayudar
NoAgresivo;good
NoAgresivo;Es una persona muy arrogante, que podria mejorar mucho
NoAgresivo;Buen profe
NoAgresivo;excelente docente
NoAgresivo;ninguna
NoAgresivo;Buen Profesor
NoAgresivo;Con 1 o 30 alumnos se debe realizar clases igual.
NoAgresivo;Buena profesora
NoAgresivo;nada que decir
NoAgresivo;No entrega notas en plazos establecidos, no evalúa lo mismo que enseña, sus evaluaciones son ambiguas, pregunta cosas que jamáz pasó en clases.
NoAgresivo;muy bien
NoAgresivo;Excelente profesor
NoAgresivo;debería presentar la asignatura, así como a si mismo a la hora de comenzar el semestre, aclarando objetivos y deberes de los estudiantes
NoAgresivo;Muy buenas clases. Material didáctico y actualizado. Buen desempeño en aula
NoAgresivo;las clases podrian ser mas dinamica
NoAgresivo;es un excelente academico maneja muy bien la información presentada, ademas esta al dia con las tendencias actuales y requerimientos del mercado.Sus clases son muy didacticas, entretenidas y motivadoras.Siempre apoya e incentiva a sus alumnos a ser mejor.
NoAgresivo;profesora empatica, buena disposición
NoAgresivo;excelente profesor
NoAgresivo;Podrían ser un poco más interesantes las clases
NoAgresivo;supo sobrellevar al grupo y beneficiarle
NoAgresivo;amigable y profesional
NoAgresivo;hacer las clases mas dinámicas
NoAgresivo;ufff que semestre jajaja
NoAgresivo;que utilice lenguaje menos técnico en sus clases ya que cuesta comprender los contenidos.
NoAgresivo;Excelente profesor
NoAgresivo;exelente profesor
NoAgresivo;nada que decir
NoAgresivo;Tiene manejo del área de impresión, debería ser un poco más estricta para que los alumnos no tomen para la chacota su clase.
NoAgresivo;muy buena profesora, dedicada y sirven de mucho sus simulaciones
NoAgresivo;profesor dinamico en su enseñanza
NoAgresivo;ninguno
NoAgresivo;muy buenas sus clases y entretenidas
NoAgresivo;Muy buen docente
NoAgresivo;Se da el tiempo de explicar de la mejor forma la materia, tal vez podría ser un poco mas dinámica la asignatura pero esta en bien general.
NoAgresivo;Excelente profesor
NoAgresivo;Un gran profesor, sabe de lo que habla su metodología de enseñanza es certera.
NoAgresivo;ampliar plazo de entregas
NoAgresivo;muy buen profesor
NoAgresivo;Muy buena profesor. Aprendi ingles gracias a su buen uso de la tecnologia
NoAgresivo;La generalización debe separarse siempre de la docencia, mas aún cuando se educa a los sujetos en formación del área.
NoAgresivo;buen sistema de enseñanza
NoAgresivo;Exelente profesora de orientacion
NoAgresivo;correcto profesor
NoAgresivo;una mejora en la explicación de los contenidos, para que el estudiante aproveche al máximo la asignatura
NoAgresivo;detallar mas las trabajos a evaluar.
NoAgresivo;Muy enredado para explicar. Y debería explicar también para los que no sabemos nada de ilustracion, no todos manejan el tema
NoAgresivo;ayuda a entender lo que es en si la ICI
NoAgresivo;no hay comentarios
NoAgresivo;nunca falto a ninguna clase
NoAgresivo;Buen profe
NoAgresivo;Bastante conocimientos de los contenidos, expone de excelente manera, podría responder consultas de los alumnos con mejor disposición .
NoAgresivo;La profesora es muy amable, responsable y cercana con los alumnos.
NoAgresivo;ella es un amor de profe, nos permite desarrollar las actividades con el mejor ambiente posible.
NoAgresivo;Sin comentarios
NoAgresivo;Faltó entregar material biliográfico y fuentes para respaldar la materia presentada y tambien para que el alumno pudiera profundizar los temas expuestos. En lo personal, la falta de esto hizo que no tuviera plena confianza en la veracidad de la materia.
NoAgresivo;buenas clases
NoAgresivo;muy buena profesora,
NoAgresivo;Buen profesor
NoAgresivo;s/c
NoAgresivo;Siga asi
NoAgresivo;sus clases son entretenidas
NoAgresivo;Buen profesor
NoAgresivo;Buena técnica de aprendizaje
NoAgresivo;Pdf
NoAgresivo;subir las guias con anticipación
NoAgresivo;mas al enfoque matemático con practico
NoAgresivo;buen profesor
NoAgresivo;Excelente profesora
NoAgresivo;Buen profesor, quizá si aplicara otros instrumentos de aprendizaje los alumnos tendrían mas interés en participar.
NoAgresivo;Debió escoger y supervisar mejor el contenido del curso, ya que algunos de estos no parecieran tener mucha relacion con la carrera Ingenieria civil.
NoAgresivo;buen académico, sin embargo el trato hacia los estudiantes no es tan bueno
NoAgresivo;buena profesora
NoAgresivo;Profesor demuestra motivación al realiza sus clases transmitiendo interés en los alumnos por la asignatura
NoAgresivo;Sin sugerencia
NoAgresivo;utilizar formas mas didácticas para realizar la clases, hablar mas alto
NoAgresivo;Realiza muy buenas clases aclarando dudas de sus estudiantes y también entregando lo máximo de sí para todos nosotros.
NoAgresivo;la metodología es sencilla y de gran ayuda para la comprensión de los contenidos
NoAgresivo;ninguna
NoAgresivo;explicar con mayor claridad los ejercicios propuestos en clases
NoAgresivo;Gracias por las clases
NoAgresivo;exelente profesor
NoAgresivo;Es una persona muy negativa, por lo que no genera interés en la asignatura a los estudiantes.
NoAgresivo;Profesora que se destaca por su buena voluntad y disposición al momento de responder dudas dentro o fuera del horario de clases. Además muy preocupada por que todos aprendamos.
NoAgresivo;buen profe
NoAgresivo;buen profesor pero le falta mas dinamismo en sus clases (son un poco aburridas y monotomas)
NoAgresivo;DEBERIa tener horario definido de consulta sobre
NoAgresivo;entretenidos los laboratorios
NoAgresivo;buena profesora
NoAgresivo;Al termino de la practica entrega las calificaciones sin retroalimentar la información
NoAgresivo;Clases muy completas, coherentes y creadoras de opinión crítica
NoAgresivo;buen docente
NoAgresivo;Ser mas claro y organizado en la clase
NoAgresivo;gran ayuda para nuestra formación docente.
NoAgresivo;ninguna
NoAgresivo;Buen profesor con buena disposición en todo aspecto
NoAgresivo;Buen docente
NoAgresivo;Excelente docente, buen guia.
NoAgresivo;Excelente profesora, su método de enseñanza y su orden a la hora de dictar la materia es muy bueno.
NoAgresivo;Ninguna
NoAgresivo;Suele no tener mucho tiempo para atención alumnos
NoAgresivo;docente muy aplicada, me siento conforme con su labor ejercido
NoAgresivo;Buenas clases
NoAgresivo;Muy profesional
NoAgresivo;no hay sugerencia
NoAgresivo;En este taller de confidencialidad el profesor Félix  enseña muy bien y explica el objetivo al principio y final de cada clase, para que así los alumnos empiecen a practicar la confidencialidad que hay que tener en la carrera de psicología.
NoAgresivo;Buena profesional
NoAgresivo;el mejor profesor
NoAgresivo;no estuve en su sección
NoAgresivo;su metodología es buena no creo que se necesite cambios
NoAgresivo;Más ejercicios en clases
NoAgresivo;Excelente profesor desde mi perspectiva deberia seguir ocupando el metodo de cierre de circulo ya que en lo personal me ayudo bastante a cerrar una etapa
NoAgresivo;Continue con su metodologia de evaluacion
NoAgresivo;nada que decir
NoAgresivo;Gracias por su ciencia y dedicación. Cómo crítica constructiva: si quiere que aprendamos revit, quizás la clase podría ser distinta.
NoAgresivo;No he tenido clases con el
NoAgresivo;tiene una metodología de enseñanza muy buena y clara, simpatiza mucho con los estudiantes
NoAgresivo;entrega un buen material de apoyo
NoAgresivo;Ninguna
NoAgresivo;Que no nos dé tanta materia para un mismo certamen
NoAgresivo;Muy buen profesora
NoAgresivo;maneja muy bien los contenidos de la asignatura, responde claramente las dudas
NoAgresivo;un poco estricto pero explica bien la materia
NoAgresivo;Que las clases sean más dinámicas
NoAgresivo;Se agradece el interés de la profesora por el avance de cada uno de sus estudiantes.
NoAgresivo;Conoce bastante su especialidad y transmite de buena manera las enseñanzas
NoAgresivo;siga vivo
NoAgresivo;m
NoAgresivo;Excelente profesor, creaba un ambiente grato y tenia toda la disposición ante cualquier duda
NoAgresivo;Que fue primero, el huevo o la gallina?
NoAgresivo;no aplica
NoAgresivo;la manera de explicar y como desarrolla sus clases es adecuada
NoAgresivo;Quizá debería participar de las actividades junto con los alumnos.
NoAgresivo;Ninguna
NoAgresivo;Dar mas tiempo en los trabajos porque nos llena la semana de muchas cosas y no es la unica asignatura
NoAgresivo;Buenas clases
NoAgresivo;Muy buenas clases solo falta algo de practica
NoAgresivo;no tenia clases con este profesor
NoAgresivo;Centrar las clases más en explicar contenidos
NoAgresivo;Las clases en aula se desarrollan de forma clara, atingente y logran aclarar las dudas respecto de la exposición, de esta manera permite que el estudio y aprendizaje sea más productivo.
NoAgresivo;Buen buena la clase
NoAgresivo;Profesor con alto conocimiento de la asignatura y grato ambiente en sus clases, lo mejor son los laboratorios donde se exponen y enseñan los diferentes tipos de rocas y sus características.
NoAgresivo;Me gusta que realizara diferentes formas de evaluaciones
NoAgresivo;ser mas comprensible con los alumnos
NoAgresivo;bien
NoAgresivo;Buen profesor, motiva a los estudiantes y genera un ambiente de confianza. Sin embargo la entrega de calificaciones es tardía.
NoAgresivo;Ninguna
NoAgresivo;Nada que decir
NoAgresivo;Muy buen profesor
NoAgresivo;Buenas enseñanzas y un muy buen profesor
NoAgresivo;Entregar a tiempo las notas para poder revisar con tiempo los certámenes.
NoAgresivo;escuche opiniones sobre su ramo.
NoAgresivo;Un 7.0 el profe
NoAgresivo;Le falta desarrollar y profundizar las clases
NoAgresivo;asd
NoAgresivo;Excelente docente, muy empática y responsable con sus alumnos. Maneja muy bien los contenidos
NoAgresivo;Domina muy bien la asignatura, pero falta más motivación y además que sea puntual en las clases
NoAgresivo;Genera dinamica de aprendizaje e interés por la materia
NoAgresivo;Podría ser más amable
NoAgresivo;Ser más puntual con la entrega de calificaciones
NoAgresivo;Usar más material didactico
NoAgresivo;Buen profesor
NoAgresivo;O
NoAgresivo;jajaja
NoAgresivo;Hace falta un poco más de responsabilidad en lala llegada a clases
NoAgresivo;buen profesor, mejorar la comunicacion alumno profesor
NoAgresivo;Menos rigidez al momento de evaluar, si bien no deberíamos ser nuevos en el inglés pero algo menos de rigidez es bueno para los nuevos estudiantes.
NoAgresivo;Buen profe
NoAgresivo;Muy buen profesor, tiene mucha paciencia
NoAgresivo;Un excelente profesor, se da el tiempo para responder cada duda que tiene el alumno.
NoAgresivo;Súper buena profe
NoAgresivo;Sin comentarios
NoAgresivo;buen académico, solo falta hacer ejercicios que clarifiquen las ideas.
NoAgresivo;Exelente profesora
NoAgresivo;Debe mejorar
NoAgresivo;Excelente profesor, demuestra de muy buena manera su total manejo de los conocimientos que nos entrega y lo hace de la mejor manera.
NoAgresivo;criterio de evaluacion
NoAgresivo;Sin comentarios
NoAgresivo;Buen profesor, explica claramente
NoAgresivo;enseñar mas programacion de diseño
NoAgresivo;a
NoAgresivo;su método de enseñanza es muy efectivo
NoAgresivo;Qué los certámenes sean basados en lo que explica en clases, no de comprensión lectora.
NoAgresivo;Excelente profesor que proporciona un ambiente adecuado para ?el aprendizaje
NoAgresivo;buen profesor
NoAgresivo;no me gusto el ramo no lo entendi no aprendi nada
NoAgresivo;siga asi
NoAgresivo;organizar sus clases con anticipación y no en el momento
NoAgresivo;crea un buen ambiente en la sala y esta siempre dispuesto a ayudar
NoAgresivo;sin comentarios
NoAgresivo;buen profesor, falta un poco de claridad en sus explicaciones
NoAgresivo;ejemplo a seguir
NoAgresivo;muy comprometida con el aprendizaje del estudiante
NoAgresivo;Profesor con experiencia y gran dominio del tema
NoAgresivo;Ninguna.
NoAgresivo;muy buen profesor, nada que reprochar.
NoAgresivo;buen profesor
NoAgresivo;Falta puntualidad con la entrega de calificaciones.
NoAgresivo;Subir las notas a tiempo, no cuando finalice el semestre, hacer los certámenes de acuerdo a lo pasado en todas las clases anteriores y no basado en la última clase, donde enseña lo más difícil y el que entendio, entendió, el que no, jodio
NoAgresivo;me entretuve y aprendí mucho del ramo
NoAgresivo;buen profesor, muy preocupado por los estudiantes
NoAgresivo;muy buena profesora
NoAgresivo;Docente excelente, con grandes conocimientos y ademas vocacion por enseñar
NoAgresivo;excelente docente
NoAgresivo;Entusiasmar mas a los estudiantes, pues muchas veces se vuelven aburridas las clases.
NoAgresivo;Excelente profesora, dedicada en su labor de enseñar .
NoAgresivo;No tengo sugerencias
NoAgresivo;ninguno
NoAgresivo;buen profesor
NoAgresivo;mas responsabilidad totalmente
NoAgresivo;Sin Comentarios
NoAgresivo;Buen profesor
NoAgresivo;Muy buena profesora
NoAgresivo;Explica muy bien los contenidos, lo único que me hacia sentir incomoda era que las clases las terminaba el ayudante a veces.
NoAgresivo;jij
NoAgresivo;Muy buen docente
NoAgresivo;Podria ser mas empatico con sus alumnos y entregar las notas en su respectivo plazo.
NoAgresivo;es buena ondi usted
NoAgresivo;No hay comentarios
NoAgresivo;ewe2
NoAgresivo;es una clase activa y didactica
NoAgresivo;Deberia cambiar su forma de evaluar
NoAgresivo;Profesor didáctico , con grandes conocimientos , sabe transmitirlos , y empático con sus alumnos ,  ami no me gusta economía , pero su manera de enseñar hace mas digerible el aprendizaje.
NoAgresivo;sin sugerencias
NoAgresivo;Muy buen profesor!! aprendí mucho sobre uso de herramientas en el computador ademas de word, excel, ppt entre otras cosas muy amable y con mucha paciencia responde todas las dudas
NoAgresivo;Buena profe
NoAgresivo;Otros
NoAgresivo;No fue mi profesor
NoAgresivo;Buen profesor
NoAgresivo;Gran tutora
NoAgresivo;Buenas clases
NoAgresivo;El mejor profe del mundo
NoAgresivo;Buenas clases, ningñun problema
NoAgresivo;Mas actividades en sus clases, no enfocarsr solo en un tipo de material para explicar la materia sino que recurrir a otras opciones.
NoAgresivo;Muy buen profesor, nada que decir
NoAgresivo;naaaada
NoAgresivo;Si bien las clases, son en la mayoria de participación de los alumnos, y de cooaprendizaje entre los mismos, falta que la docente realice mas clases teoricas, ya que no todos los alumnos manejan el idioma ingles al mismo nivel.
NoAgresivo;Muy bien
NoAgresivo;las clases  son muy didácticas y participativas lo que promueven la confianza de grupo
NoAgresivo;sin comentario
NoAgresivo;buen profesor
NoAgresivo;es bueno
NoAgresivo;podria hacer sus clases mas entretenidas, utilizar mas evaluaciones distintas, ya sea trabajos, etc y no solo certamenes.
NoAgresivo;muy buena profesora
NoAgresivo;Buen profesor
NoAgresivo;Ninguna
NoAgresivo;Clases didáctica
NoAgresivo;Clases mas interactivas
NoAgresivo;El profesor es muy bacan, es seco para bailar. me encantaban sus clases.
NoAgresivo;Mejorar el tiempo de entrega de evaluaciones
NoAgresivo;Cercania con los estudiantes
NoAgresivo;mayor dedicación a la hora de entregar notas y revisar certámenes.
NoAgresivo;Ninguna
NoAgresivo;se agradece el gran manejo del taller
NoAgresivo;Buen manejo de su área
NoAgresivo;no aplica
NoAgresivo;buen profe
NoAgresivo;es el mejor profesor de la Castilla
NoAgresivo;tengo buenas recomendaciones, sin embargo, por temas personales no rendí el ramo.
NoAgresivo;Muy buena profesora
NoAgresivo;Sin sugerencias
NoAgresivo;Buena disposición
NoAgresivo;Excelente docente
NoAgresivo;a
NoAgresivo;le falta mas variedad a sus clases, que no sean tan monotonas
NoAgresivo;No hubo concenso en algunos temas con el otro profesor de ramo
NoAgresivo;excelente profesor.
NoAgresivo;buen manejo de la materia
NoAgresivo;Ojala siga manteniendo su buen trato y cercanía hacia los alumnos, ya que crea un ambiente muy amigable y da gusto asistir a sus clases, además de que desarrolla temas que son de gran interés de los estudiantes de diseño. Que sea Jefe de carrera otra vez!
NoAgresivo;Sin comentarios
NoAgresivo;Es nuevo asi que no tengo mucho que decir
NoAgresivo;Buen profesor, pero en las evaluaciones consideró contenidos no revisados.
NoAgresivo;Profesor muy responsable y hace las clases muy gratas
NoAgresivo;Clases poco didacticas
NoAgresivo;no hay sugerencias
NoAgresivo;Muy buen profesor, pero muy poco empático
NoAgresivo;Realizar la clase de forma mas lenta
NoAgresivo;buen profesor, falta más dinámica, es muy pasivo
NoAgresivo;buen profesor
NoAgresivo;Buena profesora, responsable muy profesional
NoAgresivo;bastante didácticas las clases, se nota que maneja muy bien los temas a tratar.
NoAgresivo;sugiero que los contenidos se relacionen con nuestra carrera.
NoAgresivo;agradable profesor, simpático con los estudiantes
NoAgresivo;ninguna
NoAgresivo;Evaluaciones con notas referenciales
NoAgresivo;muy buen profesor, sabe como enseñar.
NoAgresivo;puntualidad
NoAgresivo;mayor desarrollo de ejercicios propuestos
NoAgresivo;dar a respetar su postura como docente
NoAgresivo;Ninguna
NoAgresivo;no tengo sugerencias
NoAgresivo;no posee oficina
NoAgresivo;tiene buena disposición al responder dudas
NoAgresivo;El tiempo para aplicar las evaluaciones era poco, en relación con el requerido para el desarrollo de este
NoAgresivo;El profesor desde un principio de la asignatura intentó que el curso fuera lo más ameno posible, intengrando tanto teoría como ejercicios prácticos que hicieron de la asignatura una instancia agradable.
NoAgresivo;habla como metralleta pero los power apañan :like:
NoAgresivo;Debe hablar más fuerte porque muchas veces no se escucha lo que dice
NoAgresivo;Ayuda con todas las consultas o preguntas a los alumnos
NoAgresivo;Buen docente, pendiente de las clases y siempre dispuesto a explicar
NoAgresivo;Excelente desempeño
NoAgresivo;Genera un ambiente de confianza e interes por la asignatura.
NoAgresivo;Genera un ambiente grato y de confianza
NoAgresivo;aumentar las salidas a terreno en clases
NoAgresivo;ninguno
NoAgresivo;buen profe
NoAgresivo;buena profesora
NoAgresivo;Sus clases son muy importantes para futuros profesores, ya que nos demuestra y nos aconseja como va a ser en la vida escolar real y esto nos ayudará para en un futuro ser mejores profesionales.
NoAgresivo;no sugerencias
NoAgresivo;Muy buena profesora
NoAgresivo;L
NoAgresivo;Dedicado, atento.
NoAgresivo;Retroalimentación de certámenes
NoAgresivo;Excelente docente explica los contenidos de una forma práctica que ayuda al aprendizaje eficaz de la materia.
NoAgresivo;Buen dominio de la materia expuesta en clases, ademas de complementarse con fuentes pertinentes a la asignatura.
NoAgresivo;Aunque es una buena profesora, en los últimos días de clases hizo muy rápidamente todas las actividades junto a los trabajos perjudicándonos a algunos con las notas al adelantarse muy rápidamente sin explicar bien el último trabajo.
NoAgresivo;innovador, empatico
NoAgresivo;es un profesor que ama lo que enseña
NoAgresivo;Mejorar la puntualidad
NoAgresivo;Que si tiene algún inconveniente con algún personal de la UBB que lo conversen afuera del aula
NoAgresivo;Muchas gracias
NoAgresivo;Excelente profesora
NoAgresivo;Muy ben profesor, siempre da oportunidades cuando se tiene algùn problema
NoAgresivo;excelente profesor y mejor persona.
NoAgresivo;Me gustaría un poco más de disposición y simpatía a la hora de hablar o atender al estudiante.
NoAgresivo;bhjvjgvhgv
NoAgresivo;Muy buen profesor siempre apoyando y dando los tips para estudiar
NoAgresivo;exelente profesor,un gran motivador
NoAgresivo;Ninguno
NoAgresivo;sin comentario
NoAgresivo;Muy buena profesora, explica la materia como corresponde en el tiempo correspondiente.
NoAgresivo;Debería probar con otros métodos de enseñanza
NoAgresivo;Es una clase muy practica en la que se logra comprender muy bien los contenidos
NoAgresivo;las clases deberían realizarse temprano para prestar mas atención a la asignatura
NoAgresivo;Buena profe
NoAgresivo;una profesora impecable
NoAgresivo;ninguna
NoAgresivo;no se
NoAgresivo;NADA QUE DECIR, EXCELENTE PROFESIONAL.
NoAgresivo;excelente profesora, nada que decir.
NoAgresivo;sin comentarios
NoAgresivo;Buen dominó y manejo de las clases
NoAgresivo;la realización de sus certámenes contienen mucha información de memoria los cuales prefiero que sean mas de aplicación en casos clínicos.
NoAgresivo;Profesor dedicado a la materia que enseña
NoAgresivo;Buen profesional
NoAgresivo;Profesor que crea un ambiente de confianza y libertad entre alumnos.
NoAgresivo;Docente con buena disposición, organizada para la realización de clases. Se sugiere horarios establecidos para la corrección de certámenes en esta asignatura.
NoAgresivo;sin comentarios
NoAgresivo;excelente profesora con gran disposición
NoAgresivo;clases muy entretenidas y completas
NoAgresivo;Muy buenas sus clases
NoAgresivo;Profesor con muy buen manejo de contenidos.
Agresivo;mas plazo para proyecto
NoAgresivo;esta asignatura presenta muchos problemas a nivel de contenidos y organizacion de parte de  profesora Elsa Martinez
NoAgresivo;buen profesor
NoAgresivo;podria hacer que los estudiantes participen mas en el desarrollo de ejercicios
NoAgresivo;Podría ser más flexible para modificar fecha en los test que sólo valen un 2,5% cada uno
NoAgresivo;las clases eran bastante entretenidas, por tanto teníamos mas motivación para seguir asistiendo
NoAgresivo;Clases muy llamativas y agradables. Excelente manejo del contenido
NoAgresivo;al momento de hacer retroalimentación o comentarios , que sea mas empático
NoAgresivo;Que de mas plazo para la ejecución de los trabajos
NoAgresivo;solo presentar las calificaciones a tiempo
NoAgresivo;buena docente, establece buena comunicacion con los alumnos
NoAgresivo;buena
NoAgresivo;haga clases didacticas
NoAgresivo;buen profesor,
NoAgresivo;Optima docente que ayuda a enriquecer la entrega de conocimientos gracias a su experiencia
NoAgresivo;Docente que maneja el ramo.
NoAgresivo;no estoy segura si es mi profe de lab
NoAgresivo;El profesor siempre crea condiciones para generar el interés de todos los alumnos
NoAgresivo;Siempre dispuesto a ayudar
NoAgresivo;que explique mejor en clases, aveces no se le entiende nada de lo que él dice
NoAgresivo;ninguno
NoAgresivo;excelente profesora, se demuestra interes de parte de la profesora para que los alumnos aprendan
NoAgresivo;buen profesor
NoAgresivo;buena clase
NoAgresivo;Es un docente destacado por sus muchos conocimientos en su asignatura, pero le falta la parte didáctica en sus clases.
NoAgresivo;Demuestra mucho dominio de la tematica pero algo monotono lo que produce un poco de desinteres a la larga
NoAgresivo;Ninguna
NoAgresivo;buen profesor pero en los laboratorios pierde mucho tiempo conversando en vez de realizar bien las actividades
NoAgresivo;excelente profesora.
NoAgresivo;demuestra suu conocimiento y sus años de experiencia en clases
NoAgresivo;una de las mejores docentes con un criterio claro y explicación simples a contenido complejo.
NoAgresivo;Profesor enérgico y con muy buena disposición
NoAgresivo;Buen profesor
NoAgresivo;Excelente profesor
NoAgresivo;ninguna
NoAgresivo;Excelente profesor. Solo falta dedicar mas tiempo a la revisión de certámenes que para mi es muy importante.
NoAgresivo;Opino que la clase debería ser más didáctica ya que en algunas ocaciones llega a ser aburrida
NoAgresivo;Buena profesora, muy irresponsable.
NoAgresivo;- Realizar ejercicios en clase más complejos, ya que algunos son demasiados simples.- Entregar la pauta de las tareas u otra actividad realizada.
NoAgresivo;muy buen profesor
NoAgresivo;Buena profesora
NoAgresivo;sin comentarios
NoAgresivo;Sin comentarios
NoAgresivo;explica detalladamente lo que se realizará en el laboratorio para lograr un entendimiento y desarrollo completo
NoAgresivo;Debe ser mas asertiva
NoAgresivo;Explica bien
NoAgresivo;ninguna
NoAgresivo;Excelente docente
NoAgresivo;mantiene en clases un ambiente de respeto dando lugar a dudas y conversacion sobre los temas de clase. lo que me parece ayuda al aprendzaje
NoAgresivo;buen profesor
NoAgresivo;Que las clases sean didacticas
NoAgresivo;Buen profesor, falta un poco de responsabilidad para subir a la fecha las notas
NoAgresivo;no aplica. No tuve clases con este docente
NoAgresivo;Ninguna
NoAgresivo;es muy enojon XD
NoAgresivo;falta de puntualidad en horarios de clases
NoAgresivo;Muy creativa y amplio abanico de ideas en gastronomia
NoAgresivo;buen profesor y sus formas de enseñar la materia son muy buenas y constructivas
NoAgresivo;Profesor con buena disposicion para enseñar y con mucha preocupacion
NoAgresivo;Profesora muy clara al momento de explicar una idea o concepto.
NoAgresivo;Presenta buen dominio de la asignatura pero tarda demasiado en publicar las calificaciones, impidiendo la retroalimentación adecuada
NoAgresivo;BUEN PROFESOR
NoAgresivo;Excelente Profesora
NoAgresivo;excelente profesora
NoAgresivo;Puntual, organizado y coherente con los contenidos
NoAgresivo;sus clases son didácticas
NoAgresivo;Buena Docente
NoAgresivo;sólo me hizo laboratorios y me gustaron casi todos excepto curaciones que creo que falto profundizar muchísimo
NoAgresivo;muy buen profesor al momento de enseñar
NoAgresivo;explica de forma clara y precisa los temas en trabajo
NoAgresivo;Es una gran profesora
NoAgresivo;ninguna sugerencia
NoAgresivo;Como dije anteriormente, últimamente tuvo problemas con la puntualidad, pero en sí, es buena profesora.
NoAgresivo;Excelente profesora con buena disposición
NoAgresivo;Muy dedicada a la preparacion de las clases, muy comprometida con los alumnos
Agresivo;aprender el contenido y las unidades del ramo
NoAgresivo;excelente profesora
NoAgresivo;Excelente docente siempre dispuesta a ayudar y resolver dudas.
NoAgresivo;clases más didacticas
NoAgresivo;se destaca la buena disposición que tiene para atender a las distintas problemáticas  que se presentan dentro de la asignatura, dando con ello soluciones oportunas.
NoAgresivo;No tengo clases con ella
NoAgresivo;Falta mas teoria
NoAgresivo;Buena docente
NoAgresivo;Clases más dinámicas
NoAgresivo;Ninguna sugerencia
NoAgresivo;----
NoAgresivo;Buen dominio y conocimiento en la asignatura
NoAgresivo;Falga pra tica oara enseñar
Agresivo;pararse y leer los ppt en absolutamente todas las clases no considero que sea un buen manejo de sus temas a tratar en cada clase.
NoAgresivo;Que pase mas tiempo en las clases
NoAgresivo;Profesor buena onda, de preocupa por el aprendizaje
NoAgresivo;Buen profesor solo falta mejor explicación de las actividades
NoAgresivo;realizar clases con mayor motivacion y dinamismo
NoAgresivo;son motivantes
NoAgresivo;Clases aburridas y monótonas.
NoAgresivo;seca
NoAgresivo;Excelente docente explica muy bien y se preocupa de que cada uno aprenda
NoAgresivo;exelente
NoAgresivo;Excelente profesor, siempre atiende con buena disposicion, sus clases son didacticas por lo tanto capta mi atencion
NoAgresivo;Ninguna
NoAgresivo;Bien
NoAgresivo;Buenas clases
NoAgresivo;Prfesor carismatico
NoAgresivo;todo ok
NoAgresivo;debe mejorar las habilidades sociales
NoAgresivo;En proceso de docente
NoAgresivo;Profesor con muy buena disposición para enseñar y responder consultas
NoAgresivo;excelente profesional
NoAgresivo;Profesor con gran experiencia en el ámbito clínico, con métodos de enseñanza que permiten aprender de un manera adecuada cada contenido propuesto.
NoAgresivo;Muy buena profesora, sus clases son agradables y favorece mucho el aprendizaje
NoAgresivo;buen docente
Agresivo;El profesor debería explicar como realizar cada actividad al inicio de la clase y además tener en cuenta  que no todos podemos enviar los trabajos  a la hora ya que algunos no tienen Internet o computador y aveces el tiempo no alcanza en la U.
NoAgresivo;Muy buen Profesor el cual su metodología de enseñanza es muy buena.
NoAgresivo;Valoro mucho la preocupación de la profesora para formar buenas educadoras de párvulos.
NoAgresivo;Se explica muy bien en clases.
NoAgresivo;buen profesor
NoAgresivo;Buena profesora nos hizo salir y trabajar con gente externa a la universidad, eso se agradece y motiva cada vez más
NoAgresivo;Excelente profesor
NoAgresivo;Motiva a los alumnos en su futuro laboral
NoAgresivo;Enseña claramente, las lecturas y lo enseñado en clases es muy consecuente.
NoAgresivo;Todo bien
NoAgresivo;Sin comentarios
NoAgresivo;Buena metodología y disposición
NoAgresivo;falta un poco más de compromiso con las asistencias a clases
NoAgresivo;no tengo
NoAgresivo;un gran profesor, impecable desempeño.
NoAgresivo;Nada que sumar.
NoAgresivo;Me encantaban sus clases, me hacían pensar mucho en la forma en que se dan las cosas en las empresas, y la deficiencia que tenemos como país, y como podemos cambiarlo, así que no cambie su forma de enseñar, aprendí muchísimo
NoAgresivo;sin comentario
NoAgresivo;Falta motivar más a los alumnos por aprender la asignatura.
NoAgresivo;Excelente desempeño
NoAgresivo;Responsable
NoAgresivo;Se deberia tener mas clases con el profe pablo, su metodologia de trabajo es interesante y es grato aprender con el, las clases no se hacen tediosas.
NoAgresivo;muy buena profesora
NoAgresivo;No tengo comentarios
NoAgresivo;Buena profesora
NoAgresivo;clases mas dinamicas, para mantener la concentracion de los alunmos, mas claro y mejorar las diapositivas
NoAgresivo;EXCELENTE profesora, la mejor de este primer semestre, un ejemplo de docente... muy preocupada por los estudiantes y muy comprometida con la asignatura
NoAgresivo;Excelente profesora y con mucha disponibilidad
NoAgresivo;hola
NoAgresivo;No hay sugerencias
NoAgresivo;nada que sugerir
NoAgresivo;Hacer clases mas didácticas y ludicas
NoAgresivo;Excelente profesora, demuestra dominio de todo tema tratado en clases.
NoAgresivo;por favor entregar las notas dentro de los plazos establecidos
NoAgresivo;Ninguna
NoAgresivo;clases muy didácticas lo que ayudó a un mejor rendimiento
NoAgresivo;Perfecto
NoAgresivo;Poco tiempo de clases con ella, no existe opinion formada.
NoAgresivo;Buen profesor
NoAgresivo;.....
NoAgresivo;ninguno
NoAgresivo;muy buena proefesora
NoAgresivo;Me gusta su manera de aprendizaje
NoAgresivo;s
NoAgresivo;Buen profesor
NoAgresivo;Es un excelente Profesional, muy humano y comprometido con la salud de los pacientes.  Sólo siento que le falta pedagogía (falta simplificar lo expuesto, y organizar mejor la forma en que entrega la información)
NoAgresivo;excelente profesor
NoAgresivo;profesor comprometido con su trabajo
NoAgresivo;entregar una mejor retroalimentaciòn de los contenidos entregados en clases.
NoAgresivo;Es una asignatura esencial para lamformación del estudiante
NoAgresivo;ninguna.
NoAgresivo;No tengo sugerencias ni comentarios
NoAgresivo;muy buen profesor, excelente dominio del tema y de sus conocimientos
NoAgresivo;Un poco desordenado, pero excelente profesional.
NoAgresivo;Es un muy buen profesor y didáctico a la hora de enseñar, además crea un clima de confianza y respeto en la sala de clases.
NoAgresivo;no tengo comentarios que hacer
Agresivo;Respetar la opinión de los demás.
NoAgresivo;Buena profesora
NoAgresivo;Profesora con buen carisma dentro del aula. Entrega contenidos de la asignatura de forma clara pero aún así en mi caso hubo dificultad de comprensión
NoAgresivo;Buena docente
NoAgresivo;Muy intuitivo.
NoAgresivo;Buena docente clara al entregar los  contenidos
NoAgresivo;tiene buena disposición frente a cualquier problemática
NoAgresivo;le falta ser mas respetuoso
NoAgresivo;Organizar mejor el tiempo
NoAgresivo;no tuve clases con este profesor
NoAgresivo;tela la estela
NoAgresivo;Buen profesor, buen manejo de contenidos, en ocasiones poca claridad en la entrega, pero se entiende que es por la dificultad de la asignatura.
NoAgresivo;podria ser mas imparcial en sus enseñanzas
NoAgresivo;Clases fomes
NoAgresivo;ramo botado
NoAgresivo;buena profesora
NoAgresivo;Profesor, intente controlar su sentido del humor o ironía cuando corrija proyectos, recuerde que hay personas mas sensibles que otras y se toman muy enserio su trabajo, sobre todo lo que usted les comenta sobre el. Muy buenas sus clases en el auditorio!
NoAgresivo;Buen profesor
NoAgresivo;1
Agresivo;Tratar de avisar cuando llegara demasiado tarde a la clase
NoAgresivo;dispuesto a ayudar, atento
NoAgresivo;su ramo es muy util y explica de buena manera, tiene buena disposición
NoAgresivo;es buena tela el weñe!
NoAgresivo;es buena profesora adapta a la enfermería a la actualidad
NoAgresivo;Buen profesor
NoAgresivo;buen profesor
NoAgresivo;ninguna
NoAgresivo;ninguno
NoAgresivo;La docente tiene buena disponibilidad para resolver dudas
NoAgresivo;siga asi
NoAgresivo;Profesora
NoAgresivo;Buena organización ddel ramo
NoAgresivo;Ninguna
Agresivo;green energy is bullshit
NoAgresivo;Muy buen profesor
NoAgresivo;nada que comentar
NoAgresivo;Exclente docente. Preocupada de motivarnos como estudiantes y promueve a una mentalidad critica y objetiva.
NoAgresivo;Ord nada mejor los tiempos, pues se hacen Muchas actividades
NoAgresivo;excelente
NoAgresivo;Cada vez que uno requiere resolver una duda y recurre a su oficina, no está o simplemente no quiere atender, siendo este su horario de atención a estudiantes .
NoAgresivo;Organizar mejor los tiempos de la asignatura en general
NoAgresivo;Buen profesor buen disposición
NoAgresivo;redunda en detalles, cuando lo importante son otros aspectos.
NoAgresivo;Puntualidad
NoAgresivo;es buen profe hace artos ejemplos lo unico que demora mucho en entregar las notas de las evaluaciones
NoAgresivo;su versión de profesor malvado es divertida
NoAgresivo;EXPLICA BIEN, TIENE PACIENCIA Y BUENA DISPOSICION
NoAgresivo;mas dinamico
NoAgresivo;mejorar tono de voz
NoAgresivo;ninguna
NoAgresivo;Mas ejercicios en clases
NoAgresivo;Buena profe
NoAgresivo;ninguna sugerencia
NoAgresivo;Bien
NoAgresivo;Creo que falta un poco de organización en sus clases. A veces, se va por las ramas, olvidando la importancia de las ideas y contenidos principales de su asignatura. Además, no se sabe si está hablando o dictando y cambia de tema a cada rato en sus clases.
NoAgresivo;exelente profesor
NoAgresivo;Mejorar la manera en que expone los contenidos correspondientes a la asignatura ya que en muchas ocasionas las clases se hacían aburridas y monotonas.
NoAgresivo;Demasiada demora en la entrega de notas, sobretodo las últimas que son las más importantes.
NoAgresivo;No es mi caso, pero algunos compañeros dicen que se sienten desdeñados o insultados de forma pasivo-agresiva durante su clase.
NoAgresivo;Excelente academico
NoAgresivo;Entrega la información de forma muy clara y precisa, además de buena disposición para consultas fuera del horario de clases
NoAgresivo;Realiza bien las clases
NoAgresivo;0
NoAgresivo;más entendimiento
NoAgresivo;me hizo como 4 o 5 clases
NoAgresivo;Contenidos bien explicados
NoAgresivo;:(
NoAgresivo;Excelente profesor con gran conocimiento en la materia.
NoAgresivo;Me gustaron sus clases
NoAgresivo;buen profesor
NoAgresivo;Me gusta como realiza sus clases
NoAgresivo;excelente docente, gran manejo del tema
NoAgresivo;bien profe siga así.
NoAgresivo;Las clases centradas netamente en lo expositivo tienden a ser menos efectivas, agregar dinamismo y motivación a la participación activa de los estudiantes es algo que personalmente suele motivarme
NoAgresivo;Se le pidió pauta de evaluación de un certamen y respondió con fotos de una hoja que decía ejercicio realizado en clases, siendo que no fue el mismo ejercicio, solo parecido
NoAgresivo;falta que realice ejemplos o casos mas complejos ya que siempre realiza casos basicos. el ramo es demasiado idealizado y falta aterrizarlo a la realidad, aplicando normas (nch). la planificacion del curso debe integrar la realizacion de casos reales
NoAgresivo;Falta dominio de tema
NoAgresivo;No era de su sección
NoAgresivo;Buen docente, comprometido con que sus estudiantes comprendan la materia
NoAgresivo;Buena forma de hacer el ramo ya que se evaluaba la compresion de la materia y no la memorizacion de ella.
NoAgresivo;buen profe
NoAgresivo;Buen Jefe de carrera
NoAgresivo;La asignatura me pareció muy interesante e importante, ya que nos prepara para estar preparados cuando nos toque interactuar con niños con capacidades diferentes.
NoAgresivo;Se sugiere la visita al centro de practica y contacto regular con supervisora en terreno
NoAgresivo;no me hizo clases
NoAgresivo;No hay comentarios
NoAgresivo;sin sugerencias
NoAgresivo;buena miss
NoAgresivo;Estoy molesta por que en la cuesta de presenta la profesora corvalan siendo que en clases estaba el profesor Rodolfo que siempre evaluó nuestros trabajos, mi queja es por que evaluaba el profesorado Rodolfo si la clase lo hacia la profesora corvalan .
NoAgresivo;preguntas de test de entrada no tan especificas
NoAgresivo;Tiene bien sentido del humor como para ser profesor de física.
NoAgresivo;Explica bien el contenido
NoAgresivo;no tengo sugerencias, ni comentarios
NoAgresivo;buena profesora
NoAgresivo;A veces iba muy rápido cuando explicaba la materia, igualmente muy buen profesor.
NoAgresivo;excelente profesor
NoAgresivo;enseñanza adecuada y fácil de comprender, faltan mas horas para desarrollar bien los prácticos
NoAgresivo;no me hiso clases me tocaba con pamela chavarría la cual es muy buena profesora
NoAgresivo;Hacer más ejemplos
NoAgresivo;No hay sugerencias, las clases son excelentes.
NoAgresivo;una profesora muy exigente y comprometida con su asignatura
NoAgresivo;Buen docente
NoAgresivo;ñmhk
NoAgresivo;defgh
NoAgresivo;limitarse a los objetivos de la clase, (definirlos)
NoAgresivo;Excelente disponibilidad con sus alumnos, escucha y comprende las diversas situaciones que se le planteen.
NoAgresivo;enfatizar mas
NoAgresivo;Buena profesora, con buena disposición para aclarar dudas
NoAgresivo;Domina los contenidos. El aprendizaje no se logra hablando la hora (cada sagundo) completa de clases.
NoAgresivo;Utiliza diversos mecanismos para explicar
NoAgresivo;bien
NoAgresivo;no me hizo clases
NoAgresivo;Enseña de buena manera
NoAgresivo;Docente generalmente muy clara en sus explicaciones
NoAgresivo;sin comentarios
NoAgresivo;esperamos que haga ingles IV el próximo semestre, ya que por lo que dicen mis otros compañeros respecto a la otro profesora que dicta la asignatura, no aprendieron nada durante todo el semestre, solo se dedicaban a realizar las nubes de la plataforma
NoAgresivo;buenas clases, prácticas
NoAgresivo;La clase estaba interesante
NoAgresivo;Muy buen profesor de practica
NoAgresivo;No debería hacer los certámenes tan extensos
NoAgresivo;entrega buen clima en la realizacion de clase
NoAgresivo;hacer las clases mas rapidas
NoAgresivo;encuentro muy bueno su modo de enseñanza
NoAgresivo;Excelente profesor, demuestra que sabe el contenido.
NoAgresivo;Me parecen muy entretenidas sus clases,ya que es un ambiente agradable.
NoAgresivo;excelente
NoAgresivo;Profesor dinámico
NoAgresivo;Buenas clases profesor
NoAgresivo;No fui a su clase :(
NoAgresivo;dsaf
NoAgresivo;excelente docente, tiene dominio de la materia y la trasmite con amor
NoAgresivo;Excelente docente que genera un espacio para cada estudiante dando a conocer su conocimiento,.
NoAgresivo;grf lo mejor
NoAgresivo;buen profesor
NoAgresivo;Buena profesora, explica los contenidos de buena forma
NoAgresivo;es una persona muy preparada, comprometida
NoAgresivo;buena onda
NoAgresivo;Sin sugerencia
NoAgresivo;Buen manejo de contenidos, exelente disposicion para responder dudas en clases, no asi fuera del horario de ellas.
NoAgresivo;Tiene gran conocimiento de lo que enseña
NoAgresivo;Hshdhd
NoAgresivo;Buen profesor
NoAgresivo;le falta mas motivación
NoAgresivo;No profundizar tanto en la introducción de la asignatura, y comenzar de manera mas directa con esta pues es bastante.
NoAgresivo;Sin  comentarios
NoAgresivo;excelente profesora
NoAgresivo;todo bien
NoAgresivo;No es mi profesor supervisor
NoAgresivo;Falta que sus clases sean mas dinámicas
NoAgresivo;No puedo entregar ninguna
NoAgresivo;Calidad de docente, sus clases son un agrado de asistir porque se nota que le gusta lo que hace y enseña de la forma más clara hasta que todos los alumnos comprendan.
NoAgresivo;Buena profesora
NoAgresivo;Agregar juegos relacionados con la materia para hacer la clase más dinámica
NoAgresivo;me gustaban sus clases
NoAgresivo;más actitud frente a los alumnos.
NoAgresivo;El profesor no genera un lazo con los estudiantes en el sentido de preguntar consultas en clases dado que si el considera que la pegunta es tonta responde de mala forma y a veces insultando a los alumnos.
NoAgresivo;No refiere
NoAgresivo;profesora interesada en la asignatura, motivando a los alumnos
NoAgresivo;excelente profesor, pero se demora mucho en subir las notas.
NoAgresivo;no conozco a la docente
NoAgresivo;Nada que agregar
NoAgresivo;Debería ponerle un poco más de dificultad a los test
NoAgresivo;Excelente disposición con sus estudiantes.
NoAgresivo;muy claro al explicar una materia difícil de entender
NoAgresivo;Ninguna
NoAgresivo;bien
NoAgresivo;Establecer un programa para cada opción de evaluación dentro del curso
NoAgresivo;profesor con muy buena disposición en clases y en sus consultas
NoAgresivo;Mejor organizacion en las mesas redondas.
NoAgresivo;debe ser mas estricto
NoAgresivo;Le falta manejar más los contenidos y motivar a sus alumnos
NoAgresivo;excelente profesor
NoAgresivo;realizar actividades ligeramente más didácticas ayudaría a mantener la atención de la clase
NoAgresivo;muy buen profesor
NoAgresivo;muy puntual
NoAgresivo;excelentes clases
NoAgresivo;Encuentro interesante la forma de enseñanza del profesor
NoAgresivo;Creo que la realización de sus clases fueron muy efectiva, al igual que los prácticos.
NoAgresivo;la mejor profe de inglés de todas
NoAgresivo;simpatico
NoAgresivo;Buena onda
NoAgresivo;Ninguno
NoAgresivo;el profesor realiza la clase, pero no asegura el entendimiento de la materia al cien porciento
NoAgresivo;Hacer mas presencia con los estudiantes, pero aun asi al momento de solicitarlo tiene muy buena disposicion.
NoAgresivo;Nada.
NoAgresivo;buen profesor
NoAgresivo;Buen profesor, tiene toda la disposición para enseñar, se nota su grado de academico
NoAgresivo;ok
NoAgresivo;No se quien es
NoAgresivo;le falta actualización de contenidos y métodos de enseñanza
NoAgresivo;Excelente clase
NoAgresivo;Mas comunicación con los alumnos
NoAgresivo;bien
NoAgresivo;ninguno
NoAgresivo;Siempre dispuesto a ayudar y responder consultas.
NoAgresivo;Buen profesor
NoAgresivo;Se sugiere no pasar la materia de forma tan acelerada
NoAgresivo;Excelente Docente, comprometido con sus estudiantes y preocupado de las situaciones que suceden con ellos.
NoAgresivo;No curse este ramo porque hubo una equivocacion al tomarlo
NoAgresivo;buen profe
NoAgresivo;Excelente docente, siempre con la disposición de enseñar hasta fuera del horario de clases, muy comprometido con que sus alumnos aprendan todo y más.
NoAgresivo;no lo conosco
NoAgresivo;Mejores ppt
NoAgresivo;Podría revisar a tiempo los certámenes
NoAgresivo;Muy buen profesional
NoAgresivo;la primera metodologia que uso en el curso era la mejor
NoAgresivo;el profesor debiera hacer un mejor uso del pizarron (mas ordenado), mejorar su letra y apoyarse con diapositivas que resuman el contenido.
NoAgresivo;buen docente
NoAgresivo;No le interesa enseñar
NoAgresivo;Exponer de forma más clara las instrucciones  de los trabajos a realizar
NoAgresivo;excelente docente, excelente asignatura
NoAgresivo;excelente profesor
NoAgresivo;que no se enoje tan rapido
NoAgresivo;Sin sugerencias
NoAgresivo;The best
NoAgresivo;Atenta, cariñosa y exigente. Le amo<3
NoAgresivo;el profesor deberia ser mas dinamico, lamentablemente su forma de enseñar no logra captar la atencion de los estudiantes
NoAgresivo;Mas horas de práctica.
NoAgresivo;la forma de enseñar es buena, pero en la forma de evaluar debería mejorar.
NoAgresivo;jamas tuve clases con la profesora Cristina, que mala organización de sus paginas web por parte de la UBB, que triste
NoAgresivo;Muy buen profesor, enseña los contenidos de forma clara y precisa, entrega las notas en los plazos establecidos, lo que si, al subir las notas debería ser por intranet y no por correo, ya que siento que al subirlas al correo se vulnera la privacidad.
NoAgresivo;Buen profesor, aunque le hace falta ser mas creativo al momento de realizar sus clases para que los alumnos no se aburran y al momento de realizar las preguntas de dudas que sea mas amplio en sus respuestas no lo que el espera que entendamos
NoAgresivo;buena metodologia
NoAgresivo;Profesor con pensamiento crítico desarrollado, pero muy disperso.
NoAgresivo;Excelente docente.
NoAgresivo;Buena profesora
NoAgresivo;ningunoa
NoAgresivo;bueno
NoAgresivo;Buen profesor, materia explicada de forma correcta y fácil de entender.
NoAgresivo;no saque las cosas de la tablet  es aburrido
NoAgresivo;divertida espontanea y demuestra felicidad
NoAgresivo;Buena profesora
NoAgresivo;buena profesora, clara en sus explicaciones,puntual con entrega de notas
NoAgresivo;el mejor meteorólogo del mundo
NoAgresivo;buen profesor
NoAgresivo;muy buenas clases, pero no es muy abierto en el debate de temas tan subjetivos como la ética en las evaluaciones
NoAgresivo;Me gustaria que en clases se realizaran mas temaricas psicologicas como test de personalidad y esas cosas.
NoAgresivo;Excelente trabajo
NoAgresivo;seguir con la metodologia
NoAgresivo;buen profesor, debería explicar ejercicios el mismo nivel de dificultad que aparecen en el examen en clases
NoAgresivo;Muy didácticas las clases para entender mejor, pero debería entregar las notas en el plazo correspondiente
NoAgresivo;Demuestra alto dominio del tema, las clases son didacticas, explica muy bien la materia. Buena disposicion ante dudas y consultas, ya sea en su oficina como en clases. Bastante exigente a la hora de evaluar.
NoAgresivo;sus métodos no motivan
NoAgresivo;"Sabe bastante y por ello explica bien y detallada la materia; sin embargo, sus certámenes son imposibles, la cantidad de alumnos que logran obtener una nota azul en un certamen es muy baja y los que aprueban el ramo es gracias al laboratorio"
NoAgresivo;muy poco didactico, cerrado
NoAgresivo;contenidos necesarios dentro de la carrera
NoAgresivo;Dedicarse a realizar su clases y no distraerse con compañeros que no tienen intereses en ella
NoAgresivo;Todo bien
NoAgresivo;Buen profesor
NoAgresivo;Explica contenidos claramente, pero falta apoyo más didáctico para la concentración de los alumnos
NoAgresivo;Es una profesora muy desorganizada, no llega a la hora a las clases, no tiene una pauta de evaluación con el que nos podamos guiar del porque nos sacamos tal nota, no explica bien los trabajos que tenemos que realizas y se contradice con lo escrito en moo
NoAgresivo;Dispuesto a enseñar siempre, explicar nuevamente.
NoAgresivo;No tuve clases con el profesor
NoAgresivo;Excelente metodologia de enseñanza
NoAgresivo;excelente profesora
NoAgresivo;un muy buen profesor
NoAgresivo;Regular
NoAgresivo;Le falta saber enseñar
NoAgresivo;Debería asegurarse de que los contenidos sean aprendidos, no memorizados.
NoAgresivo;disminuir la cantidad de informes durante el semestre
NoAgresivo;excelente profesora.
NoAgresivo;no me hiso clases
NoAgresivo;Muy buen profesor
NoAgresivo;Buen profesor
NoAgresivo;Buen profesor
NoAgresivo;la profesora domina el tema pero su método de enseñar podría ser mas didáctico.
NoAgresivo;Mal dominio de la materia. No explica bien. Poca empatía con sus alumnos.
NoAgresivo;No hay sugerencias
NoAgresivo;El profesor debería entregar notas y evaluaciones a tiempo y a medida que avanza el semestre, al contrario de hacer esto, el profesor entrega solo dos notas a final de semestre, impidiéndonos llevar un seguimiento de estas.
NoAgresivo;ninguna
NoAgresivo;Como sugerencia podría decir que quizás debería trabajar en otra cosa y no como profesora, para ser profesora de calidad en una universidad tan prestigiosa, primero debe asistir a clases, mostrar algo de compromiso y pasión por su trabajo. Una verguenza
NoAgresivo;Ninguna sugerencia
NoAgresivo;las clases son entretenidas
NoAgresivo;muy buen docente y profesional
NoAgresivo;asista
NoAgresivo;debería ser más puntual
NoAgresivo;nad
NoAgresivo;Se maneja muy bien en su área
NoAgresivo;el mejor profe de calculo
NoAgresivo;Muy buen profesor
NoAgresivo;Excelente profesor
NoAgresivo;Hace demaciadas evaluaciones innesesarias, y sus certamenes son muy extensos
NoAgresivo;clases teoricas y practicas motivadoras
NoAgresivo;tiene mucho conocimiento, pero al enseñar se complica mucho.
NoAgresivo;excelente profesor
NoAgresivo;la importancia de que nosotros sus alumnos aprendamos o mejorar nuestras notas es nula, no le importa si nos va bien o mal, cero motivación, además siempre estuvo dependiendo del  profesor de la otra sección al momento de evaluar o tomar alguna decisión
NoAgresivo;Encuentro que se equivoca en el desarrollo de los ejercicios
NoAgresivo;Profesor que maneja lo que enseña
NoAgresivo;Que aprenda a explicar
NoAgresivo;buen profesor
NoAgresivo;a la altura
NoAgresivo;genera un buen ambiente para realizar las clases
NoAgresivo;dadssad
NoAgresivo;muy buena disposición y metodología de  enseñanza
NoAgresivo;Buen profesor,el horario que tenia no acomodaba a nosotros
NoAgresivo;Excelente profesor, sus clases son muy interesantes, logra captar la atención de los estudiantes.
NoAgresivo;Revisar mas su gmail
NoAgresivo;me gusta su forma de explicar, a demás sus certámenes concuerdan muy bien con los ejercicios realizados en clases.
NoAgresivo;un profesor jugado por los alumnos
NoAgresivo;Falta más responsabilidad como docente
NoAgresivo;No tengo ninguna sugerencia para dar, es una excelente profesora.
NoAgresivo;buena metodología de enseñanza
NoAgresivo;por mi parte no le podría llamar profesor.no sabe hacer clases.sus pautas de años anteriores estaban malas.no respeta el plazo de entrega de notas.
NoAgresivo;muy buena profesora , buena disposicion
NoAgresivo;buena profesora
NoAgresivo;Ninguno
Agresivo;señor desagradable que le gusta humillar a sus alumnos
NoAgresivo;buen profesor, pero debería cambiar  la actitud de no dar permiso para salir al baño a los alumnos.
NoAgresivo;bien
NoAgresivo;La cercanía o lo que proyecta hacia el alumno, suele hacer que este sienta rechazo tanto hacia la docente como la asignatura
NoAgresivo;falta mas horas teoricas en algunas asignaturas , por lo que los alumnos al momento de la practica quedan al debe
NoAgresivo;complementar la asignatura con uso de software
NoAgresivo;Excelente profesor, muy humano
NoAgresivo;dtfyiguon
NoAgresivo;0
NoAgresivo;jfvhkdf
NoAgresivo;Las clases son muy buenas y motivan al alumno a poner atencion
NoAgresivo;Sin comentarios ni sugerencias
NoAgresivo;un poco mas de material de apoyo
NoAgresivo;muy buen profesor.
NoAgresivo;Gran docente
NoAgresivo;bien
NoAgresivo;dar espacios de recreo (5-10 min) en la clase mas larga
NoAgresivo;Mejorar su comunicación
NoAgresivo;nunca lo conocí
NoAgresivo;excelente docente, apoya a estudiantes, comprende sus situaciones y avanza según sus capacidades
NoAgresivo;Entregar notas con mayor antelación
NoAgresivo;holy
NoAgresivo;es un gran profesor, que inspira al estudio de la asignatura
NoAgresivo;responder prontamente los correos de los alumnos, enviar las notas cuando se le pida y subir las notas a tiempo.
NoAgresivo;el profe es perfecto
NoAgresivo;En general sus clases son interesantes y buenas
NoAgresivo;A modo de sugerencia, debería tener una pauta o rúbrica con puntajes a la hora de evaluar cada una de las actividades.
NoAgresivo;En líneas generales, un buen profesor. conocimientos sólidos, explica de la manera más simple. además de entregar un material de buena calidad para preparar las evaluaciones.
NoAgresivo;nada que decir
NoAgresivo;Poco empático con los alumnos
NoAgresivo;seco
NoAgresivo;Excelente profesor que promueve un clima de aprendizaje agradable y grato.
NoAgresivo;Excelente profesora de historia, sus clases son muy interesantes
NoAgresivo;Buen método de enseñanza
NoAgresivo;muy bien
NoAgresivo;Tener horario de consultas
NoAgresivo;buena profesora
NoAgresivo;Nada que agregar, ya que fue una asignatura eventual por el censo
NoAgresivo;Se nota planificación de cada clase y mucha responsabilidad a la hora de entregar notas y trabajos. Un ejemplo de docente.
NoAgresivo;Conoce el tema
NoAgresivo;Debería facilitarnos las clases o subirlas a la plataforma
NoAgresivo;Buena disposición para atender alumnos.
NoAgresivo;Muy bien
NoAgresivo;que realice en pizarra mas ejercicios con los cuales se pueda ver como proceder en cada ejercicio.
NoAgresivo;buena profesora
NoAgresivo;quizas un poco mas de compromiso
NoAgresivo;Hablar más lento
NoAgresivo;Profesor destacado y comprometido con el aprendizaje de sus alumnos, nada que decir
NoAgresivo;No me hace clases
NoAgresivo;Los jitts no sirven
NoAgresivo;tener otra metodología de enseñanza
NoAgresivo;Algunas cosas en esta asignatura las encontré sin mucha importancia y no llamaron el interés mio ni el de algunos de mis compañeros, se sugiere hacer un cambio en este curso y que sea más enfocado a herramientas como excel entre otras que actualmente se n
NoAgresivo;Excelente profesor, mucho manejo en el ramo
NoAgresivo;Es seca profe, siga así, cada  clase lograba que me enamorara aun mas de la psicología
NoAgresivo;profesor técnico y conciso
NoAgresivo;Falta interacción en sus clases
NoAgresivo;Muy grata experiencia haber realizado una feria de la salud (aún tengo muy claro lo que me correspondió exponer ese día)
NoAgresivo;Buena profesora, lo único fue que hubo una mala organización con su par que trabajaba con la otra sección para llevar a cabo las actividades iniciales de la asignatura.
NoAgresivo;Todo buen
NoAgresivo;Buen docente
NoAgresivo;buen ambiente dentro de la clase, es agradable asistir a ellas.
NoAgresivo;buena asignatura
NoAgresivo;evaluaciones correspondiente con el tiempo acordado, ya que son muy extensos y dudo que hasta el mismo profesor los termine.
NoAgresivo;Muy buen profesor
NoAgresivo;profesora con un amplio dominio de la asignatura Economia , explicando claramente cada detalle
NoAgresivo;Excelente profesor
NoAgresivo;Buen docente
NoAgresivo;las clases fueron muy pocas como para dar una opinión concreta sobre como enseña el docente
NoAgresivo;N sugerencia
NoAgresivo;es excelente en lo que se refiere a su asignatura
NoAgresivo;Excelente docente. utiliza múltiples recursos para que el contenido sea aprendido en totalidad, no solo refuerza lo académico sino los valores como futuros profesionales, alto dominio de los contenidos, entrega recursos que facilitan el estudio.
NoAgresivo;Buen profesional.
NoAgresivo;Muy buena profesora, y lo que enseña se entiende con mucha claridad
NoAgresivo;Didáctico al enseñar
NoAgresivo;gran profesora dispuesta a ayudar, enseñar mucho mas allá que otros docentes
NoAgresivo;La profesora utiliza una buena metodología de enseñanza, sus clases son muy didácticas.
NoAgresivo;No inicia las clases a la hora puntual y es exigente con la puntualidad de los alumnos, esto no genera interés por la clase a pesar de que es una asignatura con contenidos interesantes
NoAgresivo;Me gusto la forma de explicación de la materia
NoAgresivo;buen profe
NoAgresivo;solo falta un poco mas de caracter
NoAgresivo;un poco serio.
NoAgresivo;Ninguna
NoAgresivo;Excelente profesor
NoAgresivo;Sería interesante presentar aplicaciones de los contenidos teóricos a los espacios terapeuticos reales. Algo como exponer relatos de experiencias en donde determinados conocimientos fueron fundamentales.
NoAgresivo;Buen profesor, sugiero mas coordinación con la profesora jefe de la asignatura.
NoAgresivo;Buena profesora pero necesitamos guías para reforzar lo visto en clases
NoAgresivo;no tengo sugerencias
NoAgresivo;Muy buena profesora, con buena disposición.
NoAgresivo;La asignatura es esencial para lamformación del estudiante
NoAgresivo;Más volumen en la voz
NoAgresivo;Sin sugerencias
NoAgresivo;muy agradable para debatir
NoAgresivo;Muy estricto a la hora de corregir los informes.
NoAgresivo;buen docente, pero un poco llevado a sus ideas
NoAgresivo;Es muy cercano con sus alumnos y muy buen profesor.
NoAgresivo;Excelente profesora.
NoAgresivo;no hay comentarios
NoAgresivo;muy buen profesor
NoAgresivo;no curse la asignatura con el profesor
NoAgresivo;Evaluaciones rebuscadas y desmedidas comparado con el contenido visto en clases.
NoAgresivo;Se demora mucho en subir las notas.
NoAgresivo;Mas dinamica en clases, para que estas no sean tan lineales
NoAgresivo;excelente profesor
NoAgresivo;Debe mejorar temperamento. Debería habilitar mas problemas resueltos con la dificultad con que él evalua para prepararse de mejor manera (via Adecca)
NoAgresivo;muy buena profesora
NoAgresivo;Elegir una sala mas amplia para las clases
NoAgresivo;the best
NoAgresivo;Profesor muy metódico
NoAgresivo;Debería entregar guías de ejercicios
NoAgresivo;Buena profesora, sus clases son agradables.
NoAgresivo;un excelente profesor, maneja a la perfección los contenidos del ramo que imparte.
Agresivo;que se preocupe de ser un buen docente y sea menos arrogante
NoAgresivo;Buen profesor, explica bien los contenidos, y se asegura de que los alumnos entiendan
NoAgresivo;sin sugerencias
NoAgresivo;Sugerencia: El horario de la asignatura no sea el mismo día que Taller.
NoAgresivo;Agradecer su paciencia, cuando no se entendía algún contenido y por su pronta respuesta
NoAgresivo;maneja muy bien el idioma y sabe enseñar a los alumnos
NoAgresivo;metodo de enseñanza no es muy efectivo
NoAgresivo;excelente profesional
NoAgresivo;MUY BIEN HECHA LA CLASE
NoAgresivo;No era mi profesora
NoAgresivo;No tengo sugerencias
NoAgresivo;xd
NoAgresivo;Exclenete profesora, hace falta una geografa con aquellas caracteristicas en nuestra universidad y en nuestra carrera, genera empatia, simpatia y un ambiente grato a diferencia de distintos profesores del area geografica.
NoAgresivo;sin comentarios
NoAgresivo;Nada que sugerir, las clases son completas y bien explicadas.
NoAgresivo;como sugerencia debería establecer y promover horarios para consultas
NoAgresivo;Buen profesor, genera confianza en el grupo.
Agresivo;Debería entregar mas rapido las notas de los cértamenes, y realizar de mejor manera la corrección de éstos
Agresivo;Realiza rutinas de ejercicios un poco exigentes o inadecuadas para el nivel de los estudiantes.
NoAgresivo;Muy dedicado a su trabajo.
Agresivo;ser mas didactico
NoAgresivo;Mas tiempo para los certámenes.
NoAgresivo;excelente profesora trata todos los puntos a evaluar paso a paso
NoAgresivo;buen profesor. conocedor del tema
NoAgresivo;¡Siga así!
NoAgresivo;Asignatura bien desarrollada
NoAgresivo;buen profesor
NoAgresivo;excelente dominio de contenidos
NoAgresivo;mas estrategias didacticas
NoAgresivo;En general siempre tuvo la disposición para responder dudas
NoAgresivo;buen profesor
NoAgresivo;Muy buena maestra, se toma el tiempo para explicar de muy buena manera.
NoAgresivo;Profesor amable con sus alumnos, lo que agradaba asistir a sus clases
NoAgresivo;Buen profesor
NoAgresivo;Excelente taller, ayuda mucho, excelente metodologia de clases
Agresivo;su método de evaluación es malisimo, no tiene nada que ver respecto a guías propuestas o ejercicio en clase, el nivel de exigencia y de contenido de las evaluaciones supera con crece lo visto en clase.
Agresivo;Mucha utilización de guías , mucha perdida de clases
Agresivo;Escasa retroalimentación después fe una evaluación.
NoAgresivo;Excelente, todo claro <3
Agresivo;El profesor puchi debería pasar TODA la materia antes del certamen
NoAgresivo;buena profe
NoAgresivo;Mostrar mayor autoridad en la sala de clases
NoAgresivo;el profesor no es consistente en sus respuestas sobre contenidos estudiados, dando distintas respuestas a los estudiantes para una misma pregunta. en las evaluaciones considera una definicion erronea aunque esta este definida en el libro, entre otros.
NoAgresivo;Buena profesora
NoAgresivo;Buena profesora y da la confianza para consultar las dudas.
NoAgresivo;Realizar más inglés gramatical para tener un mejor manejo de vocabulario
NoAgresivo;pedir un poco de asistencia a sus alumnos ya que creo que esa es la causa de las tan bajas notas en todos los ramos
NoAgresivo;bueno
NoAgresivo;Realiza bien sus clases
NoAgresivo;no tuve clases con ella
NoAgresivo;Buen profesor
NoAgresivo;excelente profesora
NoAgresivo;Ninguna sugerencia
NoAgresivo;Enseña bien
NoAgresivo;buen profesor
NoAgresivo;Explica bien la materia
NoAgresivo;Ninguna
NoAgresivo;Dominador de la materia nada que decir pero yo no le entiendo nada al igual que otros compañeros , como critica constructiva que los ejercicios lo haga paso a paso ya que algunos quedamos con duda cuando se saltaba pasos.
NoAgresivo;Ninguna sugerencia.
NoAgresivo;Bien
NoAgresivo;sus clases son muy productivas
NoAgresivo;Me parece muy pertinente para la asignatura la evaluación mediante el proyecto de investigación, incluso yo aumentaría el porcentaje del poryecto a un 35%
Agresivo;no maneja conocimientos
NoAgresivo;Buena docente
NoAgresivo;Me encanta
NoAgresivo;Buena profesora
NoAgresivo;un buen docente, aunque siento que a veces es un tanto llevado a sus ideas, lo que no me parece mal, pero si es un tanto subjetivo.
NoAgresivo;Muy clara al momento de enseñar.
NoAgresivo;sus clases son dinamicas, entretenidas y facil de comprender
NoAgresivo;profesor cumple objetivos
NoAgresivo;n
NoAgresivo;Una clase más didáctica y evaluaciones con un nivel parecido a los ejercicios que entrega y enseña
NoAgresivo;muy bien
Agresivo;más compromiso
NoAgresivo;Se agradece la confianza que emplea con sus alumnos
NoAgresivo;No aplica
NoAgresivo;Excelente docente
NoAgresivo;muy expresiva
Agresivo;suspende las clases sin aviso previo
NoAgresivo;deberia contar con mayor tiempo para los estudiantes
NoAgresivo;Muy buen profesor, explica claramente los objetivos y contenidos, no se me ocurre una sugerencia por el momento
NoAgresivo;muy buen profesor
NoAgresivo;Hace clases entretenidas y mantiene viva la atención del estudiantee.
NoAgresivo;jajaja
NoAgresivo;Excelente.
NoAgresivo;bien aunque falta mas explicacion del tema y que no quiten tan rapido la informacion
NoAgresivo;El profesor domina muy bien sus conocimientos, se le entiende la materia y es dinamico en sus clases
NoAgresivo;Muy buen curso.
NoAgresivo;es un buen profesor esta todo bien
Agresivo;Es demasiado parcial para las reglas que da en el laboratorio, pareciera ser que facilita las cosas para algunos compañeros, es muy evidente.
NoAgresivo;buen profesor
NoAgresivo;Muy buen docente, buena confianza con alumnos
NoAgresivo;Fue una clase nomás, nada que decir.
NoAgresivo;excelente profesora, comprensiva y con mucha energia y ayuda a sus alumnas
NoAgresivo;una buena profesora
NoAgresivo;Comenzar las clases en la hora indicada
NoAgresivo;Preparar y realizar las clases
NoAgresivo;siga así
NoAgresivo;Contestar las preguntas en clases
NoAgresivo;clases muy didácticas y entretenidas de ver
NoAgresivo;Buena profesora, siempre dispuesta a ayudarnos en todo lo posible para que termináramos este ramo.
NoAgresivo;hacer todas las clases frente a un computador para un mejor desempeño de los alumnos
NoAgresivo;La profesora maneja la clase correctamente
NoAgresivo;Buen profe
NoAgresivo;La profesora debería tener mejores ayudantes.
NoAgresivo;A.
NoAgresivo;ninguna
NoAgresivo;Excelente docente, muy buen profesor, conocimiento y dominio total del tema el cual enseña
Agresivo;Planificar un poco más las clases
NoAgresivo;mas participacion de los alumnos le falta incluirlos en las clases
NoAgresivo;muy buen profesor
NoAgresivo;muy comprometido
NoAgresivo;Profesor que esta siempre dispuesto a ayudar a los alumnos.
NoAgresivo;No tengo criticas, es una profesora muy objetiva en su trabajo.
NoAgresivo;Muy buen profesor, dedicado y responsable, con notas, evaluaciones, etc. Clases didácticas y da la opción de aclarar todas las dudas.
NoAgresivo;Profesor comprometido con su asignatura.
NoAgresivo;Enseño super bien la materia.
Agresivo;No lograba transmitir todos sus conocimientos, pero igual aprendí.
Agresivo;Clases mas didácticas
NoAgresivo;sus clases didácticas fueron las que me apoyaron para poder aprender aun mas.
NoAgresivo;al ser los certámenes muy extensos, el tiempo en el cual se revisaban fue mayor a lo establecido por reglamento
Agresivo;Na
NoAgresivo;Buena profesora y colaboradora para el aprendizaje para cada alumno.
NoAgresivo;muy enrredado
NoAgresivo;EXCELENTE DOCENTE
NoAgresivo;Tener mejor relación entre profesor y alumno.
NoAgresivo;Es una buena profesora, con muy buena disposición para que el alumno aprenda.
NoAgresivo;good
NoAgresivo;G
NoAgresivo;usa buen material, pero lamento decir que no mostraba mucho dominio sobre la materia
NoAgresivo;bueno
NoAgresivo;siempre me gusto asistir a sus clases, por el motivo de que el porfesor sabia llevar bien sus clases y con esto hacia que el estudiantado pudiera estudiar con mas ganas su materia.
NoAgresivo;Sería positivo tener un mayor orden en el desarrollo de ejemplos
NoAgresivo;------
Agresivo;Sin comentarios.
NoAgresivo;El método de aprendizaje debería ser más didáctico para hacer las clases más entretenidas
Agresivo;no presenta la mejor disposicion para resolver dudas y explicar nuevamente
NoAgresivo;los practicos son los que dejan
Agresivo;Mejorar exposicion de clases
NoAgresivo;la profesora estaba abierta a escuchar y aclarar todas las dudas que surgían en clases
NoAgresivo;Excelente profesor, buena didactica para realizar las clases
NoAgresivo;muy buena dispocion para orientar alumnos y solucionar problematicas de los laboratorios
NoAgresivo;Explica super bien los contenidos, didáctico, carismático...seco el profe
NoAgresivo;Súper
NoAgresivo;Explicación claray comprensible
NoAgresivo;Es un poco enredado para enseñar
NoAgresivo;los horarios podrían ser más tempranos
NoAgresivo;profesor que no cumple con horarios establecidos por la institucion.
NoAgresivo;Desarrolla la clase con dominio de los temas pero, a veces no es totalmente clara a la hora de explicar consultas realizadas por alumnos.
NoAgresivo;No me hizo clases
NoAgresivo;Excelente disponibilidad para atender a los estudiantes
NoAgresivo;favor Ser mas flexible con la asistencia a las catedras
NoAgresivo;excelente profesor
NoAgresivo;buena disposición para enseñar
NoAgresivo;Explica bien a pesar de la complejidad de la asignatura
NoAgresivo;crear un ambiente de trabajo mas agradable y menos autoritario, renovar material como guias ya que para aquellos que repiten el ramo no es una retroalimentacion, mas bien es un aprendizaje estructurado en el paso a paso de como resolver un ejercicio
NoAgresivo;El mejor profe de inglés q he tenido
NoAgresivo;Nada que decir.
NoAgresivo;Conoce el contenido y explica de manera clara
NoAgresivo;excelente profesora, pero deberia respetar los plazos para la entrega de notas de las evaluaciones
NoAgresivo;Que se expliquen mas a fondo los contenidos.
NoAgresivo;clase mas dinamica
NoAgresivo;Profesor comprometido con su asignatura
NoAgresivo;Considero que en ocaciones le hace falta mas empatia con los estudiantes. Tambien considero que es imparcial para evaluar y tratar a los alumnos.
NoAgresivo;falta mas seriedad y real demostracion de lo que se esta enseñando
NoAgresivo;Que no haga más certámenes orales!!
NoAgresivo;buena profesora y lider
NoAgresivo;BUENA PROFESORA
NoAgresivo;No hay sugerencias
NoAgresivo;muy buen profesor.
NoAgresivo;0
NoAgresivo;Buen profesor
NoAgresivo;En general bien.
NoAgresivo;Lamentablemente no me pudo hacer clases este semestre por lisencia medica
Agresivo;No tomé ramo con ella
NoAgresivo;Entregar guía de ejercicios
NoAgresivo;mas asistencia a clases
NoAgresivo;buen profesor, buena interaccion con los estudiantes y enseña adecuadamente
Agresivo;totalmente en desacuerdo con que el profesor siga impartiendo algún ramo para nuestra carrera
NoAgresivo;Excelente profesor en su área especifica, tiende a explicar de forma sencilla.
NoAgresivo;Muy buen profesor
NoAgresivo;Buen profesor
NoAgresivo;excelente profesora, demuestra confianza frente a sus estudiantes.
NoAgresivo;clases muy didacticas
NoAgresivo;.........
NoAgresivo;El mejor
NoAgresivo;Asignatura inscrita por cupo.
Agresivo;Si quiere considerar asistencia como requisito para rendir certámenes, debería también recuperar las clases que suspende
NoAgresivo;SER MAS PUNTUAL
NoAgresivo;Mucha Disponibilidad para ayudar a los alumnos y muy profesional en su area
Agresivo;ser mas puntual en la entrega de notas
NoAgresivo;Que la profesora se enfoque más en ejercicios prácticos que más nos acerquen a la vida real.
NoAgresivo;Gran profesional, muy claro en sus clases, ojalá todos fueran así de claros.
NoAgresivo;Siga así
NoAgresivo;No tengo sugerencias ni comentarios
NoAgresivo;Nada que añadir
NoAgresivo;excelente en dominio de contenido y habilidades sociales y emocionales
NoAgresivo;sugiero realizar mas ejercicios prácticos y  crear una identidad como profesor
NoAgresivo;entrega de notas en plazo indicado
NoAgresivo;buen instructor
NoAgresivo;mas ejemplos
NoAgresivo;docente cercana a sus estudiantes
NoAgresivo;Excelente profesora, y excelente asignatura.
NoAgresivo;Excelente docente, muy dedicada
NoAgresivo;por  favor cumplir los horarios de llegada
NoAgresivo;Muy buena profesora
NoAgresivo;buen profesor
NoAgresivo;Mayor foco en la materia
NoAgresivo;Un poco mas dinámico
NoAgresivo;muy confiable y devota
NoAgresivo;Muy buen profesor
NoAgresivo;Clases dinámica.
NoAgresivo;Good
NoAgresivo;Muy buena profesora
NoAgresivo;mucho dominio en la materia
NoAgresivo;Buena disposición en la atención con sus alumnos.
NoAgresivo;solo presione tab y abajo para responder rapidamente y escribir ramos
NoAgresivo;Sabe explicar el contenido
NoAgresivo;No tirar bromas pesadas
NoAgresivo;Excelente profesor, preocupado por sus alumnos, dominio de conceptos evidente.
NoAgresivo;no ser tan enojona
NoAgresivo;Buena docente que maneja muy bien sus contenidos
NoAgresivo;deberia impartir siempre el ramo de econometria este profesor!!
NoAgresivo;Muy utiles sus clases
NoAgresivo;buen profesor
Agresivo;Sin comentarios
NoAgresivo;0
Agresivo;Que hable algo más fuerte y modulador... A veces no se entiende bien porque además habla muy rápido
NoAgresivo;Buen profesor
NoAgresivo;Excelente profesora, su método de enseñanza es muy didáctico
Agresivo;falta diferentes estrategias para interesarse en el ramo y tener una enseñanza mas didactica
NoAgresivo;Buen profesor
NoAgresivo;buen profesor
NoAgresivo;Buena profesora, pero deberia hacer sus clases un poco mas dinamicas
NoAgresivo;clases muy buenas y gratas. Felicitaciones.
NoAgresivo;La profesora Claudia tiene una forma de enseñar muy grata
NoAgresivo;no entrega las evaluaciones a el tiempo acordado
NoAgresivo;el curso es un gran aporte
NoAgresivo;Excelente profesor
NoAgresivo;es chistoso
NoAgresivo;es empatica con los alumnos
NoAgresivo;buen profe palmyers
Agresivo;No demuestra un interés en lo enseñar ni en lo que hace en general
NoAgresivo;Posee un muy buen dominio de la asignatura.
Agresivo;Mal profe
Agresivo;siempre preocupada por la asistencia y el rendimiento
NoAgresivo;buenas actividades practicas que hacen entender de mejor manera las unidades
NoAgresivo;buen profesor
Agresivo;NADA QUE DECIR
NoAgresivo;Excelente docente
NoAgresivo;Es un muy buen profesor, sabe mucho de lo que enseña.
NoAgresivo;NINGUNA
NoAgresivo;Enseña de manera práctica y eficaz el idioma en su nivel básico
NoAgresivo;Excelente
Agresivo;La profesora da a conocer los contenidos de manera clara, la cual somos capaces de comprender, sin embargo se demora mucho en subir las notas de evaluaciones.
NoAgresivo;excelente ramo integral, buena experiencia
NoAgresivo;Excelente profesional, faltan profesores de este standar en la escuela de trabajo social
NoAgresivo;profesor responsable y dedicado
NoAgresivo;Muy buen profesor. A pesar de la complejidad de la materia trataba de explicarla de manera mas sencilla.
Agresivo;Mejorar organización con los tiempos de reunión.
NoAgresivo;El profesor siempre tuvo interés para guiarnos.
Agresivo;dificil de tratar
NoAgresivo;Excelente profesora
NoAgresivo;la profesora cumple con la gran mayoría de los criterios establecidos pero por otro lado podría ser un poco mas alegre y no tan seria para tener un mayor agrado al momento de ir a sus clases.
NoAgresivo;ninguna
NoAgresivo;excelente profesora
NoAgresivo;buen profesor pero deberian aumentar las horas
NoAgresivo;No es mi profesor
NoAgresivo;Buen manejo de contenidos, clases claras y didácticas.
Agresivo;Es un profe regular
NoAgresivo;:)
NoAgresivo;Excelente desempeño
Agresivo;Buen profesor pero muy exigente a la hora de evaluaciones
NoAgresivo;gran entrega en su trabajo
NoAgresivo;Ninguno
Agresivo;Trate de no enredarse tanto al explicar, pero buen profesor y buena disposicion
NoAgresivo;ninguno
NoAgresivo;A
NoAgresivo;explica de una manera clara.
NoAgresivo;Muy buen método de enseñanza
NoAgresivo;Sin comentarios
NoAgresivo;Buena docente, con disposición y conocimiento de la asignatura.
NoAgresivo;la realizacion de mi HP no se realiza con este profesor
Agresivo;Debe ser puntual
NoAgresivo;mas practicas
Agresivo;más comprensión para los estudiantes
NoAgresivo;Buen profesor.
NoAgresivo;lkjhg
NoAgresivo;Buena metodología para enseñar
NoAgresivo;excelente profesora, dispuesta a enseñarnos todo, muy paciente y muy simpática, debería seguir potenciando este hermoso taller!
NoAgresivo;excelente profesor
NoAgresivo;motiva al estudiante con la asignatura. Gracias!
Agresivo;Especificar más la materia
NoAgresivo;Docente
Agresivo;hacer las clases mas entretenidas
NoAgresivo;Muy buen profesor, domina muy bien los temas ademas de tener completa disposicion para tratar con los alumnos
NoAgresivo;muy entretenida la clase
NoAgresivo;buena
NoAgresivo;Buena enseñanza
NoAgresivo;Excelente desempeño profesor
NoAgresivo;Gracias por lo enseñado profesora
NoAgresivo;excelente profesor
NoAgresivo;buen profesor
NoAgresivo;Conforme
NoAgresivo;no hay sugerencias
NoAgresivo;S/C
NoAgresivo;buen profesor
NoAgresivo;+
Agresivo;Podría hacer sus clases más dinámicas, así mantendría en él toda la atención de los estudiantes
NoAgresivo;buena profesora muy inteligente, con la capacidad de encantar a las alumnas con la carrera, pero seria mucho mejor sobre todo en este ramo que de mas instancias para conversar sobre las vivencias en nuestros días de practica.
NoAgresivo;irusfjkbnilursjkbncsilu
NoAgresivo;no tengo clases con el.
NoAgresivo;buena profesora, domina bien los contenidos
Agresivo;sus clases son buenas pero deberia conciderar , los ejercicios mas dinamicos
NoAgresivo;gran profesor
NoAgresivo;buen profe
Agresivo;Podría utilizar recursos como guías
NoAgresivo;buen profesor
NoAgresivo;explica muy bien los contenidos
NoAgresivo;excelente profesor con el cual se crea un ambiente muy grato en sus clases, incita a la participación de los alumnos en su clase.
Agresivo;con todo respeto no extravíe el material entregado por alumnos, me refiero a tareas porque  luego olvida la situación y eso perjudica al alumno.
NoAgresivo;Excelente profesora
NoAgresivo;Es un excelente profesor, me gusta mucho su tecnica de pasar la materia y luego pasar ejercicios.
NoAgresivo;se agradece su simpatia
NoAgresivo;Dio buenas clases
NoAgresivo;buigutf
NoAgresivo;buen profesor
NoAgresivo;Clases didactididácticas
NoAgresivo;Me gusta la metodología de las clases, y cumple al pie de la letra con los acuerdo de reuniones
NoAgresivo;Muy buena docente
NoAgresivo;Profesor altamente recomendable.
NoAgresivo;Muy buen profesor
NoAgresivo;entragar las notas a tiempo
NoAgresivo;Falta mejorar la empatía con los alumnos
NoAgresivo;buen profesor, domina su tema
NoAgresivo;nos vemos en el aire
NoAgresivo;Que utilice más el proyector. Y haga más ejerciocio que materia. Todo lo demás está muy bien.
NoAgresivo;Una sugerencia, que avise mediante correo o al encargado de clases cuando no podrá asistir
NoAgresivo;Es una de las mejores docentes que tuve este semestre. Cumple en todo sentido como profesora
NoAgresivo;Se desenvolvió bien, a pesar de algunas limitaciones de herramientas que hay
NoAgresivo;Excelente profesora
NoAgresivo;ninguno
NoAgresivo;bajar el nivel del ramo utiliza el tromba que es de avanzado igual que utilice larson o zill.
NoAgresivo;Excelente profesor y gran conocedor de la asignatura que imparte.
NoAgresivo;es el encargado del programa y no es aplicable a nuestra carrera
NoAgresivo;sin comentarios
NoAgresivo;Profesora atenta, preocupada, solo deberia mejorar en la puntualidad
NoAgresivo;buen profeson siempre explicando lo justo y necesario para la evaluacion y el conosimiento que nesesittamos como estudiantes
NoAgresivo;cambiar la forma de evaluacion
NoAgresivo;buena metodología de enseñanza
Agresivo;Como sugerencia de la asignatura, quizás pasar más rápidos los contenidos de principio de semestre y dedicar más tiempo en repasar lo último, ya que son fundamental para el desempeño futuro profesional y no se les dedicó el tiempo necesario.
Agresivo;Más amigable al momento de resolver dudas y dar a conocer su opinión después de las presentaciones, dejar que las exposiciones sean al azar y que de verdad sean según la participación en clases como se dijo a principio de año.
NoAgresivo;el profesor maneja perfectamente los contenidos de la asignatura, procura que todos sus estudiantes comprendan las instrucciones y con mucha paciencia nos explica la materia las veces que sea necesario.
NoAgresivo;Una casignatura muy completa
NoAgresivo;muy buena docente
Agresivo;"Le faltó más responsabilidad con el ramo; no realizaba las clases con motivación"
Agresivo;Entregar las notas en el plazo correspondiente
NoAgresivo;Buena profesora y responsable con las actividades de la clase
Agresivo;profesora metodológica pero no enseña los contenidos claramente
NoAgresivo;Maneja bien el tema
Agresivo;Que las clases sean mas dinamicas
NoAgresivo;muy buena la forma de evaluar ya que utiliza metodos muy ingeniosos y nuevos
NoAgresivo;Alto conocimiento y dedicado a enseñar
NoAgresivo;no tuve clases con él.
NoAgresivo;Creo que debería tener una retro alimentación de los casos que hacemos en clase
Agresivo;Poca dinámica de trabajo
NoAgresivo;Buenas clases
NoAgresivo;Sin comentarios negativos, muy buen profesor
Agresivo;Utilice una letra más legible y procedimiento más ordenado, al momento de realizar un ejemplo u ejercicio.
NoAgresivo;Excelente
NoAgresivo;buena disposición
NoAgresivo;profe
NoAgresivo;Comprometido con su asignatura y muy riguroso con disciplina y puntualidad.
NoAgresivo;explica bien
NoAgresivo;ninguna
Agresivo;Si no tiene tiempo para la clase mejor que no la imparta.
NoAgresivo;bien
NoAgresivo;Todo bien
Agresivo;trabajos mas didacticos
NoAgresivo;Siga así profe.
Agresivo;Entregar las notas dentro del plazo
NoAgresivo;nada que decir
NoAgresivo;sin comentarios y sugerencias
NoAgresivo;Muy clara al momento de exponer la clase, dispuesta a responder todas las dudas.
Agresivo;que sea mas accesible en los horarios de ayudantia
NoAgresivo;Buen profesor
Agresivo;Que hable mas fuerte
Agresivo;Más ejercicios y problemas en clases
NoAgresivo;No tuve la supervisión   de este docente
NoAgresivo;a pesar de ser un ramo fome, usted lo hace entretenido se agradece
Agresivo;Explicar la materia con mayor claridad
NoAgresivo;Excelente profesor, se espera mucho de él.
Agresivo;hacer ellas lo ejercicios no su esposo por que no tiene dominio de ello solo los copia.
NoAgresivo;no la conozco
NoAgresivo;buen profesor y muy exigente
NoAgresivo;Excelente docente
NoAgresivo;excelente docente, maneja profunda y extensamente los contenidos de las clases.
NoAgresivo;buen profesor
NoAgresivo;el profesor realiza clases donde hace participar a los alumnos lo cual es muy bueno y ejercita a los alumnos para las evaluaciones lo cual nos ayuda bastante
Agresivo;Mayor seguridad al responder dudas
NoAgresivo;ninguno
Agresivo;Mas flexible con los horarios de llegada por ciertos motivos de viajes
NoAgresivo;buena profesora, da instancias para participación en clases
Agresivo;Buena docente pero podría tener clases más didácticas.
Agresivo;Una asignatura que no aporta en el desarrollo y que hacer profesional de los alumnos
NoAgresivo;Profesor metódico y responsable con la programación de las actividades.
Agresivo;Debe modernizar su metodología de enseñar
NoAgresivo;fue muy buena la metodologia de este semestre de implementar Test cada 15 dias
NoAgresivo;ninguna
NoAgresivo;No aplica
NoAgresivo;Excelentes clases, buen clima en el aula y disponibilidad del profesor ante consultas.
Agresivo;Tratar de distribuir mejor los contenidos de las clases para no hacerlas tan densas
NoAgresivo;Buen profesor, el cual demuestra con confianza lo que sabe
NoAgresivo;Entiende las dificultades de sus alumnos
Agresivo;Es un buen, profesor, pero el gran problema de su laboratorio, es la corta duración, lo cual hace que sea inútil tenerlo, ya que en una hora y media, no se logra aprender lo suficiente.
NoAgresivo;todo ok
NoAgresivo;Una ecxelente profesora, siempre muy didáctica.
NoAgresivo;sin comentarios
NoAgresivo;Muy buenos laboratorios, nada que decir.
NoAgresivo;Experto en su área muy buen dominio de contenidos
NoAgresivo;sin comentarios
Agresivo;debe resolver los ejercicios siendo menos subjetivo
Agresivo;Entregar más confianza a sus alumnos.
NoAgresivo;Muy buena metodología de aprendizaje
NoAgresivo;ninguna sugerencia
NoAgresivo;Buen taller, nada que decir
NoAgresivo;eL PROFESOR ES MUY DEDICADO Y SE NOTA QUE  MaNEJA LO QUE ENSEÑA.
Agresivo;falta compromiso con el curso
NoAgresivo;es buena profesora y explica muy bien
NoAgresivo;gran capacidad de cautivar a sus alumnos con sus clases
NoAgresivo;Buen profesor, las pocas clases que tuvo fueron buenas, captaba la atención de los estudiantes. Si hubiera sido más comprometido con su labor, su evaluación sería mucho mejor.
NoAgresivo;Ninguno.
NoAgresivo;tiene un buen metodo para explicar
NoAgresivo;Muy clara y precisa al momento de enseñar
NoAgresivo;Buenas clases
Agresivo;muy buen profesor pero no sabe explicar hace los ejercisios para el
Agresivo;aplicar mas ejercicios prácticos en su programa
NoAgresivo;Buen profesor
NoAgresivo;no se realizaron clases
NoAgresivo;Buen profesor
NoAgresivo;sin comentarios
NoAgresivo;Maneja a la perfección los contenidos
NoAgresivo;buen profe.
NoAgresivo;muy buen profesor, posee muchos contactos los cuales al estudiante les permite tomar buenas practicas.
NoAgresivo;muy interactiva
NoAgresivo;n
NoAgresivo;No hay sugerencias
NoAgresivo;Todo bien
NoAgresivo;Excelente docente
NoAgresivo;excelente semestre con profesora jania bastías. trata de incluir a todos los estudiantes de su clase.
NoAgresivo;Buena profesora, ojalá la coordinadora la deje crecer como docente.
NoAgresivo;Buen profesor
NoAgresivo;exelente profesor sigua asi
NoAgresivo;nn
Agresivo;no me hizo clases
NoAgresivo;le  falta mejor trato hacia los alumnos
NoAgresivo;Buen profesional
NoAgresivo;buena profesora
NoAgresivo;ninguna sugerencia
NoAgresivo;Excelente docente, con mucho conocimiento y muy humana
NoAgresivo;Buena profesora, siempre transmitiendo buena onda
NoAgresivo;Realice esta asignatura en terreno.
NoAgresivo;Excelente profesor
NoAgresivo;La profesora Pamela es muy amistosa, entrega la confianza necesaria para expresar opiniones y sentimientos en las actividades que realizamos, es muy creativa y dinámica.
NoAgresivo;Buena profesora apasionada por lo que enseña
NoAgresivo;Falta que aveces explique un poco mas la forma de realizar algunos ejercicios
NoAgresivo;Buen profesor, con la paciencia para explicar las veces que sea necesario la materia que pasa
NoAgresivo;Clases participativas y didácticas
NoAgresivo;buen profesor
NoAgresivo;Excelente profesora
NoAgresivo;Profesor que se nota que sabe mucho, aunque un poco estricto en cuanto a los contenidos.
NoAgresivo;no era mi profe
NoAgresivo;Ninguno
NoAgresivo;como sugerencia que sea mas cercana con los alumnos
NoAgresivo;muy buen electivo
NoAgresivo;Mas tareas
NoAgresivo;Mejorar los plazos de entregas de notas
NoAgresivo;excelente profesor
NoAgresivo;la materia se entiende y la explica de buena forma, pero podria realizar las clases de manera más didáctica
NoAgresivo;es un buen profesor, sabe lo que está enseñando, tiene buena metodología de enseñar
NoAgresivo;Más disertaciones
NoAgresivo;El profesor es muy bueno, conoce muy bien la materia que expone y crea un muy buen ambiente de aprendizaje.
NoAgresivo;Profesor responsable
NoAgresivo;no tanto apoyo de las diapos y más diálogo
NoAgresivo;Me gusta su clase, aunque a veces parece muy monótona, es por que la materia talvez es plana
NoAgresivo;Realiza un buen trabajo con los estudiantes.
NoAgresivo;es muy simpatico y hace sentir confianza de poder preguntarle lo que sea
NoAgresivo;buen profesor
NoAgresivo;Subir algún material extra a las plataformas
NoAgresivo;ninguna
NoAgresivo;buen profesor
NoAgresivo;Buena profesora
NoAgresivo;buen profesor.
Agresivo;Mal docente.
NoAgresivo;Comprensivo y buen profesor
NoAgresivo;LA MEJOR PROFESORA DE LA ESCUELA
NoAgresivo;Profesora muy comprometida con la asignatura.
NoAgresivo;Excelente docente en el área práctica
NoAgresivo;Me parece innecesario pasar los casos largos a cortos
NoAgresivo;espero que este segundo semestre sea igual como lo fue en el primero
NoAgresivo;le falta ser mas pedagógica
NoAgresivo;Quizá podría pasar la materia de forma más pausada, aunque se entiende que al ser modular debe llevar un ritmo más acelerado.
NoAgresivo;buen profe.
NoAgresivo;buena e interactiva asignatura
NoAgresivo;Clara par a enseñar, proporciona confianza, podría ser más didáctica en clases para que no sean muy monótonas
NoAgresivo;Profesor interesado en lo que realiza , pero que en varias oportunidades no sabia escuchar a los alumnos
NoAgresivo;muy interactivas sus clases
Agresivo;Su forma de enseñar es bastante mala a decir verdad, debería mejorarla bastante.
NoAgresivo;el contenido de la asignatura deberia estar mas enfocado a lo que realizaremos en el campo laboral y en como enseñar lo aprendido
NoAgresivo;Ninguna
NoAgresivo;no hacer las clases de tanta lectura de power, sino mas didactica
NoAgresivo;dassdasad
NoAgresivo;Buen profesor, con muy buena disposición.
NoAgresivo;Bien profesor
NoAgresivo;muy buen profesor
NoAgresivo;Super buena profesora
NoAgresivo;Muy buen profesor, muy motivado
NoAgresivo;La profesora crea espacios de confianza y de buena disposición para enseñar
NoAgresivo;No asisti a sus clases
NoAgresivo;Se necesita ser más empático y un poco más flexible con los estudiantes
NoAgresivo;Buen electivo
NoAgresivo;Es una profesora que maneja su asignatura, sin embargo no supo cómo nivelarnos al nivel de su asignatura, ya que el ramo que le antecede (Termodinámica 1) fue muy básico para lo que debíamos saber.
NoAgresivo;Muy buena profesora y buena asignatura
NoAgresivo;Me encantan sus clases
NoAgresivo;bien
Agresivo;no explica muy bien
NoAgresivo;comprensiva
NoAgresivo;es muy bueno explicando en cada clases
NoAgresivo;muy buen profesor que siempre trata de ayudar con cualquier duda o inquietud que se tenga en la asignatura
NoAgresivo;Clase muy didáctica y interesante
NoAgresivo;buen profe
NoAgresivo;Es una profesora muy buena y muy atenta de las necesidades de sus alumnos.
NoAgresivo;excelente profesora
NoAgresivo;buen profesor
NoAgresivo;Ayudante que sea decente
NoAgresivo;profesor comprometido con enseñar a pesar de las dificultades de los alumnos y el entorno del diseño
NoAgresivo;Conoce lo que está enseñando.
NoAgresivo;La docente no demuestra dominio en los contenidos de la disciplina que enseña, puesto solo lee las presentaciones.
NoAgresivo;buena profesora, se preocupa del aprendizaje de sus alumnos
NoAgresivo;Demuestra paciencia,motivación,disponibilidad y firmeza.
NoAgresivo;buen profesor pero deberia mirar menos su celular en clases
NoAgresivo;posee dominio del tema y fluidez en las clases
NoAgresivo;Muy buen académico.
NoAgresivo;solo habla el
NoAgresivo;Un 70 como docente y como persona, muy responsable y preocupada. Siga así
NoAgresivo;Excelente profesor
NoAgresivo;Demuestra dominio en el el tema de su asignatura, sin embargo no logra satisfacer mis necesidades respecto a la asignatura
NoAgresivo;sin sugerencias
NoAgresivo;Clases dinámicas, están bien enfocadas al desarrollo del tema.
NoAgresivo;tiene mucha  vocación
NoAgresivo;Dar las notas cuando corresponde.
NoAgresivo;buen profesor
NoAgresivo;en realidad no es mi profesor de anteproyecto, por lo tanto no lo puedo evaluar
NoAgresivo;Sin comentarios.
NoAgresivo;asd
NoAgresivo;Sólo falta que ejemplifique mas en sus clases ya que la materia es complicada.
NoAgresivo;Todo bien
NoAgresivo;Buena profesora
NoAgresivo;buen desarrollo de la asignatura
NoAgresivo;que de ha conocer el programa de la asignatura
NoAgresivo;más dinamismo y practica de lo que teoriza para tener una vision holistica completa de su ramo en cuestion
Agresivo;Mucha demora en entregar notas, certámenes muy largos, contenidos de lectura no vistos en clases
NoAgresivo;El profesor tiene preferencias con ciertos alumnos....
NoAgresivo;Buen profesor, buen ramo
NoAgresivo;cuando vaya a las clases debería concentrarse en la clase y no estar haciendo otras cosas en su teléfono o su computador
NoAgresivo;Sugiero que las clases podrían ser un poco más interactivas para que así la materia sea mejor comprendida.
NoAgresivo;Gran dominio de asignatura, pero siempre tiene buenos tratos
NoAgresivo;excelente
NoAgresivo;Exelent
NoAgresivo;Profesora con muy buen disposición para responder dudas con respecto a los trabajos
NoAgresivo;Leer dabemos todos que utilice mas metodos de enseñanza..casos . Practicos. Etc
NoAgresivo;Cumplir con los horarios de clases
NoAgresivo;sin comentarios
NoAgresivo;Es necesario considerar que esta encuesta no aplica mucho a Actividad de Titulación, ya que el trabajo con el profesor es individuaizado, no se hacen clase sino reuniones.
NoAgresivo;sin comentarios
NoAgresivo;Buena disposición.
NoAgresivo;Excelente docente, la que demuestra uun interes notable por que los contenidos puedan quedar claro, incorporando en sus clases distintos tipos de metodologías para la enseñanza, no solo las tradicionales. Profesora muy organizada con todo los aspectos.
NoAgresivo;Excelente profesor, muy agradable y buen expositor, con vocación para enseñar, ayudar y apoyar al estudiante, muy responsable y sincero cuando se le presenta un problema, error o dificultad.
NoAgresivo;gracias por la ayuda que siempre nos brindo en nuestro anteproyecto
NoAgresivo;me encanto el taller, deberian crear mas secciones por semestre
NoAgresivo;Profesor muy didáctico y claro
NoAgresivo;Creo que el ejercicio de redibujar los planos de un edificio patrimonial no eran tan pertinentes al ramo. Mas bien nos sentimos utilizados por el fin de la publicación del libro.
NoAgresivo;Buen profesor
NoAgresivo;Al momento de citar a revisión se demora en presentarse
NoAgresivo;Nada que agregar
NoAgresivo;Excelente docente.
NoAgresivo;Excelente profesional
Agresivo;No motiva a estudiar con su metodo
NoAgresivo;interesante el electivo
NoAgresivo;Muy buen profesor
NoAgresivo;debe respetar las horas de clases
NoAgresivo;excelente docente
NoAgresivo;discriminación
NoAgresivo;Trabaje su paciencia y tolerancia... no todos somos expertos en todo y podemos errar en ciertas cosas, para lo cual usted debe estar dispuesta a corregir de la mejor forma, no de una manera altanera y despectiva...
NoAgresivo;Muy buena profesional y profesora .
NoAgresivo;Pasa materia y pocos ejercicios
NoAgresivo;muy buen profesor , explica muy bien la materia
NoAgresivo;Bibliografía complementaria
NoAgresivo;Profesor especializado en su asignatura resuelve dudas y ayuda a los alumnos
NoAgresivo;Buena profesora
NoAgresivo;buen profesor.
NoAgresivo;Muy buena profesora
NoAgresivo;Buen profesor. Profesional y muy empático con los estudiantes.
NoAgresivo;Encuentro que explica bien la materia y tiene mucho dominio del tema, pero al momento de las tareas, test y certámenes hace ejercicios mucho más difíciles y enredados que en la clase.
NoAgresivo;Ninguna sugerencia
NoAgresivo;Excelente profesional, muy comprometida con el aprendizaje de los estudiantes. Un ejemplo a seguir.
NoAgresivo;no tengo sugerencias
NoAgresivo;Buen profesor
NoAgresivo;Buena disposición en general, da buenas correcciones, aun que a veces es selectivo en cuanto a cual alumno corrige y cual no, condiciones de entrega demora en entregarlas
NoAgresivo;ninguno
NoAgresivo;Sin comentarios
NoAgresivo;Se sugiere que respete el horario de clases como el inició y término de la clase, no terminar la clase cuando venga el otro profesor a decir que tiene clases en ese instante y que realice actividades que se adecuen al horario que nos entrega
NoAgresivo;El profesor Sanchez es un muy buen academico. Sus clases son completas a pesar de que suele ser un poco disperso y nos cuesta un poco comprender algunas cosas en clases. A pesar de esto el profesor tiene buena disposicion a la hora de explicar nuevamente
NoAgresivo;muy buen profesor
NoAgresivo;Tiende a enojarse cuando le preguntan algo o le corrigen
NoAgresivo;Falta bibliografía para corroboración de datos, material complementario.
NoAgresivo;Sin comentarios
NoAgresivo;sus clases me gustaron bastante
NoAgresivo;ninguno
NoAgresivo;Buena profesora
NoAgresivo;Buenas clases
NoAgresivo;Un muy buen profesor
NoAgresivo;Excelente profesional, relaciona e integra los conceptos enfocados en la tematica de nuestra carrera
NoAgresivo;Buen profesor, buenas formas de enseñar, nada que decir.
NoAgresivo;profesora muy exigente y buena
NoAgresivo;buen profesor
NoAgresivo;excelente profesora, preocupada por el aprendizaje de todos los estudiantes y ademas propicia orientación adecuada  para el pronto desarrollo laboral.
NoAgresivo;Comenzar las clases puntualmente.
NoAgresivo;Un ejemplo a seguir, gran docente excelente dominio de su clase, amabilidad, tolerancia, disposición y respeto.
NoAgresivo;buena profe
NoAgresivo;Falta compromiso con sus estudiantes, no hay como ubicarlo fuera del horario de clases.
NoAgresivo;buena profe
NoAgresivo;No permite revisar todas las evaluaciones. En los laboratorios de soldadura evaluó como si fuéramos soldadores profesionales lo en 80 minutos es muy difícil deconseguir
Agresivo;informe mas a que se deben sus notas
NoAgresivo;Profesora dedicada
NoAgresivo;muy buen docente
NoAgresivo;Excelente
NoAgresivo;estar mas presente en clases
NoAgresivo;EXCELENTE PROFESORA, BUEN DOMINIO DEL CONTENIDO, CLASES DIDACTICAS QUE PERMITEN BUEN APRENDIZAJE
NoAgresivo;buen profesor