anger;detesto la gente irresponsable para que pedis un turno si siempre cancelas a ultima hora maldecir
anticipation;pregunta seria a tu cogiamigo se le regala algo para navidad o nel pastel pensativo
trust;pero esta bien no voy a demostrar q me afecta pulgar pulgar pulgar pulgar
disgust;puto suenoooooooo ansioso
disgust;todavia tengo que comprar los regalos desconcertado
sadness;otro de diciembre sin decir ay amor ya tiraste el ponche estas todo estupido decepcionado
anger;en serio mi paciencia esta por caducar la gente me agota desconcertado
disgust;necia la gente que quiere poner pura banda porque esta hasta la vrga cuando todos traen el perreo aun frustrado
sadness;tan lindoo mi bleizer amarillo y mi hija me lo pinto todo triste triste
anger;me enferma que sean tan irresponsables frustrado
anger;no les voy a decir quien se volvio caminando con lluvia anoche y tiene la garganta pateada frustrado
anticipation;hoy me tatuo aterrado aterrado aterrado aterrado
disgust;que guapa estas la cosa es que tienes novio enfadado
joy;mi madre nos ha regalado flores a andrea y a mi acuerdo
disgust;despierta desde las de la manana gracias lluvia frustrado
surprise;mi para ti de tik tok anda muy personal enfadado
anger;imagina pasarse 10min peinandome delante del espejo para que salga a la calle me de el viento y acabe pareciendo javier bardem enfadado
surprise;no les pasa que tienen alergia a todas las mascotas pero menos a la suya asombrado
anger;la puta mierda de vida que llevo frustrado
anger;a los que os quejais de no entender gallego os reto a decirme que dice slo mo desconcertado
joy;felizzzzz pq hoy me voy a mi casa fiesta bailar
disgust;no hay momento que me sienta mas vieja que cuando me sorprendo diciendo o pensando anda ya se acabo el ano ansioso jajjajajjaj
disgust;por que no se os llena la boca hablando de la constitucion cuando dejan desamparados a menores desahucian a personas mayores no somos iguales antes la ley no voy a decir a q m huele porque ya lo sabemos todos avergonzado avergonzado
joy;ayer me llego mucho carinito adorar
joy;hoy es dia de fiesta confeti
anger;la comparacion con el debate de la ley anti tabaco donde se justifica la sanidad universal gratuita porque es una adiccion y claro tiene disculpa frustrado no se trata de que sea una enfermedad justificada senora se trata de que se proporciona sanidad gratuita universal o no
disgust;nuria deja de tomar cafe enfadado
disgust;la gente se vive quejando de que no hay citas en la eps pero cuando no pueden asistir no cancelan ansioso
surprise;chocoaventuras de otro nivel desconcertado
anger;que fiebre tan malparidaaaa desanimado desanimado desanimado
anger;la policia le tiene que hacer el llamado e informar a los victimas de poner la denuncia para que los delincuentes no salgan libres pensativo
anger;viste cuando dicen hoy no es mi dia buenooo hoy no es el mio enfadado
joy;me ha tocado me ha tocado confeti confeti la suerte de tener una increible comunidad fantasia
anger;la loteria no se pero pedrito podria darme novedades de la beca e ingresarmela ya cabreado
surprise;tuve un sueno inception sone que estaba sonando y luego estaba comentando el sueno en el sueno desconcertado
surprise;han cachao que cuando uno responde no a cuando te preguntas si estas bien a la gente le explota la cabeza desconcertado no estan acostumbrados a esa respuesta
anger;todos descansando y yo aqui trabajando como esclava un de diciembre triste somnoliento lo bueno que salgo a la relajado
trust;no sentimos ningun temblor en la capital suspicaz
anger;los cajeros de san gui o no funcionan o no tienen dinero nunca durante la semana frustrado
anger;tengo un mal humor hoyyy cabreado cabreado
joy; de la manana y yo llamandola a juli me va a odiar feliz adorar
disgust;y ahi quedaste pu le pusiste mas color y ahi quedaste frustrado
disgust;aun es miercoles frustrado
joy;un dia de verano en gualeguaychu equivale a mas de duchas en un dia pulgar
anger;que pena que se esten robando los bonos navidenos personas que ni siquiera los necesitan y aca es donde entra el dicho pensativo vemos la paja en el ojo ajeno y no vemos la viga que tenemos en el nuestro
joy;la verdad que estan bastante bien parece que van mas suaves hacen menos ruidos son mas esteticos asientos mas comodos no estan nada mal la verdad aprobacion
disgust;me he dejado asombrado los auriculares desconcertado en salamanca payaso una genia soy
joy;free visa to turkey
surprise;me compre nose cuantas cosas para ponerme para la fiestas y ahora nada me gusta ok ok ok
surprise;q son estas ganas de cortarme el pelo cortito otra vez desconfiado
joy;uy ya tengo una novia avergonzado avergonzado
sadness;no me toca ni la loteria suspicaz
trust;que quieren que suba hoy cara
joy;buenos dias amores mios adorar
surprise;hay un tweet que dice estudien para darle a su perrito la casa que merece yo pase todo un domingo armandole una casita a mi perra y la pelotuda se acuesta en el techo frustrado
sadness;nos debemos la despedida desanimado
sadness;al menos no necesito manejar de manera urgente o si no estaria peor frustrado
joy;el segundo premio ha caido en mi municipio aterrado relajado
surprise;ya es oficial el uso de hba1c en chile como criterio diagnostico de dm2 aterrado por cromatografia liquida de alta resolucion hplc o inmunoensayo
anger;de acuerdo al sabio de macuspana un dia ni no malo fue el lunes pasado ya que solo se registraron sesenta y ocho homicidios avergonzado
disgust;lo malo de tener padres religiosos es que te vendan todas las pajas de la biblia perdonar al projimo la union familiar estamos hechos a las semejanzas de dios y pare de contar frustrado
anticipation;la verdad q sigo sin entender pensativo
sadness;tengo la cabeza en cualquier lado ultimamente avergonzado
sadness;cb desde que he llegado aqui lo menos que he hecho es dormir frustrado
joy;buen dia ya se va acercando el dia en el que hare mis ediciones navidenas el ano pasado faltaron por muchas razones pero este no faltaran ni las navidenas ni las de fin de ano bengala navidad noel claus confeti
sadness;esas ganas de un tremendo mananero y no tener con quien ansioso ansioso
anger;hasta ahora al cabo de anos he visto que el gobiernito no ha hecho nada por el bienestar y mejoramiento de la calidad de vida del jubilado pensionado me pregunto seria acertado que yo le diera mi voto al prd para el si no ha hecho nada x mi hoy los leo pensativo
surprise;como van terminando el ano yo tranqui me entere me entere mediante un estudio que en algun momento tuve un acv miedoso miedoso
surprise;los madridistas rabiando porque ayer expulsan a kounde por agredir a alba avergonzado alguien me lo puede explicar
anticipation;alguien mas quiere vender su entrada de la gran navidad frustrado
disgust;se me fueron hasta las ganas de comer pulgar
sadness;mi corazoncito en mil pedazos relajado partido agradecido
joy;pero temprano me dormi anoche avergonzado
anticipation;y si me meto en ese peo pensativo
anger;me levante muy temprano porque tenia que viajar y no habia yerba para el mate enfadado
joy;ire a comprar juguetes me lo merezco quiero recuperar los juguetes de mi infancia relajado relajado relajado descontento descontento descontento descontento descontento chuche chuche
sadness;yo acuerdo llorar por todo
joy;q lindo ver como todos estan saludando a louis implorando relajado relajado relajado
joy;dando las gracias por no haber perdido el gusto y poder saborear el chocolate frustrado
anticipation;esperando mi visita cara
anticipation;necesito un mananero indice aprobacion para quitarme este frio
disgust;un de mierda triste
joy;que dicha amarillo adorar
anticipation;te amo mas que ayer y menos que manana adorar
anger;la maldita costumbre de no apagar el aire y despues levantarme congestionada frustrado
sadness;extrano cuando mi hermano vivia conmigo devuelvanme a mi hermano cansado triste
joy; dias amistoso
fear;confieso que tengo al menos cuatro pintalabios que encontre en la feria de albacete hace unos anos y que no uso por miedo al herpes solo los tengo de trofeo cara
fear;hablar de nosotros eso es haram ansioso
anger;un accidente frente a mi edificio un motoquero se saco la chucha y quedo atravesado en la calle venia curado llegaron los amigos y se lo llevaron al sapu frustrado
fear;he dado positivo xd en tener la mejor combi completa avergonzado
disgust;en el grupo de las gordas se discute si podemos mezclar sandia con vino pensativo yo digo vengaaaa
disgust;que bien horitas de vuelo divertido y un dolor de cuello inmamable
anger;ala ya no me toca el gordo enfadado
disgust;la doble moral todos defendiendo a mark anthony por su fama y demas pero si las muecas las hace el tata algun picotero o hasta el mismo silvestre que un dia por algo parecido le cayeron encima todos estarian hablando buena monda de burros y periqueros no nos iban a bajar pensativo
trust;manana me toca la tercera dosis avergonzado como les ha ido a ustedes
anger;al menos es curro para lo del ano que viene espacio espacio espacio pero mucho curro enfadado enfadado enfadado
disgust;que mania la de levantarme temprano innecesario frustrado
joy;amistad sincera para hacer de todo juntos sin rajar desconcertado
disgust;ya me canse de jugar el mismo jueguito de hace aprox hs frustrado
surprise;amigos por cierto el mancito que me estaba metiendo labia ya no me gusta creo que si es verdad eso de no te gusta solo estas ovulando pensativo
anger;ya salio el viejo ctm de la vega enfadado enfadado enfadado enfadado
surprise;me faltan capitulos para acabar alabasta avergonzado
joy;yo al beto soy un veridico payaso el beto si eres a clown you're the most beautiful clown yo messirve pulgar
anger;diciembre deja de sacarme plata desconcertado
anger;diiiiiosss por que tanta intensidad a esta hora lpmqlp enfadado
joy;le regale loteria de navidad a jordi ahora tenemos para irnos a comer aliviado
sadness;jajsjajsj digo porque se escucha rara la cancion le sacaron varios instrumentos pero me anda un solo lado de los auris desanimado desanimado
sadness;antes tenia mensajes sin contestar ahora tengo y entre mas se juntan mas me da hueva abrirlos y mas pena contestarlos frustrado
sadness;estoy confundidisima desconcertado
trust;pues no me ha tocado nada ya me podrias tocar tu frustrado
joy;casi adopto un perrito pero encontre su dueno y quedo en buenas manos relajado desanimado
sadness;ayer una amiga no estaba mostrando las tetas y la abuela nos vio que pena avergonzado
joy;comprar algo online y que te llegue al otro dia excelente servicio acuerdo
disgust;ya no puedo fantasmear a las personas enfadado
surprise;aterrado te ha tocado aterrado te ha tocado aterrado te ha tocado aterrado te ha tocado aterrado te ha tocado aterrado te ha tocado aterrado te ha tocado aterrado te ha tocado este gordo podria ser tuyo bebe
anticipation;pq pq chae se ve tan guapa ptmr envidio a los coreanos pena pena pena pena
anticipation;estas navidades quiero probar a cocinar nuevas recetas alguna idea frustrado
anger;anos defendiendo el spiderman de andrew para q ahora sea el favorito de todos enfadado enfadado os odio
surprise;he ido al aldi a comprar un roscon de reyes con la firme intencion de no comprar ninguna planta como creeis que ha acabado la cosa suspicaz
anger;tus perros ronquidos no me dejan dormir enfadado enfadado enfadado enfadado
joy;hace anos lo llamaba por su cumpleanos implorando implorando implorando ahora estan juntitos durmiendo relajado
joy;un vago que me atendio en un negocio me regalo un bombon excelente servicio pulgar aprobacion
disgust;la hora que es y ya empiezo a transpirar que asco maldecir
sadness;q complicado es responderle a las antis en ingles triste triste triste triste triste
sadness;ya no hay buenos dias bart solo dias frustrado
surprise;me compre hace un tiempo atras un perfume channel en la zofri me salio cara dije ctm la huea cara pero no importa trabajo y me saco la cresta ayer fui al mall en chillan mismo perfume channel pregunte valor y me dijo la nina
surprise;que alguien me explique por que sueno tanto con el avergonzado anoche nos sone en un restaurante japones y no dejaba de darle besos en toda la carita ush ya basta muy lindo y todo pero el esta lejos y no creo volver a vernos aunque ojala
trust;bueno hoy si va a ser un buen dia y nadie me hara amargar ni usted pinche senora que no me quiere alquilar el departamento pensativo
anticipation;se copa la plaza el y el desconcertado
joy;que buena pedita de cumpleanos adorar
sadness;loco puede ser que disney haga peliculas tan profundas me van a matarrrr triste triste
trust;la gente ay es que google nos escucha que chungo ansioso also la gente acepta todas las cookies acepta enviar todos los datos usa la misma contrasena para todo se abre cuentas en cualquier sitio y luego no las cierra se instala apps que rastrean hasta tu ubicacion
joy;uss en el cine me wa a ver el spayderman cara
disgust;me levante temprano para ir al centro porque tenia que comprar una sola cosa hasta que me acorde que e y esta todo explotado ansioso
disgust;yo hago verdes trabajando horas al dia hay gente nomas de huevona juzgando desde su sofa aliviado bendiciones pa todos jaja
surprise;no me lo creo me ha tocado me ha tocado me ha tocado la suerte de ser del villarreal comparte en tu muro si a ti tambien azul blanco azul billete
joy;que onda la gente que no le gusta quedarse solo en su casa es lo mas hermoso del mundo nadie te rompe las pelotas frustrado
anger;empezar el dia queriendo lavar ropa y que el lavarropas no este andando ya me estoy estresando enfadado
joy;dalila mili y sole pasaron navidad juntas implorando relajado relajado relajado
trust;estoy tratando de empezar a juzgar desde la intencion y no la accion es la unica forma de vivir tranquilo y de intentar entender al otro sonriendo
surprise;en que momento pase de recibir regalos a ser yo el mismisimo bengala papa noel bengala aterrado
surprise;el covid dijo pero como que volvi no entiendo si yo nunca me fui cara
sadness;puse la ss incorrecta triste
anger;estaba cocinando garbanzos ahorita y se me rego la sal triste igual me los comi relajado ahora tengo sed agotado
disgust;el diita se esta poniendo frustrado
trust;sera que enamoro a alguien en dias para pasar navidad juntos pensativo
anger;que intensa estoy porfavor desconcertado
joy;con sueno pero feliz adorar
anger;buenos dias hermano puedes dejar de abrirme la puerta para ver si estoy despierta enfadado
joy;en algun momento llegue a pensar que no merecia lo suficiente pero en el lugar correcto lo eres todo mal adorar
fear;no estoy preparada pero eso les da igual pulgar
disgust;cuando te encontras conocidos relajado en la fila para hisoparte implorando
sadness; euritos en la loteria de navidad sonriendo
disgust;otra vez mala no salgo de una que me meto en otra puto resfriado enfadado
joy;la 3er temp le den el desarrollo que merece pq la tqm amigos de pabko estan bien oendejos pero me hacen reir mucho jsjajajaja ay no yo amo mucho esta serie triste pd apenas me di cuenta que un amigo de pablo va a salir en bendita suegra pd2 me sorprendio ver a
joy;status civil sin un chele pero cero deudas y empleados felices y contentos con su doble y esa es la navidad feliz del jefe pulgar
anticipation;es mucho tres horas pensativo
sadness;me caga enfermarme porque no me puedo besukiar a mi novio triste
anger;de enero a la fecha mi dividendo ha subido lucas pensativo
joy;aterrado me ha tocado aterrado me ha tocadoooo aterrado me ha tocado aterrado me ha tocadoooo aterrado me ha tocado aterrado me ha tocadoooo me ha tocado la suerte de haberte conocido
surprise;traigo una cancion en mi mente y van dos dias que la escucho en la calle es como si leyeran mi mente desconcertado
sadness;despues vuelven las y se agarran a las pinas aliviado
surprise;los primeros minutos del capitulo cinco me dejaron cara
joy;buenos dias feliz miercoles relajado comic
anger;otro ano currando cabreado
joy;quedan dias para navidad avergonzado
sadness;a este paso me va a tocar comprar los regalos de navidad el de enero el tiempo no alcanza ansioso ansioso ansioso
joy;que lindo es ver el poder de dios sus respuestas son deslumbrantes gracias dios porque a mucho has dicho si orar relajado
sadness;si van a regalar juguetes o ropita en estas fechas por favor no suban fotos de las caritas de los ninos y personas es lo mas cruel que les pide su ego ayuden y nutran su corazon de bonitas vivencias se los juro que no pasa nada si no lo muestran a sus redes sociales aprobacion primavera
sadness;hace como dias que no como bien y hace como una semana que no duermo nada asi estoy caminante
joy;mi novio se la pasa comprandome alfajores gomitas helado mc donals todos los dias ta bien igual ni queria llegar al verano pulgar
joy;feliz miercoles de cosas maravillosas dijo aquella pipas ananas colores q de vdd les pasen cosas lindas aprobacion bengala
sadness;todavia me siento cansada ansioso jaja
sadness;no tengo permiso de mi papa aun pensativo
joy;buen dia para todo el mundo mundial happy wednesday bandera pulgar aprobacion
joy;estoy en el metro sentado frente a un chaval de o anos que esta leyendo un libro en papel hay esperanza sonriendo
anger;sino nag qrt enfadado enfadado enfadado enfadado enfadado
fear;bueno aparentemente en cordoba no estaria habiendo ni una persona sin covid colores colores colores colores pulgar pulgar pulgar
surprise; mins pa llegar aterrado
joy;pues a ver si hay suerte y vuelve a funcionar el agua caliente frustrado
joy;por fin se me vienen dando las buenas locoooo punetazo
joy;como regalos de navidad le compre a la emma desconcertado
anticipation;quiero un elote y una marquesita triste triste
joy;feliz dia mundial de la salud a todos fiesta
disgust;las forras llegan con el barbijo puesto de corpino pero se ponen alcohol en las manos eso si frustrado no les da la cabeza
disgust;te odio y te amo marvel triste
disgust;yo y mi costumbre de acostarme tarde cuando al otro dia me tengo que levantar temprano frustrado
sadness;actualmente estoy huyendo de los spoilers de spiderman no he tenido tiempo ansioso
anger;y el gordo callo a minutos de mi casa en un centro comercial y no compre numero ahi este ano cuando.lo ano siempre me cago en todo enfadado enfadado enfadado
disgust;el proximo que pida mi numero lo bloqueo enfadado caso cerrado
disgust;odio eterno al calor asqueroso enfadado
disgust;me estoy poniendo mala la gente se creera q es el covid pero esque a una le gusta salir un dia de lluvia sin paraguas pulgar
disgust;aja mucha risa y todo el video es buenisimo pero juan sebastian el maracucho del video del perro me parece damn cute enfadado enfadado enfadado mexicano
disgust;parishiiii emplaza a boric por los medios pero q se lo diga a la cara cara que venga y se lo diga a la cara
surprise; ya tenemos el gordo fiesta confeti cava
fear;temblo la tierra y fue bien fuerte aterrado
joy;no puedo creer que mas de 100mil personas han visto mis ultimas fotos desconcertado
joy;enganchado de rock nacional para viajar en tren aprobacion
sadness;maldita vacuna me tiene toda adolorida decepcionado decepcionado
disgust;probablemente habria mas posibilidades de que me toque la loteria hoy que de que me toque jean en cualquiera de los banners se hace de rogar la mujer eh cabreado
trust;me dio nostalgia ayer recordando con las muchachas lo felices que eramos en ese ansioso
surprise;porque las personas se estan aplicando refuerzo de pfizer y tienen sus dos dosis de atrazeneca pensativo
joy;a mi madre le ha tocado desconfiado
anger;no hay cosa que odie mas que la impuntualidad loco enfadado
joy;por cierto muchas gracias a todos por las felicitaciones aunque sea una tonteria a mi me hace feliz que os acordeis de mi aunque sea en twitter que paseis unas felices fiestas todos confeti
anger;me ha tocado seguir madrugando y cagandome en mi puta vida sonriendo adorar
anger;estoy controlando ver mis redes sociales de spiderman pero las notificaciones de las cuentas que sigo en youtube no colaboran vale maldecir
disgust;otra vez el mismo sueno frustrado
joy;por fin se ha puesto juanjo al dia con one piece y puedo comentarlo con el implorando implorando relajado relajado
joy;ya vieron que en mubeat pusieron a way que no fue promocionada asi que espero esten juntando votos pq nunca sabemos que puede pasar ademas el stream no es un dia pulgar
disgust;por mucho tiempo culpamos a disney pero el verdadero malvado fue james cameron al crear un personaje tan apasionado como jack dawson llorando pipas
disgust;como esta costando este dia ansioso
surprise;apoco todavia no se despiertan frustrado
sadness;no he ganado el gordo confeti
joy;una cabana paisaje nevado hogar encendido y mi gorro de mama noel pensalo fiesta
joy;aterrado me ha tocado aterrado me ha tocadoooo aterrado me ha tocado aterrado me ha tocadoooo aterrado me ha tocado la suerte de nacer murciano
joy;total el dinero no da la felicidad frustrado
trust;no solo honramos a dios trabajando adecuadamente pc en el tiempo y forma correctos sino tambien descansando y divirtiendonos adecuadamente aliviado en el tiempo y forma correctos el descanso importa y mucho
joy;buenos dias mundo cara
joy;feliz navidad y felices fiestas para todos los coleguillas de aqui un amistoso muy fuerte
disgust;tengo que dejar de salir todas las mananas de mi casa sin desayunar frustrado
disgust;que onda estan todos con coronavirus avergonzado
disgust;no tome ni mierda y por tomar un maldito trajo de bols no paro de vomitar triste triste
disgust;me hace gracia mayor numero de positivos de toda la pandemia menos numero de muertes en toda la pandemia alguien me da que esta metiendo todos los positivos que nos son de covid en el mismo saco desconfiado
trust;ahuevo quieren sacar a gertz manero desconfiado
disgust; de la manana esperando el colectivo para ir a trabajar que ya es mucho se acerca mi vecina a hablarme de la vida cabreado no reacciono
sadness;justo ahora se va a ir mi psicologa me tiene que analizar el suenooooo enfadado enfadado
joy;no importa luego ira a netflix aliviado
disgust;alv mucho tweet de influencer espanol que fue de fiesta diciendo que salio positivo covid estando vacunad s miedoso da que pensar y es que veo fotos y ni cubrebocas traen y de la distancia social ni hablamos
sadness; am despierto pero si sere hijo de puta tambien frustrado
anger;voy a vengarme de ese marica enfadado
surprise;ni parece que en dos dias es navidad pensativo
joy;llegue media hora antes a unos examenes medicos hablemos de puntualidad aliviado
surprise;numero integro en san pedro alcantara aterrado aterrado aterrado aterrado aterrado
sadness;entrando en los meses ya ansioso
anticipation;volver a bari con los viejos es hermoso pero a cambio tengo que entregar mi salud mental desconfiado
disgust;que peor sensacion es la impotencia cabreado
disgust;muchos a esta edad ni aun debutan o tienen menos que partidos en 1era sergio ya jugo en el club mas grande de su pais salio campeon metio en un clasico siendo nino lo compro el club mas poderoso del planeta fue a brasil mexico todo con anos aterrado
joy;yo en la fruteria me vende una sandia y jicama plis cuanto le debo pregunte nada es su navidad y feliz ano nuevo respondio la senora mis gestos en ese momento preocupado agradecido relajado
sadness;lo unico que quoero es estar bien decepcionado
joy;quiero hacerle un gol a tu corazon pero no me lo atajes por favor nota avergonzado
joy;por suerte ni me queme preocupado
disgust;el pp apoyo ayer en el senado a las lenguas cooficiales en espana o sea que apoya a los independentistas catalanes que no dejan hacer pipi a los ninos si no hablan catalan y tambien a eta me quedo muerta aterrado aterrado aterrado aterrado
disgust;buenos dias hoy admin esta en el colegio asi que se conecta mas tarde pueden llevar la dinamica como deseen o hacer roles de como quedaron sus monitos despues del hex o como se sienten en sus equipos si desean me y lo agrego al hilo principal acuerdo
disgust;pareces la policia nacional controlando quien te deja de seguir o no aflojaaa avergonzado
disgust;grave error tachar jamas me habia metido en ese tipo de charlas de audio hoy lo hice pero no caere otra vez descontento flojerita descansen relajado
trust;ya me voi a dormir xfavor que no me pierda una actualizacion de instagram de los chicos partido bai relajado
trust;oficialmente los ultimos entrenos del ano se acaban hoy a descansar hasta enero relajado arriba
disgust;me huele a empanada avergonzado
joy;me ha tocado en la loteria de navidad pfff podre tapar un par de agujeritos tontos fiesta fiesta confeti confeti cava
trust;querido papa noel este ano me he portado muy bien pero no quiero que me traigas nada al contrario te agradeceria si pudieras llevarte el covid de una vez por todas orar orar orar orar orar muchas gracias relajado
disgust;que bronca no puedo dormir frustrado
anger;buen momento para que las cordales duelan hdspm frustrado
disgust;soy tan impulsiva que despues de comprar pasajes senar dpto me estoy arrepintiendo ansioso ansioso
disgust;pienso en el baile y siempre la misma pregunta que mierda me pongo frustrado
trust;ahi voy relajado el viernes de diciembre a las mirare al cielo y dire hasta aki te kise hasta aki te ame hasta aki te espere adios pasado somnoliento
sadness;pedi un kebab y no me dijo amigo el repartidor sadge decepcionado
disgust;mis vecinos no dejan dormir porque tienen su musica de mierda a todo lo que da frustrado me siento como en obre cuando se enfiestaban afuera de mi depa
disgust;mae no ha dejado de llover todo el santo dia santo dios decepcionado
disgust;maldito aire acondicionado me levanto resfriada todas las mananas cabreado
disgust;y bueno los llegaron con dolor de rodilla desconfiado
joy;joven mami jesusito tiene villano rubias si que tiene si pero no vamos a hablar de el todavia frustrado
disgust;arrancamos la epoca de desayunar sambuchitos almorzar sambuchitos merendar y por supu cenar sambuchitos amistoso
surprise;quel golazo de l'indonesie aterrado aterrado aterrado
sadness;sueno acuerdo frio se acabo para el
disgust;estoy de vacaciones y me hacen madrugar frustrado
sadness;llevo mas de una semana sin darme amor propio questapasandaaaaa aterrado
disgust;no les pasa que estan bien dormidos y derrepente zaz les dan ganas de cagar frustrado
joy;chismear con julia fue lo mejor aprobacion
disgust;la vecina esta fumando marihuana no me molesta pero me dejo el depa pasado y estoy con los ninos tuve que cerrar las ventanas y puta el calor desanimado
joy;mi mejor amiga se tomaba todo con seven up hasta que le ensene a ligarlo con canada dry ahora nama e asi que bebe aliviado comiendo
disgust;que calor sorechuchadetumadre desanimado agotado
disgust;eso de andar bien dopado me quita el sueno siempre cabreado
sadness;muy temprano para deprimirme mejor me duermo jaja pulgar
joy;no me lo creo me ha tocado me ha tocado me ha tocado la suerte de ser del villarreal comparte en tu muro si a ti tambien amarillo azul amarillo billete
anger;el tren por tu casa avergonzado
joy;mi papa termino comprandome el body que tanto queria adorar
anger;lo peor no es cuando alguien joven pilla el covid por hacer el gilipollas lo peor es cuando se lo pasa a toda su familia seguid asi muchachos aprobacion
anger;el algoritmo me esta mostrando puros ataques a determinada persona pensativo
joy;feliz cumple louis relajado relajado relajado relajado preocupado
anger;la chica te lastimo tu corazon si partido pues ve y le lastimas la cuca fenix relajado
anger;llevo mas de dias sin dormir caminante
disgust;que estres comprarle el regalo a la suegra desconcertado
joy;una cosa bonita en medio de todas es hoy miedoso
joy;hoy sera uno de esos dias donde le llega a uno el regano de navidad adelantado jaja morning bitchs
disgust;me dejo en un ruido mi hermana cara
disgust;y lo que mas gracioso me parece es que en el trabajo parece que no se contagia y eso que casi nadie teletrabaja ya yo y dos mas pensativo no se rick pero ya no saben ni lo que hacen
disgust;aca a que pueda ir al banco ahora cabreado
sadness;el martes pasado mi psicologa se tomo vacas hasta el de enero y yo necesito charlar con esa mujerrrrrrr llorando tengo que aguantar hasta enero no falta mucho pero para mi es un montonnn
joy;adorar amarillo es un gran orgullo por fin por primera vez en la historia nos tocan celebrar en nuestra casa olivo arena la copa de espana 2o22 y con muchisima alegria de recibir y leer las felicitaciones enamorada jaen mi bella ciudad enamorada
trust;el catalan es idioma mui bonito pulgar existe el verbo trontollar
disgust;todo va tan bien que hasta se me hace raro quien sabe que va a pasar pensativo
anger;mi hermano se fue hace dias mas o menos con su chica y ni se acuerda de la familia frustrado
disgust;no jures en vano sabes que no me odias por mas que quieras o tal vez si quien sabe si dices la verdad o mientes pensativo
disgust;un nene peque de mi finca diciendome que los reyes me iban a traer carbon he estado a punto de contarle la verdad sobre esos reyes suyos enfadado
joy;una locura el amanecer que vi hoy desconcertado
disgust;que inferno caraaaa cabreado cabreado cabreado cabreado
disgust;weon a quien se le ocurre ponerse a regar a las de la manana despertandome porque se pone a mojar mi ventana maldecir mi mama agradecido
anticipation;se puede tomar igual en el dia que te vacunas cara
anger;clases a las me despierto a las a las a las y llego media hora temprano frustrado hablame de ansiedad
disgust;ay oye yo no me quiero ni peinar me siento tan comoda relajado como una loquita desanimado ademas que si salgo por ley me tengo que banar pq el covid anda desatado triste
disgust;todos los anos estoy a esto aprobacion de no hacer los viajes navidenos con mi familia porque mi mama se pone en modo idiota
joy;salgo del metro y me enciendo una palmera que bonita es la vida cuando hay alguien que te espera acuerdo
disgust;los que haceis spoilers todo bien por casa porque sois muy mala gente oye maldecir
trust;m que casualidad encontrarte en mi para ti de tiktok desconfiado el universo querra decirme algo agradecido
surprise;que de cambios este ano aterrado
disgust;ya empece mal el dia olvidandome los lentes de sol frustrado
joy;que pedo mi sobrina diciendo awuaaaa a los meses desconcertado
joy;sigo flipando con lo que me paso ayer amantes
joy;empezamos bien el dia maldecir
sadness;entrometerme en la vida de terceros porque estoy solx y me pica que sean felices alguien necesita un psiquiatra miedoso
disgust;dolor de estomago pero con los teres de lucero desconcertado
disgust;sone que estaba en un campo gigante donde me trataban de cazar porque no tenia la carta de recomendacion de la familia duena del lugar que vaina me senti en una mezcla como de black mirror y la purga desconcertado me desperte antes de que se dieran cuenta que estaba escapando
disgust;quiero dejar los lentes pero no puedo usar d contacto triste triste
disgust;la voz de barry de fondo en las historias me muero triste triste
anger;ay que bronca la puta madre enfadado
disgust;porque siempre se tardan una eternidad en llegar los uber enfadado y lo peor es que me cobran bien caro y aun asi lo pido y se tardan mas de minutos cabreado
trust;jimin apareceuu morado amistoso nunca fui triste
disgust;te voy hacer ese pionono de roquefort que te gusta tanto frustrado no mi ciela no me gusta ese dia tenia hambre y te comia hasta a vos mi falta de expresion arruina mi salud mental y mi digestion
disgust;si tu vida es tan perfecta por que tienes que hablar tan mal de la del resto pensativo
surprise;yo hablo demasiado o la gente habla muy poco triste
disgust;o me dan unos besos y abrazos ahora mismo o me muero no es broma enfadado enfadado
disgust;mi cara de durazno al ver algo que no me gusta es inevitable frustrado
sadness;m he peleado con unas d mi clase acuerdo
trust;vamos a por el carnet de moto divertido
surprise;porque a tantos les molesta que barracas central alla clasificado a primera si boca tiene que jugar alla cual es el problema pensativo
surprise;me tocooooo aterrado
anticipation;si una mujer te favea un tuit es que quiere garchar con vos pensativo
anger;verano pasa rapido enfadado
disgust;no estoy devolviendo nada porque ya me amane enfadado
surprise;fui a sacar efvo y solo tenian 2mil el flaco me miro con cara de y si negri son las 7a.m frustrado
fear;oh dios ese temblor casi me tumba de la silla miedoso
disgust;mi mama cuando quiere es bien soreta pulgar
surprise;bueno no se ni como aprobe portugues pero el finde se festeja pulgar
disgust;ah pero ayer no me costo ni un chin despertarme frustrado
joy;hoy tengo tareas de admin de gc omg omg adorar kekw
sadness;pobre mirabel desanimado
fear;hice algo muy chilango en quintana roo pregunte de que eran las quesadillas del buffet ansioso
disgust;me desperto el dolor de hueso cabreado
disgust;hoy siento que no soporto a nadie ya me quiero ir del trabajo y vivir sola frustrado
surprise;hay canciones que son tan aaaaaaggghhhhh hpta como anillo al dedo desconcertado
anger;quien sera la cornuda que esta haciendo humo a esta hora no ves que tengo ropa tendida hdp maldecir
anticipation;la que me va a caer de vuelta a casa asombrado
disgust;saco los pies para sentir fresquito y olivia me los muerde querida te podes calmar frustrado
joy;manana ya es jueves adorar
anticipation;si el ano pasado nomas estaba cara la bebida no me quiero imaginar este ano aterrado aterrado aterrado 5mil minimo para pegarte una buena chupa
disgust;he evitado que atropellasen a mi madre y en agradecimiento se ha cabreado conmigo por echarle la responsabilidad a ella pulgar pulgar pulgar pulgar pulgar pulgar
anger;aaa mi amigo me esta cambiando por su ruka enfadado enfadado enfadado
surprise;acabo de escuchar el petardazo en forma de trueno mas fuerte de mi vida aterrado aterrado aterrado aterrado vaya pepinazooooo
surprise;a veces pasan cosas tan random en la vida es increible como pueden cambiar tus pensamientos en un abrir y cerrar de ojos avergonzado
joy;mi hermano mayor me dijo te amo voy a llorar implorando implorando pegan fuerte estas fechas relajado
sadness;quieroo lass fotoss de mis somnoliento desanimado
surprise;quien me entiende ahora estoy feliz frustrado
sadness;tengo al gato a la perra y a ivan durmiendo desde hace dos horas no me puedo aburrir mas triste
joy;anoche corriendo en la calle con cami relajado esquivando cucarachas agotado
anticipation;bueno ya quede con mi partner de vacunacion para ir hoy por la 3era dosis a ver si esta tampoco me hace nada jeje cara
surprise;faltas un dia al trabajo y se acumulan pendientes como si hubiesen pasado semanas desconcertado
sadness;gente perdon x estar tan inactiva decepcionado partido pero cuentenme que les regalaron
trust;segunda amanecida sin cabecear ahora al rancho como papa noel cara
sadness;estoy tan aburrida que pense que era domingo y recien estamos a sabado triste
sadness;extrano hablar con ella frustrado
disgust;esta muy cool eso de no sentir rencor por nadie pero que mas oportunidades le vas a estar dando tu a alguien que en reiteradas ocasiones te ha tratado mal y como una opcion aaaa ya se la oportunidad pa que te vuelva a tratar mal una vez mas cara adorar
sadness;broma pesada a mi trabajo un para distraerme triste triste triste triste
anger;q bronca despertarme antes de que suene la alarma maldecir
joy;kheee lindos todos los dias de diciembreeee adorar bengala
joy;el voy a ir a ver a mi tio adorar
surprise;pepinazoooo aterrado aterrado aterrado aterrado
disgust;mama diciendome que quiere que la lleve a ver matrix ansioso
surprise;cual fue el momento de quiebre donde todo se vino abajo y yo acostumbrandome a eso desconcertado
surprise;y todos estos comediantes expertos en deportes que han salido en las redes pensativo
disgust;por que no es viernes desconcertado
anticipation;queridoo papa noel para navidad alguna morochaa fiel puede serr pensativo
anger;humedad calor bichos sapos moscas enfadado
surprise;con la anto somos tan ridiculamente iguales que el otro dia llego a mi casa con el mismo traje de bano que tenia yo aterrado
trust;trabajando en los ultimos pedidos antes de navidad navidad muchisimas gracias por vuestra confianza a la hora de encargarme vuestros regalitos envoltorio deseo os guste el resultado y deseo que paseis una felices fiestas brindar bengala abrazos gigantes negro ꕥ terapias y artesania link in bio
fear;mi jefa me dejo me dejo la tarea de cuidar las plantas del estudio ansioso que miedo
anger;mano que maldecir
trust;me he metido full laca en el cabello para estar peinado en la cena golpeado relajado
trust;el dia q decore mi cuarto con cosas de mis favs no kiero q mi familia se quede a dormir ahi en serio duerman en la sala no me importa si vienen de visita solo no vengan mejor pulgar nomas mi abuela y mis papas
surprise;luna aterrado jarras espacio espacio espacio
joy;por otro lado jugar al tft me da ganas de vivir estoy a lp de orito adorar
joy;perro 23pm kst pensamiento jajajaja volteando el pulpo no parecia nada especial pero el pulpo era tan lindo y divertido
surprise;y os sorprende pillar covid despues de la gamergy frustrado
disgust;sono la alarma y que rabia perra maldita anti patriota frustrado
joy;esas pataditas de mi pollo son las que me motivan a seguir trabajando adorar
sadness;mis manos huelen a pezcado llorando llorando
surprise;el hermano de joong avergonzado
sadness;dure horas armando un maldito lego de mi sobrino no merezco decepcionado
surprise;me ha tocado el gordo avergonzado avergonzado avergonzado
surprise;pues nada ya compre casi todos mis tickets para el ciclo dorsky hiler en barcelona un total de peliculas a lo largo de dias desconcertado
sadness;lo bueno de ser soltero es no tener que comprar regalo de navidad a nadie relajado lo malo de ser soltero es no tener a nadie para comprar regalo de navidad decepcionado
sadness;senores pero estamos a y mis amistades no dicen nada del chilindron angustiado
trust; dias para vivir una navidad de otro nivel desconcertado
joy;despues de casi dos anos voy a ir al cine de nuevo implorando relajado relajado relajado agradecido
joy;la felicidad que acabo de sentir al saber que tengo pizza para comer recalentada adorar
joy;like tambien he tenido momentos horribles como cada ano pero creo que en este puedo ver mas claramente lo positivo adorar
surprise;pues nada ya compre casi todos mis tickets para el ciclo dorsky hiler en barcelona un total de peliculas a lo largo de dias desconcertado
sadness;lo bueno de ser soltero es no tener que comprar regalo de navidad a nadie relajado lo malo de ser soltero es no tener a nadie para comprar regalo de navidad decepcionado
surprise;senores pero estamos a y mis amistades no dicen nada del chilindron angustiado
trust; dias para vivir una navidad de otro nivel desconcertado
joy;despues de casi dos anos voy a ir al cine de nuevo implorando relajado relajado relajado agradecido
disgust;en las tiendas no en mas tiendas frustrado corrector metido
joy;la felicidad que acabo de sentir al saber que tengo pizza para comer recalentada adorar
joy;like tambien he tenido momentos horribles como cada ano pero creo que en este puedo ver mas claramente lo positivo adorar
anticipation;me preocupa que opino lo mismo que miguel bose me preocupa todavia mas que la gente sigue creyendo lo contrario pensativo
sadness;para los que quieran colapsar trabajen en un call center aprobacion al borde de la depresion y el maximo estres
anticipation;esas mujeres que piensan que uno se les acerca solo para cogerlas quien les hizo tanto dano pensativo
fear;hoy voy al dentista ansioso ansioso ansioso ansioso ansioso
disgust;donde vas estas fiestas a new york ostras que bien no la misma mierda pero en otro horario frustrado
anger;como vuelva a ver una foto de un pito me lo como y punto enfadado
joy;buennnn dia sonriendo
sadness;otro dia largo hoy frustrado
anger;pues nada este sabado actuaba en moma salamanca y el covid de nuevo vuelve enfadado
surprise;ayuda no puedo salir del subsuelo de pokemon perla es taaan adictivo aterrado aterrado
surprise;dique temblo en ei sitio cara
trust;obvio si obvio si pulgar empoderado
disgust;tengo la pollera pero no tengo el top para el viernes frustrado
trust;green flag si se llama juan jose aprobacion bengala
trust;donde te agarren como perro en barrio ajeno ahi es luis donaldo colosio riojas va pulgar
sadness;vos te tenes que poner en el lugar de ellos pero en el tuyo quien se pone nadie amistoso
disgust;bueno al menos me siento mejor que anoche por ahora esto sigue siendo un gripon muy inconveniente en estas fechas frustrado
surprise;joder le he invocado aterrado
trust;creo que fui de los pocos en mi trabajo que no compre loteria no les ha tocado respiro tranquilo pero nunca mas ese sufrimiento el proximo ano compro ansioso
sadness;oigannn nunca se crean el ya voy llegando y menos de mi avergonzado
joy;hace anos aprox que no vemos tv cable recomiendo aprobacion
disgust;no me ha tocado la loteria se me han quemado los garbanzos y por ultimo me han cortado el agua en la calle frustrado
sadness;mi vida youngro estaba re asustada triste triste triste puto no hagas que llore
joy;el entrenamiento de hoy fue mitico implorando relajado
trust;perdon pero soy heterosexual para mis amigas estupefacto
joy;que rico manana soleada con grados de temperatura me recuerda el clima de la universidad y lo agradecido que tengo que estar por haberme mudado acuerdo
surprise;ayer termine de ver el arco de york shin de cazador x y que onda esos ultimos capitulos de tension chicoss hisoka avergonzado
surprise;alaaaaa avergonzado pero si es un todos con todos
surprise;hoy por fin voy a ver spiderman avergonzado
anger;trabajo en la cocina y solo tengo un ventilador de techo que tira mas calor el proximo que entre y diga que calor o no tenes calor lo apunalx minimo un tiro en la rodilla maldecir
disgust;detesto q me acorda cabreado
joy;lo graciosa y lo chulisima que es mi suegra es la mejor adorar
anticipation;bueno vamo a ve que dice el medico frustrado
joy;m desahogue con nunu y ahora m siento mejor aunq no le dije una cosa pero ne pulgar pulgar pulgar
surprise;shockeado con las expensas de algunos lugares 45mil miedoso
anger;ni nada bien pues ahora mismo mi hija tiene fiebre y ahora que pues a denunciar a estos medicos y enfermeras que nos proporcionaron un trato malisimo y despectivo bueno este es salud no responde y la gente que te atiende tampoco enfadado enfadado enfadado enfadado
joy;feliz dia para todos mis lindos y queridos seguidores q este sea un miercoles de muchas bendiciones alegrias y sobre todo de la presencia de nuestro senor jesucristo divertido divertido divertido
anger;estoy enfadado con el ultimo de ojo de halcon
joy;me siento feliz y ansiosa desconcertado
surprise;la segunda escena post credito de spiderman aaaaaaa avergonzado ascendente ascendente
disgust;no me lo creo me ha tocado me ha tocado me ha tocado la desgracia de ser del athletic club comparte en tu muro si a ti tambien rojo blanco rojo billete
anger;una quiere volver de la gira y q este su re amor en la cama y no lo unico q hay es la pila de ropa que me probe antes de salir y la perra con el culo en la almohada enfadado
anger;pero habia un juego en especial q me sacaba de mi zona de confort enfadado
trust;he dado positivo en ser un maquina pulgar
joy;esta buenisimo el ultimo capitulo de hawkeye no se olviden que hay una escena post creditos cara
disgust;a mi lo unico que me han tocado son los coj nes frustrado
sadness;volvi estaba de viaje ansioso
surprise;aterrado aterrado aterrado como van a jugar con nuestra mente asi la esposa de hawkeye es una vengadora es agente de la shield
anger;que pedo como que vega a rayados enfadado
joy;gracias uma x felicitarme la navidad me las pasare estudiando relajado arriba
disgust;luce un dia de mierda avergonzado
trust;amigos los cuento con dedos nada mas aprobacion puno puno y me basta
anger;si estoy vacunada pero no me deja poner mis datos en la f app para el certificado enfadado enfadado enfadado enfadado
disgust;estoy r malo conmigo mismo ni en mi puedo confiar ya frustrado
disgust;cansada de levantarme todos los dias a las cabreado agradecido
anger;me cago en juanma y en la educacion fisica maldecir maldecir enfadado enfadado
disgust;odio hacer fila en el banco frustrado
trust;a media manana reunion de comite envien buena energia que se define el budget del ano billete bailar bailar confeti
surprise;en el instituto esta dando positivo hasta perry cada vez que abro el correo me comunican otros dos o tres aterrado
disgust;aterrado aterrado no me lo creo suerte me ha tocado suerte aterrado aterrado bollo suerte me ha tocado la suerte de no ser un puto gabacho suerte bollo
disgust;flaca ya callate frustrado
trust;tome muchas malas decisiones este ano pero las anecdotas sonriendo ascendente
trust;bueno tenemos salud pensativo
anticipation;ahora tengo ganas de leerme heartstopper quien me deja los libros avergonzado
trust;que azada estoy empezando de el dia pulgar
anger;odio como todos los miercoles se ponen a cortarle el pasto a mi vecina a las am maldecir
trust;patriotas busco trabajo claramente tengo mejor curriculums que el presidente riendo soy kine pero bienvenido lo que sea relajado
disgust;nos han parado la peli enfadado
disgust;no puede ser que no pueda dormir un poco mas frustrado
disgust;ahora mismo deberiamos estar en nuestras casas viendo la loteria no en clase frustrado
anger;recien me entere que j1n y n4m tambien tienen c0v1d y triste triste triste triste odio al c0v1d
sadness;me acabo de meter una caida terrible y he caido con el movil xao pantalla pulgar agradecido
joy;indo viajar empoderado pulgar
disgust;hay gente cara dura desconfiado
disgust;no entiendo por que hay personas que escriben mal su propio nombre suspicaz
surprise;habia que salir en canoa hoy angustiado
sadness;el sorteo de la loteria de navidad me pone melancolico frustrado
fear;tercera dosis anti covid y en camino para la cuarta algo no anda bien pensativo
disgust;como le digo que no le aguanto frustrado sin decirle que no le aguanto facepalm
disgust;un dia me hace llorar y hoy estoy aqui en el sofa con el cabreado
joy;que lindas fotos de perritos y gatitos en respuesta a brownie adorar amo mucho
joy;feliz cumpleanos louis relajado triste triste
trust;a ver buenas vibras y muchos exitos vengan a mi aprobacion
sadness;mal ahi re extrano a mis amigas cuando eramos todas desempleadas estabamos mas juntas q hago renunciooooo implorando triste
fear;hermano voy a borrar esto o hanma me c0rta la cabeza miedoso
sadness;y yo que me iba a poner mi vestido de nuevo hoy desanimado
joy;manana es mi egreso manana es mi egreso avergonzado avergonzado avergonzado avergonzado
sadness;m oye vamos a encargar algo para comer el jueves le entras yo si va m nos toca como de o ahorita te digo bien yo miedoso
sadness;que yo deberia haber ido al instituto de a pq es el ultimo dia de clases y me acabo de levantar ahora a las vale miedoso
sadness;estoy a punto de colapsar desconcertado
surprise;creo que esta lloviendo hoy en sevilla lo que no ha llovido en todo el asombrado
disgust;tiene narices que una tarjeta de sonido sound blaster live que iba estupenda cuando en la torre retro tenia el pentium ii ha dado cantidad de problemas al actualizarle la placa base y la cpu a las del pentium frustrado
anticipation;me muero con la tormenta q va a caer aterrado
anger;estoy muy cabreado con los cabrones y cada dia mas ladrones y que el estado espanol les permita a los bancos robar como roban me estoy refiriendo a las comisiones desmesuradas que te cobran enfadado enfadado enfadado enfadado enfadado
disgust;lo que celebra chile es el final de el sistema productivo tipico de pronto lo empresas se unen y paran seria bueno si pulgar
joy;ventajas del covid no tener que aguantar a determinados individuos de tu familia o familia politica en las comidas cenas de estas fiestas confeti confeti confeti confeti confeti confeti que veladas mas tranquilas vamos a tener sonriendo
joy;yo fernandocosta sube videos con su yaya yo relajado relajado relajado
trust;arranque el dia con todas las de perder y aca estoy firme con mi buen humor y buenas vibras
disgust;primer dia en madrid y no he desayunado porras asi no enfadado
anticipation;como sabran las hojaldras en la freidora pensativo
sadness;me ha tocado aterrado aterrado aterrado me ha tocado aterrado aterrado aterrado me ha tocado aterrado aterrado aterrado me ha tocado aterrado aterrado aterrado me ha tocado aterrado aterrado aterrado me ha tocado aterrado aterrado aterrado me ha tocado aterrado aterrado aterrado me ha tocado suspender 
disgust;hace frio y yo de aweona traje poleron sin gorro pena pena
surprise;llegue media hora antes al trabajo aterrado
fear;verga es hoy miedoso miedoso miedoso miedoso
disgust;cuando voy a dejar de pensar tan meticulosamente todoooo desconcertado
joy;lian li noctua acuerdo tratar bien a sus clientes
joy;buenos dias gracias dios por otro dia junto a lo mas que amo mi hijo gracias por bendecirnos siempre no puedo esperar para ver que nos traera este espero que sean muchas mas bendiciones ya estoy lista adorar bengala
sadness;muy triste porq he roto la tradicion de un tatuaje al ano instaurada desde q me hice mi primer tatuuu angustiado
surprise;dios mio como voy a ser hija de una clasista ok
surprise;nunca antes habia tenido tanta gente conocida con covid como con esta nueva variante es impresionante aterrado aterrado
trust;de donde yo me voy no vuelvo si hay algo que me enseno mi pasado es que no se tropieza dos veces con la misma piedra pulgar agitar
sadness;levantarme de mal humor es lo peor que me puede pasar frustrado
surprise;las filas de los servicarros para las pruebas de covid estan ocasionando un tapon descomunal el de la carretera en carolina esta que da hasta miedo aterrado aterrado
surprise;a que vrga me desperte a las de la manana frustrado
disgust;ellos jamas aguantaron a una mujer liderando y ahora si quieren que manga de pelotudos desconfiado nadie les compra sus volteretas
anticipation;pregunta seria gente empanadas don ramon referencias los leo cara cerdo
joy;primer cafe de la manana
joy; lbs en un mes y dias avergonzado vamos bien
anger;consejo del dia cierren el put ciclo y sean felices adorar con mucho amor les digo
disgust;madrugar no es lo mio ansioso
disgust;marico la novia de mi cunado cada vez que la veo lo unico que hace es quejarse de que el carajo no le para bolas triste amiga ese hombre no es que sirva mucho
anticipation;qpp con estos suenos que estoy teniendo avergonzado
disgust;las ganas de irme que tengo frustrado
joy;estoy re lindaaaaa implorando relajado
surprise;mi hermano ya paso a secundaria en que momento crecio tantoo miedoso
trust;planear en mi cabeza conversaciones que no van a suceder es mi pasion frustrado
sadness;para que me enferme asi loco somnoliento somnoliento somnoliento somnoliento
joy;hoy les dare el otro regalo de navidad a mis amigas adorar enamorada
disgust;menstruacion enfadado enfadado
disgust;yo acuerdo confundirme entre los nombres alberto alvaro y roberto
anger;y mi deposito no mas no me llego nunca ayer enfadado
disgust;llevo minutos con una mascarilla en el pelo xk el de historia del arte no se calla enfadado
joy;gracias por existir ser mi amigui aqui y compartir juntas este amor por los chicos mereces toda la felicidad del mundo porque tu haces felices a muchas personas espero la pases super bien hoy y disfrutes mucho tu dia implorando relajado
disgust;hoy ha habido tongo como lo del ano pasado o no frustrado
surprise;ciro ni me mira anda loco desconcertado
sadness;bueno se acabo lo que se daba frustrado
disgust;estoy enfadado con la existencia hoy exploto a la minima frustrado
surprise;oye yo pense que metanoia ya no existia y sigue vendiendo aterrado
sadness;mama mia he borrado fotosss asombrado asombrado asombrado asombrado asombrado
anticipation;manana a esta hora estoy en una camilla con un laser apuntando a mi ojo aterrado
disgust;me pongo en modo colchonero no estoy conforme con este sorteo que lo repitan enfadado
joy;me autoregale para navidad una gorra snap new era de la nba me salio un ojo de la cara pero si doy vueltas no me la compro mas estaba entre la de golden state los raptors o la de denver mi corazon fue por campazzo canasta
surprise;yo pensaba que en diciembre la gente no iba al psicologx pero ya llevo pacientes nuevxs en dias aterrado
sadness;seguire durmiendo pero tristica porque no tengo a mi chamita aqui al laito enfadado
surprise;premio record ameba el omicron es el virus que se ha propagado mas rapido que cualquier otro virus en la historia aterrado bill gates
surprise;todavia no asimilo que estamos a un par de dias para que se acabe el ano desconcertado
disgust;joder tio que puta manana mas estresante y solo son las aterrado
joy;daaaale que es el ante ultimo dia laboral bebeeeeeeeeee giratorio belleza confeti confeti
anticipation;si me toca la loteria invito a una cena a todos los que le den fav a este tweet empoderado pulgar
sadness;yo como si nada hasta que mi medico me dijo la gravedad de mi quemadura asi terminamos el ano aprobacion
trust;cena de navidad after hasta las 20am ir a trabajar a la 8am pero a que costo caminante caminante tener sueno es mental
joy;muy buenos dias comunidad twetera amanecer amanecer amanecer amanecer amanecer amanecer fieles e infieles amanecer amanecer amanecer amanecer amanecer amanecer amanecer pueblo libre y laborioso
disgust;gente con temas artisticos teneis que pagar a los artistas su tiempo vale dinero enfadado enfadado gente cuando no les va el ordenador movil oyee tu eres informatico no podrias ayudarme obviamente sin pagarte somos amiwis jeje
trust;todo bien que usted lo va a lograr aunque a veces esos bajones de la vida le hagan creer que no yo estoy aqui para apoyarle cuando usted necesite porque yo tengo la seguridad que usted puede con todo implorando relajado bengala
joy;hola amigos buenos dias como estas bendiciones un abrazo pulgar
disgust;esto me pasa por confiar en un frances enfadado
anger;re caros estan los juguetes frustrado
joy;y si te como la carita avergonzado
disgust;primera vez que porque hace calor me pongo el ambo solo sin remera abajo y ya estoy molesta maldito cuello escote v se ve todo enfadado enfadado
disgust;estoy tratando de estar mas tiempo en el sueno profundo pero con hoy es el tercer dia que duermo hrs min me quedo en el o sigo tratando de aumentar pensativo pensativo
disgust;como les rompi el culito avergonzado
surprise;tuve un sueno bn raro asombrado
anticipation;tngo dos dias para cagarme de hambre porque este ano no pienso salir fea en la foto familiar divertido divertido
disgust;los zurdos deben estar nadando en un lago de baba boric piensa en la reforma de la constitucion y entre los integrantes de la convencion constituyente hay una mujer mapuche frustrado
joy;buen diaaaa bebeeees bengala naranja hoy vuelvo a trabajar la emocion que manejo adorar relajado
joy;ya se me calento el hocico desanimado
joy;hoy veo a mi padrino y a mis primos en el cumple de la abuela adorar
joy;hoy comenzo muy bien el dia adorar
disgust;vaya por dios otro ano sin ser rica cabreado
anger;hay gente que te hace vivir un infierno pero le dice a todo el mundo que el diablo sos vos y se cree la victima del cuento impresionante desconcertado
anticipation;cuando es el cumpleanos d marta desconfiado
fear;madre mia los truenos aterrado
joy;no me dejes implorando no te dejaria por nada en el mundo implorando relajado
surprise;me acabo de enterar que the veronicas sacaron un nuevo album aterrado
disgust;dadme las felices fiestas que todavia te tiro una silla a la cabeza frustrado
joy;viajar a huaraz e ir escuchando la musica de antologia grupo hace de mi viaje mas hermoso sonriendo
disgust;mall llenos gente vuelta loca comprando celularesde ultima gama agotados calles repletas de automoviles capitalismo puro y votaron por un comunista anticapitalista y q le da rabia q la gente ocupe sus vehiculos no se si es ignorancia o ingenuidad pensativo
surprise;por que ahora tengo seguidores cara
anticipation;o final de hawkeye desconcertado
joy;aqui ha llegado ya un libro que sale en marzo y no esta ni anunciado aterrado en los deberes hechos
sadness;que espectaculo dimos anoxhe en la calle aterrado aterrado
joy;muy linda adorar
disgust;es que que es eso de las sobras como si el tiempo invertido en alguien no valiera nada si no es tu pareja no se feisimo me parece ansioso
anticipation;tengo que cocinar y no se que cocinar pero tengo ganas de papitas fritas avergonzado
disgust;por cierto que el ano pasado dije que nunca mas iba a jugar al amigo secreto frustrado
sadness; sanguchitos de desayuno de almuerzo de merienda literal llevo dos dias alimentandome a base de sanguchitos triste
sadness;hoy en dia nadie es confiable decepcionado decepcionado felices fiestas para todos relajado relajado relajado
disgust;en mamada que ocurre en mi hospi ayer la enfermera especialista del turno vespertino no me quiso entregar hasta que entrara el especialista de mi turno porque solo entre especialistas la morra tiene post tecnico desconfiado
sadness;vaya dia de locos que llevo madre mia desconcertado
sadness;todas mis ex parejas siempre confiaba con la demas gente pero no el amor de su vida como voy a creer en con el amor frustrado
disgust;si no suman que no resten pulgar
disgust;son las de la manana y mi vieja se levanto gritando se levanto re tranquila dice frustrado
joy;hace tiempo que no descansaba tanto aliviado
anticipation;los muchachos ya empezaron con la cantidad de casos nuevos en breve van a pedir cuarentena obligatoria y renta basica otra vez aterrado aterrado aterrado
disgust;q pereza la gente de ciencias q se cree superior frustrado
anger;me hincha los huevos que me dieron turno para hacerme analisis en el centenario que queda lejos de mi casa y no me atienden el telefono asi que voy a tener que ir hasta alla simplemente a averiguar que onda enfadado
disgust;aunque se madrugue hay trafico maldecir
disgust;los dias lluviosos no son festivos ya son las 00pm dormido miedoso
surprise;mi tia me desbloqueo el celular g estaba jungkook motoquerp me quede asi avergonzado avergonzado avergonzado avergonzado
disgust;como cuesta seguir trabajando asi con tantas injusticias todos ahora con cuna politica enfadado enfadado enfadado
disgust;leo escucho que bordalas ha pedido fichajes que se busca un central y un mediocentro que no se descarta un delantero que suena godin gonzalo villar etc pero hector gomez dice que es imposible fichar no sera otra mentira de hector para intoxicar verdad pensativo
disgust;no me llega el paquetito enfadado enfadado enfadado
joy;me he cambiado la fotito de perfil uoooo adorar
surprise;una pareja decide suicidarse saltando de un edificio cuando llegaron a la cima ambos contaron hasta la mujer salto pero el hombre se quedo ahi el la observo caer durante segundos y luego la vio sacar un paracaidas quien traiciono a quien frustrado
sadness;que dolor escuchar las nv de los que ya no estan con nosotros desanimado
joy;buenos dias se va al gym
joy;estoy trabajando y no traje desayuno y nada mas fue que dijera que tenia hambre para que me compraran de comer amo ser la consentida de la gente implorando relajado
sadness;como que nadie me hizo ensalada de manzana triste
joy;no me lo puedo creer me ha tocado me ha tocado seguir siendo igual de sexy otro ano mas fiesta
surprise;por fa me podrian explicar como personas que huyeron del socialismo celebran el triunfo del socialismo en el pais que llegaron de inmigrante soy un ignorante en el tema desconcertado
disgust;btw hace mas de dos anos que retrasaron minions frustrado
surprise;no tengo ninguna intencion de ser vegana en la vida pero desde hace un rato que ya me aburrio la carne roja cada vez como menos que hacer pensativo
sadness;porque no me siento feliz en mi cumpleanos decepcionado
disgust;quitaron practicamente todos los discos de ekatarina velika de spotify pulgar
joy; dias para mi cumpleanos que emocion desanimado
sadness;que linda pelicula misterio lastima que ahora no puedo parar de llorar triste
fear;eeehhh el rayo que ha caido en sevilla que ha deslumbrado todo y que ha sonado como si se cayera el cielo madre mia han retumbado los cristales como segundos aterrado
anger;llego la temporada donde la cagas como siempre frustrado adios
surprise;salga mal o no soy preciosa cara
surprise;miercoles y todavia no se que me voy a poner para navidad aterrado
joy;adivinen quien cumple anos el sabado adorar bengala
surprise;nono las unitas que se vienen haciendo mis clientas desconcertado
sadness;la verdad yo si queria todo con vos maje desanimado
disgust;me sale la barba antes que el gordo me caguen diez frustrado
joy;me aleje de xx personas y mi cabeza se siente liberada y en paz estoy rodeada de gente hermosa que esta lejisimos del puterio y las malas vibras me siento en mi mejor momento adorar bengala
disgust;de vacaciones y levantandome temprano frustrado
joy;que espectaculo las paginas con envio gratis adorar feliz
disgust;me puse a mirar los recuerdos y que bueno tierno y cargoso que soy de novio pero nadie me quiere enfadado
joy;a la chica de it's a lynx not a cat gracias por darme toda la serotonina que el sol me tiene privada adorar
anger;lpm y ahora no me puedo dormir cabreado
joy;taewoo va a debutar triste no crei el rumor pero agradezco sea cierto me gustaban los integrantea del grupo y el era muy lindo con los demas y gracioso relajado estoy feliz
surprise;e me fui a banar y mi hermana me tiro un tweet xq me meti a banar antes que ella desconfiado
joy;feliz de que mis amigas y yo lo dejamos todo para el ultimo dia y no tenemos que revender nada aprobacion
joy;acabo de ver el reel de mi ano y joder quiero llorar de lo feliz que he sido implorando relajado
anticipation;el va a ser un dia pesao pa mi pulgar
disgust;dos horas y media haciendo fila para que cuando este a personas digan que ya no hay plata pulgar
anticipation;cara 43pm kst pensamiento me vendria muy bien un buen chocolate caliente espeso
sadness;a ver como le explico yo a mis sobrinos q este ano no hay reyes xq se han olvidado el certificado covid en casa avergonzado avergonzado avergonzado
joy;yo queria un viaje para mi sola y termine conociendo a alguien increible avergonzado
sadness;fa ahora quiero aprender a maquillarme triste
surprise;leito no hizo carta de despedida agradecimiento aterrado aterrado aterrado aterrado
joy;ahora si confeti
sadness;sere el karma de muchas personas pensativo
joy;que rica la lluvia amistoso enamorada
surprise;hoy me reporto con un incremento en mis niveles de ganas de dejarlo todo y dedicarme a la bebecion sera solo diciembre o los vicios adquiridos hacia las sustancias estupefacientes pienso pensativo
joy;la navidad relajado relajado relajado relajado relajado relajado partido partido partido partido
joy;uno pensaria que cristiano ronaldo tiene tv en su cuarto avergonzado
disgust;de verdad la gente pelea por un asiento a las 7am frustrado
surprise;on live pensamiento he estado jugando mucho al tablero de ajedrez por lo que mis dedos tienen esta forma
sadness;alguien mas hoy de diciembre que no tiene nada pronto para navidad sera que quedare sin comida desconcertado
joy;que chimba parcerita notas cascos fiesta
joy;feliz cumpleanos a la mas bonita de colombia amarillo verde la tierra en la que se fundo el equipo de mis amores en la que fue creada mi alma mater en la que respiro por primera la vez el amor mio y en la que sueno con un mejor futuro gracias por tanto mi amada bucaramanga brindar cumpleanos
surprise;como va a ser el sorteo de la loteria hoy si yo no he visto ni el anuncio aterrado aterrado
surprise;la variante omicron contagia a ratas y ratones aterrado aterrado aterrado
surprise;como ese tremendo bebe estaba dentro de una panza desconcertado
sadness;aveces quisiera estar pequena y disfrutar de la navidad triste
disgust;quisiera hablar idioma gato pa decirle a mi gata que no me gustan las ratas vivas ayer la deje que durmiera conmigo y hoy me trae una frustrado
disgust;bronce si bandera ganaba una medalla de bronce en esa disciplina el cliente se ganaba un vaso de coca cola gratis aprobacion si estados unidos no llegaba al podio el cliente no ganaba nada
disgust;uhhh para que me acorde cabreado
disgust;la experiencia de dana miro para alcaldesa de guaynabo camino con el alcalde trabajo en wic su papa es pnp de clavo pasao tremendo aterrado
joy;no me lo puedo creer me ha tocado me ha tocado me ha tocado la suerte tener las tetas mas grandes de esta aplicacion billete billete bolsa bolsa confeti confeti
anger;no puedo dormir porque no puedo respirar frustrado maldetaaaaaa gripe
anticipation;amaneci como que agripado con un chorro de mocos los ojos super llorosos y diciendo soy baduel ya no se si pueda ser covid h me reporte enfermo o me presento para que no me descuenten pensativo
disgust;aterrado aterrado no me lo puedo creer me ha tocado me ha tocado me ha tocado la desgracia de estudiar en la universidad de valladolid comparte en tu muro si tu tambien
disgust;este mes esta como que muy largo no veo la hora de que se acabe ya frustrado
disgust;mira si no es mal ensenado tenia hambre y no se queria levantar a cocinar me dijo que lleve algo para comer y le lleve ahora me debes docena de empanadas con una birra frustrado
disgust;pero bo sera posible frustrado
disgust;no estaba en mis planes vacunarme de covid pero bue frustrado
anticipation;cuenta como ofensa que me traigan sobrecitos de azucar para el cafe cafe pensativo
joy;arriba jaja pense que me habian dado vacaciones me voy a santa maria maldad
trust;pegue changuita dsp de horario pulgar
disgust;la sensacion de que se te olvida algo y no saber el q maldecir
anger;que rabia lo quiero solo para mi enfadado
sadness;necesito un regalo de ultima hora aterrado
disgust;tengo muchisimo sueno pero no puedo dormir bosteso como una hipopotamo
disgust;he sonado un par de veces el ultimo mes que me despierto y vuelvo a tener miopia y astigmatismo aterrado o sea que no veo casi nada como en la epoca en la que no podia ni tomar un bano o comer si no traia lentes
anger;una semana trabajando y ya no soporto a la gente tan mal educada va a ser y encima siempre el cliente tiene la razon frustrado
anger;re podrida de sonar siempre lo mismo facial cabreado
disgust;que lindo dia y que pocas ganas de trabajar que tengo frustrado
sadness;llevo desde el jueves acostandome a las y levantandome a las al menos ya no me sentire culpable pq hoy se acaban las clases pulgar
trust;la verdad yo estoy muy ocupada y el silencio de kep1er pues no me importaba mucho pero creo q ya llega un punto en el q empezo a notar su ausencia pq hay contenido la verdad ya es preocupante pq no mucha gente es capaz de esperar tanto ansioso como digo yo voy a esperar paciente
disgust;mi mama debe estar podrida de que le diga algo y le termine diciendo a ultimo momento que no va a terminar diciendome que no todo el tiempo frustrado
surprise;pausaaaa como que pasado manana es noche buena avergonzado
joy;hoy a ver spiderman no hay weys en casa pulgar
surprise;que peligro yo suelta por ahi con una tarjeta desconcertado a quien se le habra ocurrido
sadness;me ha tocado confeti confeti confeti me ha tocado el corazon no poderte comerte bb
joy;que rica siesta me he mimido implorando relajado
disgust;dioooos me olvidaba de lo caluroso que es posadas triste
fear;madre mia las farmacias en el centro de madrid ponen carteles de no hay test han arrasado con ellos frustrado locura total
sadness;que ganas de estar con los de siempre fumando porro y tomando birra desconcertado
anger;odio que me hablen mientras desayuno cabreado cabreado cabreado quiero mi paz
sadness;yo acuerdo cagarla siempre
trust;un buen dia tuyo no me va a venir mal sonriendo
anger;sobre que no pude dormir en toda la noche mi vieja me desperto a las cabreado
joy;soy team verano pero estoy disfrutando trabajar con este fresquito adorar
disgust;veo los estados de whatsapp de una ex companera de trabajo que ahora es manicurista pero que pena con esos clientes agradecido avergonzado
anticipation;apenas cobre me hago todos los aritos de nuevo pulgar
disgust;alam mi papa me desperto para abrirle y llego como kotex nocturna ahh pero no fuera yo pq permiso hasta las 12pm enfadado
disgust;leeseo aterrado aterrado aterrado
joy;no me avisaron que saldria a las hoy entonces no traje comida y la hora es hasta las dije que tenia hambre ye regalaron una manzana implorando bengala bengala relajado feli feli
disgust;estos aviones uras hacen mucho ruido xq pasan por arriba del techo maldecir
sadness;es increible lo que estoy viviendo esta ultima semana de problema en problema voy cuando mas quiero hacer las cosas bien desconcertado que suerte
joy;hoy me levante re loca cabreado
anticipation;ma encima siempre son hombres q terminan mucho peor que yo xddd y siempre yo y mi premade grande coty no va a ver esto pero acuerdo somos los q mejor van y los unicos q ganan la linea
anticipation;capaz me compre otro celu che pensativo pensativo pero cual pensativo
anticipation;culia no se si vender la entrada de la gran navidad o esperar para ver que onda o ke frustrado
disgust;re feo ser siempre la que tiene la iniciativa frustrado hasta cuando ori
disgust;neta que el area de seguridad en el aeropuerto de monterrey son unos incompetentes cuando viajas con mascotas maldecir cabreado
disgust;bueno pues ni tan mal este ano teniendo en cuenta que los anteriores no me toco na de na ambicioso ambicioso
disgust;gastroenterocolitis y no poder salir del bano en toda la noche hermosa manera de terminar el ano lavando bombachas y sentada en el water dijo nadie nunca ansioso
disgust;joder es que me encuentro fatal triste triste
fear;medio madrid buscando test de antigenos en las farmacias y ninguna tiene avergonzado avergonzado avergonzado
anger;que es este infierno en la calle maldito veranooo asombrado
disgust;ahora nadie me contesta enfadado
sadness;a ver si vuelve mi hna y colabora con cocinarme para seguir comiendo bien porque tengo el plan de la nutri juntando tierra ahi frustrado
trust;antes yo era buena ahora lo sigo siendo pero no con todos aprobacion
disgust;entre los mosquito y el calor me hacen poner de muy mal humor frustrado
disgust;el final de hawkeye enfadado no me puedo creer que en menos de una semana marvel haya pasado de hacer el mayor fan service de la historia a marcarse un ralph boner 
joy;ya un dia mas y voy a lima adorar
sadness;manana tengo el ultimo examen de diciembre y estoy de blancazo no retengo nada a parte de la parte practica y me da realmente igual enfadado
disgust;lo que me ha costado estar bien toda una semana tu lo jodes solo en un dia lo tuyo es un don frustrado
disgust;que hago despierta cabreado
sadness;eh pasado las peores navidades desde hace anos triste triste triste
disgust;oficialmente estamos en invierno ya se viene el frio chido
surprise;estoy empezando a reaccionar a las storys con confeti y aplaudir oficialmente una senora no hay quien me pare
joy;me devuelven las perras y yo feliz como si me hubiera tocado medio millon sonriendo victoria
fear;temblo duro en santiago cara
joy;cada dia me quiero un poco mass sonriendo
fear;covid aca se habla del aumento de contagios pero nada se dice del d ocupacion de camas ni del ratito de fallecidos pensativo
disgust;si yo tenia q magrudar por q razon me acoste tarde maldecir
fear;temblor fuerte en santiago ok
disgust;fui al centro a comprar el cosito que engancha las varillas de la carpa me falta solo uno no venden venden la varilla completa mangos i en pedo mi tia tiene que comprar todas las varillas de la carpa avergonzado
anger;que sistema de mierda que tienen los banco lrpm maldecir
joy;que lindo sentirse de la familia en una que no es la tuya
anger;hace semanas habia sacado el turno ni siquiera me dio una solucion y a ultimo momento buscando otra chica que bronca por lo menos me hubiera mandado contestado que no tenia lugar frustrado
anticipation;una semana para mi cumple avergonzado
sadness;cada vez se hacen menos speech de ano nuevo payaso agotado relajado
sadness;hoy me la ponen ayuda ansioso
sadness;como me miro el drama si ni las paginas que los transmiten ilegalmente me funcionan triste
disgust;estar enfermo me pone de mal humor enfadado
sadness;lo mas random de mis semana me exploto el horno en la cara me quemo el pelo y la mano pulgar
joy;muy buenos dias mi gente espero que tengais un gran miercoles sonriendo
surprise;en que momento paso todo tan rapido hoy estamos haciendo ano y meses ya aterrado
fear;soy yo o este ano vamos a pasar una navidad de mierda por culpa del ornitorrinco ese enfadado
sadness;dia triste pulgar
fear;me da miedo que un dia de estos mi cuyito se infarte de tanta pirotecnia que tiran desanimado
disgust;que vayas al endocrino y en los tiempos que estamos te diga que no tomes proteinas que son malas para el higado y que tienes obesidad segun el imc ese es el nivel frustrado
sadness;oye si alguien que viva en sevilla quiere entradas para ver la de spiderman hoy a las que me lo diga que yo no puedo ir porque esta inundada la autopista pulgar
disgust;mi toc me ataca estoy en el dentista mirando los bototos del caballero frente a mi y lo unico que quiero ahora es limpiarle los bototos aterrado
trust;bueno pues ah sido un placer desanimado
anticipation;viene juana viene mari avergonzado
disgust;que gono ya a dos dias de navidad miedoso miedoso miedoso
joy;tengo muchas ganas de abrazarte implorando ya estoy contando los dias relajado
disgust; de la manana y ya hace grados como les puede gustar esto es algo que no entiendo frustrado
surprise;como que ya se acabara el ano pero si aun me falta ir al gym y ponerme bien chida ansioso
disgust;cual prima jefe si aqui el unico que recibe prima es usted pensativo
anger;lo malo de vivir cerca del trabajo que cuando suena la puta alarma me despierta no son horas chingao enfadado
disgust;hoy tambien queria tomar sol y se nubla enfadado
fear;carmen y andrea todas se estan embarazando ansioso automaticamente las tres tocando madera
disgust;ay por dios que nadie me dirija la palabra hoy estoy infumable frustrado
trust;quiero ver a todos los posmodernos que defienden el genero como una construccion social defender que la raza es tambien construccion social cara
anger;odio tanto estar enferma cabreado
surprise;estas re tranqui y de repente faltan dos dias para navidad ansioso
sadness;asi quede ansioso
fear;cuarta dosis aterrado aterrado aterrado aterrado aterrado
joy;mi papa ya abrio el regalo que le di y le encanto implorando relajado
anger;horrible mi dia no me pude levantar de la cama
joy;quiero un maraton de friends implorando relajado
joy;nomas se lo perdono a yeonjun adorar
trust;he pasado de tener el portatil en ingles a tener el portatil y el movil en ingles xd ya estoy mas que acostumbrada al portatil a ver como me va en el movil cara
disgust;que linda hora para ir a la dentista enfadado
disgust;como que como que no me ha tocado el gordo enfadado enfadado enfadado enfadado enfadado enfadado
disgust;no son ni las de la manana y mis companeros ya me pusieron las tetas como dos macetas frustrado
sadness;mientras mas temprano me duermo mas cansada amanezco cabreado dormido
surprise;se fijaron que ayer fue el ultimo dia del ano del siglo xxi pensativo
joy;hoy me senti tan bien en el curso ahh implorando relajado
sadness;que cansancio que tengoooooooo quiero dormir horas mas frustrado
joy;yo tambien quiero churritos con chocolate frustrado
surprise;por un numero no me ha tocado el gordo no me lo creo aterrado aterrado aterrado aterrado aterrado
disgust;tengo que lidiar con eta muchacha y tambien su playlist de demi lovato pues mire que no que yo no soy tan generosa ni buena gente desconfiado
disgust;leyendo pude entender el origen del universo como es el mundo cuantico o como la luz es una particula que por suma de vectores direccionales tiene efectos ondulatorios pero no puedo entender el acuerdo paritario del gremio de telefonicos que pedazo de quilombo que es aterrado
joy;este ano me puso tanto a prueba q lo unico que puedo es agradecer y ayudar poco o mucho a otros a hecho q en definitiva mi corazon se llene de alegria implorando relajado
joy;empezamos mi franco mas que bien espero seguir asi adorar
joy;buen dia no se acaba mas la semana me levante de muy buen humor hoy capas sale cine entonces sonriendo
joy;hacia tiempo no dormia desnudo y buaah que bien dormi relajado
sadness;amets te echo de menos enfadado enfadado
disgust;a mi me tienen que explicar que necesidad hay de sacar aviones un de diciembre que aterrizan a las frustrado
joy;not el baterista de cinema tocando la bateria despues de diez anos para el dia de hoy y tocando forever or never triste
joy;hoy me desperte con la noticia de que me habian aprobado la visa un buen regalo de cumpleanos si me lo preguntan fiesta
anger;es que ni una puta terminacion ni una maldad
joy;aaaaaaaaaaaaaaaaaa que lindo implorando relajado
anticipation;a veces desde ya nos preocupamos por el y todavia le faltan dias al no le demos alas a la ansiedad aprobacion prioriza terminar una tarea para luego comenzar otra lo que hay es tiempo
disgust;ese tipo me sonrie la gracia no la entendi desconfiado
surprise;amor aller cuando estaba con tigo senti que algo en mi se rompio hay mi amor q lindo y si cuando revise fue el condon eh aterrado
joy; gyoza pensamiento pm arroz delicioso incluso pedi un cafe con leche de te verde y me lo comi
joy;los cuellos de tortuga con el cabello como lo traigo se debe ver genial panico
sadness;pues nada no soy millonaria frustrado
anticipation;mi flaca me va a matar con el corte de pelo que me voy a tirar pero es necesario ya un cambio total de look avergonzado avergonzado mudo