sadness	alguien mas hoy de diciembre que no tiene nada pronto para navidad sera que quedare sin comida desconcertado
joy	me ha tocado en la loteria de navidad pfff podre tapar un par de agujeritos tontos fiesta fiesta confeti confeti cava
disgust	me sale la barba antes que el gordo me caguen diez frustrado
disgust	que mania la de levantarme temprano innecesario frustrado
anger	q bronca despertarme antes de que suene la alarma maldecir
joy	no me lo puedo creer me ha tocado me ha tocado seguir siendo igual de sexy otro ano mas fiesta
disgust	no me lo creo me ha tocado me ha tocado me ha tocado la desgracia de ser del athletic club comparte en tu muro si a ti tambien rojo blanco rojo billete
anticipation	esperando mi visita cara
surprise	amor aller cuando estaba con tigo senti que algo en mi se rompio hay mi amor q lindo y si cuando revise fue el condon eh aterrado
surprise	como ese tremendo bebe estaba dentro de una panza desconcertado
sadness	hace como dias que no como bien y hace como una semana que no duermo nada asi estoy caminante
disgust	aunque se madrugue hay trafico maldecir
disgust	maldito aire acondicionado me levanto resfriada todas las mananas cabreado
sadness	que yo deberia haber ido al instituto de a pq es el ultimo dia de clases y me acabo de levantar ahora a las vale miedoso
joy	que rica siesta me he mimido implorando relajado
anger	sino nag qrt enfadado enfadado enfadado enfadado enfadado
disgust	la vecina esta fumando marihuana no me molesta pero me dejo el depa pasado y estoy con los ninos tuve que cerrar las ventanas y puta el calor desanimado
joy	taewoo va a debutar triste no crei el rumor pero agradezco sea cierto me gustaban los integrantea del grupo y el era muy lindo con los demas y gracioso relajado estoy feliz
disgust	quisiera hablar idioma gato pa decirle a mi gata que no me gustan las ratas vivas ayer la deje que durmiera conmigo y hoy me trae una frustrado
anticipation	si una mujer te favea un tuit es que quiere garchar con vos pensativo
fear	no estoy preparada pero eso les da igual pulgar
surprise	los madridistas rabiando porque ayer expulsan a kounde por agredir a alba avergonzado alguien me lo puede explicar
anger	viste cuando dicen hoy no es mi dia buenooo hoy no es el mio enfadado
joy	ya vieron que en mubeat pusieron a way que no fue promocionada asi que espero esten juntando votos pq nunca sabemos que puede pasar ademas el stream no es un dia pulgar
joy	le regale loteria de navidad a jordi ahora tenemos para irnos a comer aliviado
sadness	como que nadie me hizo ensalada de manzana triste
trust	trabajando en los ultimos pedidos antes de navidad navidad muchisimas gracias por vuestra confianza a la hora de encargarme vuestros regalitos envoltorio deseo os guste el resultado y deseo que paseis una felices fiestas brindar bengala abrazos gigantes negro ê•¥ terapias y artesania link in bio
sadness	broma pesada a mi trabajo un para distraerme triste triste triste triste
sadness	nos debemos la despedida desanimado
surprise	dique temblo en ei sitio cara
anger	consejo del dia cierren el put ciclo y sean felices adorar con mucho amor les digo
anticipation	alguien mas quiere vender su entrada de la gran navidad frustrado
disgust	ahora nadie me contesta enfadado
disgust	ay por dios que nadie me dirija la palabra hoy estoy infumable frustrado
disgust	marico la novia de mi cunado cada vez que la veo lo unico que hace es quejarse de que el carajo no le para bolas triste amiga ese hombre no es que sirva mucho
surprise	quien me entiende ahora estoy feliz frustrado
sadness	me caga enfermarme porque no me puedo besukiar a mi novio triste
joy	uy ya tengo una novia avergonzado avergonzado
trust	vamos a por el carnet de moto divertido
surprise	en que momento paso todo tan rapido hoy estamos haciendo ano y meses ya aterrado
disgust	tengo muchisimo sueno pero no puedo dormir bosteso como una hipopotamo
sadness	no tengo permiso de mi papa aun pensativo
sadness	oigannn nunca se crean el ya voy llegando y menos de mi avergonzado
joy	buenos dias mundo cara
disgust	estos aviones uras hacen mucho ruido xq pasan por arriba del techo maldecir
surprise	hoy por fin voy a ver spiderman avergonzado
sadness	aveces quisiera estar pequena y disfrutar de la navidad triste
disgust	y ahi quedaste pu le pusiste mas color y ahi quedaste frustrado
disgust	lo que me ha costado estar bien toda una semana tu lo jodes solo en un dia lo tuyo es un don frustrado
anger	trabajo en la cocina y solo tengo un ventilador de techo que tira mas calor el proximo que entre y diga que calor o no tenes calor lo apunalx minimo un tiro en la rodilla maldecir
joy	chismear con julia fue lo mejor aprobacion
surprise	el covid dijo pero como que volvi no entiendo si yo nunca me fui cara
disgust	como cuesta seguir trabajando asi con tantas injusticias todos ahora con cuna politica enfadado enfadado enfadado
surprise	como va a ser el sorteo de la loteria hoy si yo no he visto ni el anuncio aterrado aterrado
fear	temblo duro en santiago cara
sadness	loco puede ser que disney haga peliculas tan profundas me van a matarrrr triste triste
surprise	todavia no asimilo que estamos a un par de dias para que se acabe el ano desconcertado
trust	la verdad yo estoy muy ocupada y el silencio de kep1er pues no me importaba mucho pero creo q ya llega un punto en el q empezo a notar su ausencia pq hay contenido la verdad ya es preocupante pq no mucha gente es capaz de esperar tanto ansioso como digo yo voy a esperar paciente
sadness	llevo desde el jueves acostandome a las y levantandome a las al menos ya no me sentire culpable pq hoy se acaban las clases pulgar
joy	daaaale que es el ante ultimo dia laboral bebeeeeeeeeee giratorio belleza confeti confeti
joy	que lindas fotos de perritos y gatitos en respuesta a brownie adorar amo mucho
disgust	que bronca no puedo dormir frustrado
joy	hace anos aprox que no vemos tv cable recomiendo aprobacion
joy	casi adopto un perrito pero encontre su dueno y quedo en buenas manos relajado desanimado
sadness	pobre mirabel desanimado
disgust	te odio y te amo marvel triste
sadness	cb desde que he llegado aqui lo menos que he hecho es dormir frustrado
disgust	bronce si bandera ganaba una medalla de bronce en esa disciplina el cliente se ganaba un vaso de coca cola gratis aprobacion si estados unidos no llegaba al podio el cliente no ganaba nada
disgust	me he dejado asombrado los auriculares desconcertado en salamanca payaso una genia soy
joy	estoy trabajando y no traje desayuno y nada mas fue que dijera que tenia hambre para que me compraran de comer amo ser la consentida de la gente implorando relajado
joy	feliz de que mis amigas y yo lo dejamos todo para el ultimo dia y no tenemos que revender nada aprobacion
joy	y si te como la carita avergonzado
sadness	entrometerme en la vida de terceros porque estoy solx y me pica que sean felices alguien necesita un psiquiatra miedoso
trust	el catalan es idioma mui bonito pulgar existe el verbo trontollar
sadness	despues vuelven las y se agarran a las pinas aliviado
disgust	no me ha tocado la loteria se me han quemado los garbanzos y por ultimo me han cortado el agua en la calle frustrado
joy	mi papa termino comprandome el body que tanto queria adorar
joy	me siento feliz y ansiosa desconcertado
sadness	mal ahi re extrano a mis amigas cuando eramos todas desempleadas estabamos mas juntas q hago renunciooooo implorando triste
anger	que es este infierno en la calle maldito veranooo asombrado
joy	que rica la lluvia amistoso enamorada
joy	perro 23pm kst pensamiento jajajaja volteando el pulpo no parecia nada especial pero el pulpo era tan lindo y divertido
sadness	esas ganas de un tremendo mananero y no tener con quien ansioso ansioso
joy	hoy me desperte con la noticia de que me habian aprobado la visa un buen regalo de cumpleanos si me lo preguntan fiesta
joy	sigo flipando con lo que me paso ayer amantes
surprise	estas re tranqui y de repente faltan dos dias para navidad ansioso
sadness	yo acuerdo llorar por todo
disgust	hoy ha habido tongo como lo del ano pasado o no frustrado
disgust	mi mama debe estar podrida de que le diga algo y le termine diciendo a ultimo momento que no va a terminar diciendome que no todo el tiempo frustrado
disgust	despierta desde las de la manana gracias lluvia frustrado
joy	anoche corriendo en la calle con cami relajado esquivando cucarachas agotado
anticipation	cuando es el cumpleanos d marta desconfiado
joy	la felicidad que acabo de sentir al saber que tengo pizza para comer recalentada adorar
joy	hoy les dare el otro regalo de navidad a mis amigas adorar enamorada
sadness	mi corazoncito en mil pedazos relajado partido agradecido
disgust	grave error tachar jamas me habia metido en ese tipo de charlas de audio hoy lo hice pero no caere otra vez descontento flojerita descansen relajado
fear	hablar de nosotros eso es haram ansioso
disgust	que linda hora para ir a la dentista enfadado
anger	ni nada bien pues ahora mismo mi hija tiene fiebre y ahora que pues a denunciar a estos medicos y enfermeras que nos proporcionaron un trato malisimo y despectivo bueno este es salud no responde y la gente que te atiende tampoco enfadado enfadado enfadado enfadado
trust	quiero ver a todos los posmodernos que defienden el genero como una construccion social defender que la raza es tambien construccion social cara
disgust	la doble moral todos defendiendo a mark anthony por su fama y demas pero si las muecas las hace el tata algun picotero o hasta el mismo silvestre que un dia por algo parecido le cayeron encima todos estarian hablando buena monda de burros y periqueros no nos iban a bajar pensativo
disgust	que bien horitas de vuelo divertido y un dolor de cuello inmamable
surprise	 ya tenemos el gordo fiesta confeti cava
disgust	a mi me tienen que explicar que necesidad hay de sacar aviones un de diciembre que aterrizan a las frustrado
disgust	como esta costando este dia ansioso
anger	hasta ahora al cabo de anos he visto que el gobiernito no ha hecho nada por el bienestar y mejoramiento de la calidad de vida del jubilado pensionado me pregunto seria acertado que yo le diera mi voto al prd para el si no ha hecho nada x mi hoy los leo pensativo
disgust	tengo que lidiar con eta muchacha y tambien su playlist de demi lovato pues mire que no que yo no soy tan generosa ni buena gente desconfiado
trust	creo que fui de los pocos en mi trabajo que no compre loteria no les ha tocado respiro tranquilo pero nunca mas ese sufrimiento el proximo ano compro ansioso
disgust	oficialmente estamos en invierno ya se viene el frio chido
surprise	llegue media hora antes al trabajo aterrado
disgust	el proximo que pida mi numero lo bloqueo enfadado caso cerrado
surprise	por un numero no me ha tocado el gordo no me lo creo aterrado aterrado aterrado aterrado aterrado
surprise	yo hablo demasiado o la gente habla muy poco triste
anticipation	si el ano pasado nomas estaba cara la bebida no me quiero imaginar este ano aterrado aterrado aterrado 5mil minimo para pegarte una buena chupa
disgust	ay oye yo no me quiero ni peinar me siento tan comoda relajado como una loquita desanimado ademas que si salgo por ley me tengo que banar pq el covid anda desatado triste
disgust	que guapa estas la cosa es que tienes novio enfadado
joy	por otro lado jugar al tft me da ganas de vivir estoy a lp de orito adorar
joy	uno pensaria que cristiano ronaldo tiene tv en su cuarto avergonzado
joy	buenos dias gracias dios por otro dia junto a lo mas que amo mi hijo gracias por bendecirnos siempre no puedo esperar para ver que nos traera este espero que sean muchas mas bendiciones ya estoy lista adorar bengala
disgust	hace frio y yo de aweona traje poleron sin gorro pena pena
joy	este ano me puso tanto a prueba q lo unico que puedo es agradecer y ayudar poco o mucho a otros a hecho q en definitiva mi corazon se llene de alegria implorando relajado
sadness	como me miro el drama si ni las paginas que los transmiten ilegalmente me funcionan triste
disgust	y lo que mas gracioso me parece es que en el trabajo parece que no se contagia y eso que casi nadie teletrabaja ya yo y dos mas pensativo no se rick pero ya no saben ni lo que hacen
sadness	el martes pasado mi psicologa se tomo vacas hasta el de enero y yo necesito charlar con esa mujerrrrrrr llorando tengo que aguantar hasta enero no falta mucho pero para mi es un montonnn
anger	que fiebre tan malparidaaaa desanimado desanimado desanimado
disgust	por que no se os llena la boca hablando de la constitucion cuando dejan desamparados a menores desahucian a personas mayores no somos iguales antes la ley no voy a decir a q m huele porque ya lo sabemos todos avergonzado avergonzado
joy	me devuelven las perras y yo feliz como si me hubiera tocado medio millon sonriendo victoria
surprise	a que vrga me desperte a las de la manana frustrado
sadness	no me toca ni la loteria suspicaz
anticipation	o final de hawkeye desconcertado
disgust	btw hace mas de dos anos que retrasaron minions frustrado
disgust	como le digo que no le aguanto frustrado sin decirle que no le aguanto facepalm
disgust	he sonado un par de veces el ultimo mes que me despierto y vuelvo a tener miopia y astigmatismo aterrado o sea que no veo casi nada como en la epoca en la que no podia ni tomar un bano o comer si no traia lentes
disgust	en las tiendas no en mas tiendas frustrado corrector metido
trust	que quieren que suba hoy cara
disgust	no me llega el paquetito enfadado enfadado enfadado
sadness	que espectaculo dimos anoxhe en la calle aterrado aterrado
sadness	 sanguchitos de desayuno de almuerzo de merienda literal llevo dos dias alimentandome a base de sanguchitos triste
disgust	flaca ya callate frustrado
anger	estoy muy cabreado con los cabrones y cada dia mas ladrones y que el estado espanol les permita a los bancos robar como roban me estoy refiriendo a las comisiones desmesuradas que te cobran enfadado enfadado enfadado enfadado enfadado
anticipation	ahora tengo ganas de leerme heartstopper quien me deja los libros avergonzado
anticipation	el va a ser un dia pesao pa mi pulgar
sadness	para los que quieran colapsar trabajen en un call center aprobacion al borde de la depresion y el maximo estres
sadness	eh pasado las peores navidades desde hace anos triste triste triste
anger	que intensa estoy porfavor desconcertado
joy	despues de casi dos anos voy a ir al cine de nuevo implorando relajado relajado relajado agradecido
anticipation	como sabran las hojaldras en la freidora pensativo
disgust	se me fueron hasta las ganas de comer pulgar
fear	he dado positivo xd en tener la mejor combi completa avergonzado
disgust	ah pero ayer no me costo ni un chin despertarme frustrado
joy	adorar amarillo es un gran orgullo por fin por primera vez en la historia nos tocan celebrar en nuestra casa olivo arena la copa de espana 2o22 y con muchisima alegria de recibir y leer las felicitaciones enamorada jaen mi bella ciudad enamorada
joy	pues a ver si hay suerte y vuelve a funcionar el agua caliente frustrado
disgust	odio hacer fila en el banco frustrado
surprise	pues nada ya compre casi todos mis tickets para el ciclo dorsky hiler en barcelona un total de peliculas a lo largo de dias desconcertado
joy	adivinen quien cumple anos el sabado adorar bengala
anger	verano pasa rapido enfadado
joy	no importa luego ira a netflix aliviado
sadness	todavia me siento cansada ansioso jaja
disgust	que estres comprarle el regalo a la suegra desconcertado
joy	 dias para mi cumpleanos que emocion desanimado
fear	bueno aparentemente en cordoba no estaria habiendo ni una persona sin covid colores colores colores colores pulgar pulgar pulgar
anger	al menos es curro para lo del ano que viene espacio espacio espacio pero mucho curro enfadado enfadado enfadado
joy	no me avisaron que saldria a las hoy entonces no traje comida y la hora es hasta las dije que tenia hambre ye regalaron una manzana implorando bengala bengala relajado feli feli
disgust	lo malo de tener padres religiosos es que te vendan todas las pajas de la biblia perdonar al projimo la union familiar estamos hechos a las semejanzas de dios y pare de contar frustrado
trust	tome muchas malas decisiones este ano pero las anecdotas sonriendo ascendente
trust	cena de navidad after hasta las 20am ir a trabajar a la 8am pero a que costo caminante caminante tener sueno es mental
joy	mi hermano mayor me dijo te amo voy a llorar implorando implorando pegan fuerte estas fechas relajado
surprise	aterrado aterrado aterrado como van a jugar con nuestra mente asi la esposa de hawkeye es una vengadora es agente de la shield
joy	un vago que me atendio en un negocio me regalo un bombon excelente servicio pulgar aprobacion
sadness	pues nada no soy millonaria frustrado
anger	que sistema de mierda que tienen los banco lrpm maldecir
joy	no me lo creo me ha tocado me ha tocado me ha tocado la suerte de ser del villarreal comparte en tu muro si a ti tambien amarillo azul amarillo billete
joy	como regalos de navidad le compre a la emma desconcertado
sadness	muy triste porq he roto la tradicion de un tatuaje al ano instaurada desde q me hice mi primer tatuuu angustiado
trust	manana me toca la tercera dosis avergonzado como les ha ido a ustedes
joy	buen dia ya se va acercando el dia en el que hare mis ediciones navidenas el ano pasado faltaron por muchas razones pero este no faltaran ni las navidenas ni las de fin de ano bengala navidad noel claus confeti
disgust	mi toc me ataca estoy en el dentista mirando los bototos del caballero frente a mi y lo unico que quiero ahora es limpiarle los bototos aterrado
joy	mi mejor amiga se tomaba todo con seven up hasta que le ensene a ligarlo con canada dry ahora nama e asi que bebe aliviado comiendo
surprise	la variante omicron contagia a ratas y ratones aterrado aterrado aterrado
fear	madre mia las farmacias en el centro de madrid ponen carteles de no hay test han arrasado con ellos frustrado locura total
sadness	todas mis ex parejas siempre confiaba con la demas gente pero no el amor de su vida como voy a creer en con el amor frustrado
disgust	veo los estados de whatsapp de una ex companera de trabajo que ahora es manicurista pero que pena con esos clientes agradecido avergonzado
disgust	de verdad la gente pelea por un asiento a las 7am frustrado
anger	una quiere volver de la gira y q este su re amor en la cama y no lo unico q hay es la pila de ropa que me probe antes de salir y la perra con el culo en la almohada enfadado
surprise	he ido al aldi a comprar un roscon de reyes con la firme intencion de no comprar ninguna planta como creeis que ha acabado la cosa suspicaz
surprise	me compre hace un tiempo atras un perfume channel en la zofri me salio cara dije ctm la huea cara pero no importa trabajo y me saco la cresta ayer fui al mall en chillan mismo perfume channel pregunte valor y me dijo la nina
anger	detesto la gente irresponsable para que pedis un turno si siempre cancelas a ultima hora maldecir
disgust	nos han parado la peli enfadado
anger	hace semanas habia sacado el turno ni siquiera me dio una solucion y a ultimo momento buscando otra chica que bronca por lo menos me hubiera mandado contestado que no tenia lugar frustrado
trust	todo bien que usted lo va a lograr aunque a veces esos bajones de la vida le hagan creer que no yo estoy aqui para apoyarle cuando usted necesite porque yo tengo la seguridad que usted puede con todo implorando relajado bengala
surprise	que peligro yo suelta por ahi con una tarjeta desconcertado a quien se le habra ocurrido
anger	ala ya no me toca el gordo enfadado
disgust	lo que celebra chile es el final de el sistema productivo tipico de pronto lo empresas se unen y paran seria bueno si pulgar
disgust	en mamada que ocurre en mi hospi ayer la enfermera especialista del turno vespertino no me quiso entregar hasta que entrara el especialista de mi turno porque solo entre especialistas la morra tiene post tecnico desconfiado
anger	anos defendiendo el spiderman de andrew para q ahora sea el favorito de todos enfadado enfadado os odio
disgust	cuando voy a dejar de pensar tan meticulosamente todoooo desconcertado
anger	sobre que no pude dormir en toda la noche mi vieja me desperto a las cabreado
disgust	gastroenterocolitis y no poder salir del bano en toda la noche hermosa manera de terminar el ano lavando bombachas y sentada en el water dijo nadie nunca ansioso
joy	status civil sin un chele pero cero deudas y empleados felices y contentos con su doble y esa es la navidad feliz del jefe pulgar
sadness	lo unico que quoero es estar bien decepcionado
joy	me aleje de xx personas y mi cabeza se siente liberada y en paz estoy rodeada de gente hermosa que esta lejisimos del puterio y las malas vibras me siento en mi mejor momento adorar bengala
joy	quiero un maraton de friends implorando relajado
disgust	necia la gente que quiere poner pura banda porque esta hasta la vrga cuando todos traen el perreo aun frustrado
joy	feliz dia mundial de la salud a todos fiesta
anger	lo peor no es cuando alguien joven pilla el covid por hacer el gilipollas lo peor es cuando se lo pasa a toda su familia seguid asi muchachos aprobacion
surprise	hoy me reporto con un incremento en mis niveles de ganas de dejarlo todo y dedicarme a la bebecion sera solo diciembre o los vicios adquiridos hacia las sustancias estupefacientes pienso pensativo
joy	hoy tengo tareas de admin de gc omg omg adorar kekw
disgust	alv mucho tweet de influencer espanol que fue de fiesta diciendo que salio positivo covid estando vacunad s miedoso da que pensar y es que veo fotos y ni cubrebocas traen y de la distancia social ni hablamos
anger	ya salio el viejo ctm de la vega enfadado enfadado enfadado enfadado
sadness	me ha tocado aterrado aterrado aterrado me ha tocado aterrado aterrado aterrado me ha tocado aterrado aterrado aterrado me ha tocado aterrado aterrado aterrado me ha tocado aterrado aterrado aterrado me ha tocado aterrado aterrado aterrado me ha tocado aterrado aterrado aterrado me ha tocado suspender 
disgust	gente con temas artisticos teneis que pagar a los artistas su tiempo vale dinero enfadado enfadado gente cuando no les va el ordenador movil oyee tu eres informatico no podrias ayudarme obviamente sin pagarte somos amiwis jeje
joy	mi novio se la pasa comprandome alfajores gomitas helado mc donals todos los dias ta bien igual ni queria llegar al verano pulgar
sadness	amets te echo de menos enfadado enfadado
surprise	por que ahora tengo seguidores cara
anticipation	si me toca la loteria invito a una cena a todos los que le den fav a este tweet empoderado pulgar
trust	segunda amanecida sin cabecear ahora al rancho como papa noel cara
disgust	ellos jamas aguantaron a una mujer liderando y ahora si quieren que manga de pelotudos desconfiado nadie les compra sus volteretas
joy	feliz navidad y felices fiestas para todos los coleguillas de aqui un amistoso muy fuerte
disgust	odio eterno al calor asqueroso enfadado
disgust	esta muy cool eso de no sentir rencor por nadie pero que mas oportunidades le vas a estar dando tu a alguien que en reiteradas ocasiones te ha tratado mal y como una opcion aaaa ya se la oportunidad pa que te vuelva a tratar mal una vez mas cara adorar
anticipation	me muero con la tormenta q va a caer aterrado
sadness	ayer una amiga no estaba mostrando las tetas y la abuela nos vio que pena avergonzado
disgust	y bueno los llegaron con dolor de rodilla desconfiado
anticipation	manana a esta hora estoy en una camilla con un laser apuntando a mi ojo aterrado
sadness	pedi un kebab y no me dijo amigo el repartidor sadge decepcionado
surprise	por fa me podrian explicar como personas que huyeron del socialismo celebran el triunfo del socialismo en el pais que llegaron de inmigrante soy un ignorante en el tema desconcertado
trust	green flag si se llama juan jose aprobacion bengala
anticipation	bueno vamo a ve que dice el medico frustrado
trust	bueno pues ah sido un placer desanimado
joy	empezamos mi franco mas que bien espero seguir asi adorar
disgust	pareces la policia nacional controlando quien te deja de seguir o no aflojaaa avergonzado
joy	ya un dia mas y voy a lima adorar
disgust	eso de andar bien dopado me quita el sueno siempre cabreado
anger	el algoritmo me esta mostrando puros ataques a determinada persona pensativo
surprise	mi tia me desbloqueo el celular g estaba jungkook motoquerp me quede asi avergonzado avergonzado avergonzado avergonzado
disgust	o me dan unos besos y abrazos ahora mismo o me muero no es broma enfadado enfadado
sadness	ya no hay buenos dias bart solo dias frustrado
anticipation	tngo dos dias para cagarme de hambre porque este ano no pienso salir fea en la foto familiar divertido divertido
joy	manana ya es jueves adorar
surprise	estoy empezando a reaccionar a las storys con confeti y aplaudir oficialmente una senora no hay quien me pare
anger	estoy enfadado con el ultimo de ojo de halcon
disgust	los dias lluviosos no son festivos ya son las 00pm dormido miedoso
disgust	si yo tenia q magrudar por q razon me acoste tarde maldecir
disgust	hay gente cara dura desconfiado
disgust	no jures en vano sabes que no me odias por mas que quieras o tal vez si quien sabe si dices la verdad o mientes pensativo
disgust	no hay momento que me sienta mas vieja que cuando me sorprendo diciendo o pensando anda ya se acabo el ano ansioso jajjajajjaj
anger	no les voy a decir quien se volvio caminando con lluvia anoche y tiene la garganta pateada frustrado
anger	otro ano currando cabreado
disgust	estoy r malo conmigo mismo ni en mi puedo confiar ya frustrado
disgust	por mucho tiempo culpamos a disney pero el verdadero malvado fue james cameron al crear un personaje tan apasionado como jack dawson llorando pipas
joy	que chimba parcerita notas cascos fiesta
sadness	es increible lo que estoy viviendo esta ultima semana de problema en problema voy cuando mas quiero hacer las cosas bien desconcertado que suerte
surprise	ayer termine de ver el arco de york shin de cazador x y que onda esos ultimos capitulos de tension chicoss hisoka avergonzado
disgust	ya me canse de jugar el mismo jueguito de hace aprox hs frustrado
anticipation	me preocupa que opino lo mismo que miguel bose me preocupa todavia mas que la gente sigue creyendo lo contrario pensativo
anger	y el gordo callo a minutos de mi casa en un centro comercial y no compre numero ahi este ano cuando.lo ano siempre me cago en todo enfadado enfadado enfadado
sadness	estoy confundidisima desconcertado
disgust	estoy enfadado con la existencia hoy exploto a la minima frustrado
disgust	hoy siento que no soporto a nadie ya me quiero ir del trabajo y vivir sola frustrado
sadness	lo mas random de mis semana me exploto el horno en la cara me quemo el pelo y la mano pulgar
anticipation	se copa la plaza el y el desconcertado
joy	enganchado de rock nacional para viajar en tren aprobacion
anger	llevo mas de dias sin dormir caminante
fear	mi jefa me dejo me dejo la tarea de cuidar las plantas del estudio ansioso que miedo
joy	por cierto muchas gracias a todos por las felicitaciones aunque sea una tonteria a mi me hace feliz que os acordeis de mi aunque sea en twitter que paseis unas felices fiestas todos confeti
joy	yo fernandocosta sube videos con su yaya yo relajado relajado relajado
sadness	m oye vamos a encargar algo para comer el jueves le entras yo si va m nos toca como de o ahorita te digo bien yo miedoso
disgust	me desperto el dolor de hueso cabreado
joy	feliz cumpleanos a la mas bonita de colombia amarillo verde la tierra en la que se fundo el equipo de mis amores en la que fue creada mi alma mater en la que respiro por primera la vez el amor mio y en la que sueno con un mejor futuro gracias por tanto mi amada bucaramanga brindar cumpleanos
fear	hice algo muy chilango en quintana roo pregunte de que eran las quesadillas del buffet ansioso
joy	felizzzzz pq hoy me voy a mi casa fiesta bailar
sadness	gente perdon x estar tan inactiva decepcionado partido pero cuentenme que les regalaron
joy	not el baterista de cinema tocando la bateria despues de diez anos para el dia de hoy y tocando forever or never triste
surprise	bueno no se ni como aprobe portugues pero el finde se festeja pulgar
surprise	me acabo de enterar que the veronicas sacaron un nuevo album aterrado
anticipation	los muchachos ya empezaron con la cantidad de casos nuevos en breve van a pedir cuarentena obligatoria y renta basica otra vez aterrado aterrado aterrado
surprise	la segunda escena post credito de spiderman aaaaaaa avergonzado ascendente ascendente
disgust	sone que estaba en un campo gigante donde me trataban de cazar porque no tenia la carta de recomendacion de la familia duena del lugar que vaina me senti en una mezcla como de black mirror y la purga desconcertado me desperte antes de que se dieran cuenta que estaba escapando
fear	soy yo o este ano vamos a pasar una navidad de mierda por culpa del ornitorrinco ese enfadado
joy	por suerte ni me queme preocupado
surprise	me ha tocado el gordo avergonzado avergonzado avergonzado
joy	aqui ha llegado ya un libro que sale en marzo y no esta ni anunciado aterrado en los deberes hechos
joy	muy buenos dias mi gente espero que tengais un gran miercoles sonriendo
disgust	pero bo sera posible frustrado
surprise	pues nada ya compre casi todos mis tickets para el ciclo dorsky hiler en barcelona un total de peliculas a lo largo de dias desconcertado
disgust	madrugar no es lo mio ansioso
disgust	que lindo dia y que pocas ganas de trabajar que tengo frustrado
disgust	mi mama cuando quiere es bien soreta pulgar
disgust	de vacaciones y levantandome temprano frustrado
joy	tengo muchas ganas de abrazarte implorando ya estoy contando los dias relajado
disgust	primer dia en madrid y no he desayunado porras asi no enfadado
sadness	al menos no necesito manejar de manera urgente o si no estaria peor frustrado
surprise	como van terminando el ano yo tranqui me entere me entere mediante un estudio que en algun momento tuve un acv miedoso miedoso
disgust	que vayas al endocrino y en los tiempos que estamos te diga que no tomes proteinas que son malas para el higado y que tienes obesidad segun el imc ese es el nivel frustrado
anger	horrible mi dia no me pude levantar de la cama
joy	viajar a huaraz e ir escuchando la musica de antologia grupo hace de mi viaje mas hermoso sonriendo
disgust	ese tipo me sonrie la gracia no la entendi desconfiado
joy	que rico manana soleada con grados de temperatura me recuerda el clima de la universidad y lo agradecido que tengo que estar por haberme mudado acuerdo
disgust	aca a que pueda ir al banco ahora cabreado
joy	total el dinero no da la felicidad frustrado
anticipation	se puede tomar igual en el dia que te vacunas cara
sadness	que ganas de estar con los de siempre fumando porro y tomando birra desconcertado
disgust	parishiiii emplaza a boric por los medios pero q se lo diga a la cara cara que venga y se lo diga a la cara
anticipation	ma encima siempre son hombres q terminan mucho peor que yo xddd y siempre yo y mi premade grande coty no va a ver esto pero acuerdo somos los q mejor van y los unicos q ganan la linea
joy	el voy a ir a ver a mi tio adorar
fear	eeehhh el rayo que ha caido en sevilla que ha deslumbrado todo y que ha sonado como si se cayera el cielo madre mia han retumbado los cristales como segundos aterrado
anticipation	hoy me tatuo aterrado aterrado aterrado aterrado
disgust	cansada de levantarme todos los dias a las cabreado agradecido
surprise	oye yo pense que metanoia ya no existia y sigue vendiendo aterrado
surprise	faltas un dia al trabajo y se acumulan pendientes como si hubiesen pasado semanas desconcertado
anger	re caros estan los juguetes frustrado
sadness	porque no me siento feliz en mi cumpleanos decepcionado
anticipation	y si me meto en ese peo pensativo
disgust	mama diciendome que quiere que la lleve a ver matrix ansioso
joy	me ha tocado me ha tocado confeti confeti la suerte de tener una increible comunidad fantasia
fear	temblo la tierra y fue bien fuerte aterrado
joy	no me dejes implorando no te dejaria por nada en el mundo implorando relajado
joy	gracias por existir ser mi amigui aqui y compartir juntas este amor por los chicos mereces toda la felicidad del mundo porque tu haces felices a muchas personas espero la pases super bien hoy y disfrutes mucho tu dia implorando relajado
disgust	entre los mosquito y el calor me hacen poner de muy mal humor frustrado
joy	 lbs en un mes y dias avergonzado vamos bien
surprise	amigos por cierto el mancito que me estaba metiendo labia ya no me gusta creo que si es verdad eso de no te gusta solo estas ovulando pensativo
trust	estoy tratando de empezar a juzgar desde la intencion y no la accion es la unica forma de vivir tranquilo y de intentar entender al otro sonriendo
disgust	cual prima jefe si aqui el unico que recibe prima es usted pensativo
fear	medio madrid buscando test de antigenos en las farmacias y ninguna tiene avergonzado avergonzado avergonzado
anger	ay que bronca la puta madre enfadado
disgust	quiero dejar los lentes pero no puedo usar d contacto triste triste
surprise	no tengo ninguna intencion de ser vegana en la vida pero desde hace un rato que ya me aburrio la carne roja cada vez como menos que hacer pensativo
sadness	que linda pelicula misterio lastima que ahora no puedo parar de llorar triste
surprise	pausaaaa como que pasado manana es noche buena avergonzado
surprise	en el instituto esta dando positivo hasta perry cada vez que abro el correo me comunican otros dos o tres aterrado
surprise	salga mal o no soy preciosa cara
anticipation	queridoo papa noel para navidad alguna morochaa fiel puede serr pensativo
trust	no solo honramos a dios trabajando adecuadamente pc en el tiempo y forma correctos sino tambien descansando y divirtiendonos adecuadamente aliviado en el tiempo y forma correctos el descanso importa y mucho
trust	bueno hoy si va a ser un buen dia y nadie me hara amargar ni usted pinche senora que no me quiere alquilar el departamento pensativo
sadness	muy temprano para deprimirme mejor me duermo jaja pulgar
disgust	la experiencia de dana miro para alcaldesa de guaynabo camino con el alcalde trabajo en wic su papa es pnp de clavo pasao tremendo aterrado
sadness	vos te tenes que poner en el lugar de ellos pero en el tuyo quien se pone nadie amistoso
fear	oh dios ese temblor casi me tumba de la silla miedoso
disgust	yo acuerdo confundirme entre los nombres alberto alvaro y roberto
joy	yo tambien quiero churritos con chocolate frustrado
disgust	como les rompi el culito avergonzado
sadness	otro dia largo hoy frustrado
joy	salgo del metro y me enciendo una palmera que bonita es la vida cuando hay alguien que te espera acuerdo
surprise	las filas de los servicarros para las pruebas de covid estan ocasionando un tapon descomunal el de la carretera en carolina esta que da hasta miedo aterrado aterrado
disgust	un de mierda triste
sadness	lo bueno de ser soltero es no tener que comprar regalo de navidad a nadie relajado lo malo de ser soltero es no tener a nadie para comprar regalo de navidad decepcionado
anger	lpm y ahora no me puedo dormir cabreado
anticipation	bueno ya quede con mi partner de vacunacion para ir hoy por la 3era dosis a ver si esta tampoco me hace nada jeje cara
disgust	si no suman que no resten pulgar
disgust	yo hago verdes trabajando horas al dia hay gente nomas de huevona juzgando desde su sofa aliviado bendiciones pa todos jaja
surprise	 mins pa llegar aterrado
joy	esas pataditas de mi pollo son las que me motivan a seguir trabajando adorar
joy	 gyoza pensamiento pm arroz delicioso incluso pedi un cafe con leche de te verde y me lo comi
surprise	ni parece que en dos dias es navidad pensativo
surprise	yo pensaba que en diciembre la gente no iba al psicologx pero ya llevo pacientes nuevxs en dias aterrado
joy	cada dia me quiero un poco mass sonriendo
surprise	una pareja decide suicidarse saltando de un edificio cuando llegaron a la cima ambos contaron hasta la mujer salto pero el hombre se quedo ahi el la observo caer durante segundos y luego la vio sacar un paracaidas quien traiciono a quien frustrado
joy	buenos dias feliz miercoles relajado comic
anger	mi hermano se fue hace dias mas o menos con su chica y ni se acuerda de la familia frustrado
anger	es que ni una puta terminacion ni una maldad
anticipation	una semana para mi cumple avergonzado
anger	la maldita costumbre de no apagar el aire y despues levantarme congestionada frustrado
disgust	los que haceis spoilers todo bien por casa porque sois muy mala gente oye maldecir
anger	no hay cosa que odie mas que la impuntualidad loco enfadado
joy	dalila mili y sole pasaron navidad juntas implorando relajado relajado relajado
surprise	se fijaron que ayer fue el ultimo dia del ano del siglo xxi pensativo
disgust	puto suenoooooooo ansioso
joy	buennnn dia sonriendo
sadness	si van a regalar juguetes o ropita en estas fechas por favor no suban fotos de las caritas de los ninos y personas es lo mas cruel que les pide su ego ayuden y nutran su corazon de bonitas vivencias se los juro que no pasa nada si no lo muestran a sus redes sociales aprobacion primavera
surprise	tuve un sueno bn raro asombrado
disgust	los zurdos deben estar nadando en un lago de baba boric piensa en la reforma de la constitucion y entre los integrantes de la convencion constituyente hay una mujer mapuche frustrado
joy	a la chica de it's a lynx not a cat gracias por darme toda la serotonina que el sol me tiene privada adorar
anticipation	estas navidades quiero probar a cocinar nuevas recetas alguna idea frustrado
surprise	ya es oficial el uso de hba1c en chile como criterio diagnostico de dm2 aterrado por cromatografia liquida de alta resolucion hplc o inmunoensayo
disgust	que gono ya a dos dias de navidad miedoso miedoso miedoso
disgust	tiene narices que una tarjeta de sonido sound blaster live que iba estupenda cuando en la torre retro tenia el pentium ii ha dado cantidad de problemas al actualizarle la placa base y la cpu a las del pentium frustrado
joy	no me lo puedo creer me ha tocado me ha tocado me ha tocado la suerte tener las tetas mas grandes de esta aplicacion billete billete bolsa bolsa confeti confeti
disgust	arrancamos la epoca de desayunar sambuchitos almorzar sambuchitos merendar y por supu cenar sambuchitos amistoso
disgust	mira si no es mal ensenado tenia hambre y no se queria levantar a cocinar me dijo que lleve algo para comer y le lleve ahora me debes docena de empanadas con una birra frustrado
disgust	que inferno caraaaa cabreado cabreado cabreado cabreado
anger	estoy controlando ver mis redes sociales de spiderman pero las notificaciones de las cuentas que sigo en youtube no colaboran vale maldecir
surprise	que de cambios este ano aterrado
joy	que espectaculo las paginas con envio gratis adorar feliz
anger	voy a vengarme de ese marica enfadado
surprise	senores pero estamos a y mis amistades no dicen nada del chilindron angustiado
disgust	a mi lo unico que me han tocado son los coj nes frustrado
surprise	luna aterrado jarras espacio espacio espacio
joy	me he cambiado la fotito de perfil uoooo adorar
sadness	que dolor escuchar las nv de los que ya no estan con nosotros desanimado
surprise	traigo una cancion en mi mente y van dos dias que la escucho en la calle es como si leyeran mi mente desconcertado
disgust	otra vez el mismo sueno frustrado
trust	sera que enamoro a alguien en dias para pasar navidad juntos pensativo
sadness	antes tenia mensajes sin contestar ahora tengo y entre mas se juntan mas me da hueva abrirlos y mas pena contestarlos frustrado
trust	oficialmente los ultimos entrenos del ano se acaban hoy a descansar hasta enero relajado arriba
trust	 dias para vivir una navidad de otro nivel desconcertado
disgust	weon a quien se le ocurre ponerse a regar a las de la manana despertandome porque se pone a mojar mi ventana maldecir mi mama agradecido
sadness	el sorteo de la loteria de navidad me pone melancolico frustrado
joy	manana es mi egreso manana es mi egreso avergonzado avergonzado avergonzado avergonzado
sadness	necesito un regalo de ultima hora aterrado
sadness	cada vez se hacen menos speech de ano nuevo payaso agotado relajado
anticipation	cara 43pm kst pensamiento me vendria muy bien un buen chocolate caliente espeso
disgust	todavia tengo que comprar los regalos desconcertado
joy	que lindo sentirse de la familia en una que no es la tuya
disgust	neta que el area de seguridad en el aeropuerto de monterrey son unos incompetentes cuando viajas con mascotas maldecir cabreado
trust	a media manana reunion de comite envien buena energia que se define el budget del ano billete bailar bailar confeti
sadness	para que me enferme asi loco somnoliento somnoliento somnoliento somnoliento
disgust	la voz de barry de fondo en las historias me muero triste triste
surprise	no les pasa que tienen alergia a todas las mascotas pero menos a la suya asombrado
anger	recien me entere que j1n y n4m tambien tienen c0v1d y triste triste triste triste odio al c0v1d
disgust	yo y mi costumbre de acostarme tarde cuando al otro dia me tengo que levantar temprano frustrado
surprise	nono las unitas que se vienen haciendo mis clientas desconcertado
joy	el entrenamiento de hoy fue mitico implorando relajado
disgust	son las de la manana y mi vieja se levanto gritando se levanto re tranquila dice frustrado
joy	yo en la fruteria me vende una sandia y jicama plis cuanto le debo pregunte nada es su navidad y feliz ano nuevo respondio la senora mis gestos en ese momento preocupado agradecido relajado
disgust	aterrado aterrado no me lo puedo creer me ha tocado me ha tocado me ha tocado la desgracia de estudiar en la universidad de valladolid comparte en tu muro si tu tambien
disgust	dos horas y media haciendo fila para que cuando este a personas digan que ya no hay plata pulgar
disgust	tengo que dejar de salir todas las mananas de mi casa sin desayunar frustrado
disgust	me hace gracia mayor numero de positivos de toda la pandemia menos numero de muertes en toda la pandemia alguien me da que esta metiendo todos los positivos que nos son de covid en el mismo saco desconfiado
joy	like tambien he tenido momentos horribles como cada ano pero creo que en este puedo ver mas claramente lo positivo adorar
joy	despues de casi dos anos voy a ir al cine de nuevo implorando relajado relajado relajado agradecido
sadness	llevo mas de una semana sin darme amor propio questapasandaaaaa aterrado
disgust	que hago despierta cabreado
anger	diciembre deja de sacarme plata desconcertado
anger	imagina pasarse 10min peinandome delante del espejo para que salga a la calle me de el viento y acabe pareciendo javier bardem enfadado
joy	buenos dias amores mios adorar
joy	mi madre nos ha regalado flores a andrea y a mi acuerdo
disgust	fui al centro a comprar el cosito que engancha las varillas de la carpa me falta solo uno no venden venden la varilla completa mangos i en pedo mi tia tiene que comprar todas las varillas de la carpa avergonzado
joy	una cosa bonita en medio de todas es hoy miedoso
sadness	asi quede ansioso
surprise	han cachao que cuando uno responde no a cuando te preguntas si estas bien a la gente le explota la cabeza desconcertado no estan acostumbrados a esa respuesta
joy	aterrado me ha tocado aterrado me ha tocadoooo aterrado me ha tocado aterrado me ha tocadoooo aterrado me ha tocado aterrado me ha tocadoooo me ha tocado la suerte de haberte conocido
anticipation	la que me va a caer de vuelta a casa asombrado
fear	temblor fuerte en santiago ok
anger	me enferma que sean tan irresponsables frustrado
surprise	leito no hizo carta de despedida agradecimiento aterrado aterrado aterrado aterrado
surprise	me compre nose cuantas cosas para ponerme para la fiestas y ahora nada me gusta ok ok ok
surprise	no me lo creo me ha tocado me ha tocado me ha tocado la suerte de ser del villarreal comparte en tu muro si a ti tambien azul blanco azul billete
disgust	he evitado que atropellasen a mi madre y en agradecimiento se ha cabreado conmigo por echarle la responsabilidad a ella pulgar pulgar pulgar pulgar pulgar pulgar
sadness	yo como si nada hasta que mi medico me dijo la gravedad de mi quemadura asi terminamos el ano aprobacion
fear	confieso que tengo al menos cuatro pintalabios que encontre en la feria de albacete hace unos anos y que no uso por miedo al herpes solo los tengo de trofeo cara
sadness	seguire durmiendo pero tristica porque no tengo a mi chamita aqui al laito enfadado
disgust	tengo la pollera pero no tengo el top para el viernes frustrado
disgust	esto me pasa por confiar en un frances enfadado
surprise	chocoaventuras de otro nivel desconcertado
joy	estoy en el metro sentado frente a un chaval de o anos que esta leyendo un libro en papel hay esperanza sonriendo
joy	acabo de ver el reel de mi ano y joder quiero llorar de lo feliz que he sido implorando relajado
anger	que pedo como que vega a rayados enfadado
joy	feliz cumple louis relajado relajado relajado relajado preocupado
disgust	me puse a mirar los recuerdos y que bueno tierno y cargoso que soy de novio pero nadie me quiere enfadado
anger	clases a las me despierto a las a las a las y llego media hora temprano frustrado hablame de ansiedad
sadness	m he peleado con unas d mi clase acuerdo
joy	hoy sera uno de esos dias donde le llega a uno el regano de navidad adelantado jaja morning bitchs
joy	empezamos bien el dia maldecir
disgust	detesto q me acorda cabreado
anger	que pena que se esten robando los bonos navidenos personas que ni siquiera los necesitan y aca es donde entra el dicho pensativo vemos la paja en el ojo ajeno y no vemos la viga que tenemos en el nuestro
joy	feliz miercoles de cosas maravillosas dijo aquella pipas ananas colores q de vdd les pasen cosas lindas aprobacion bengala
joy	hola amigos buenos dias como estas bendiciones un abrazo pulgar
joy	q lindo ver como todos estan saludando a louis implorando relajado relajado relajado
sadness	me acabo de meter una caida terrible y he caido con el movil xao pantalla pulgar agradecido
trust	de donde yo me voy no vuelvo si hay algo que me enseno mi pasado es que no se tropieza dos veces con la misma piedra pulgar agitar
surprise	acabo de escuchar el petardazo en forma de trueno mas fuerte de mi vida aterrado aterrado aterrado aterrado vaya pepinazooooo
disgust	donde vas estas fiestas a new york ostras que bien no la misma mierda pero en otro horario frustrado
trust	amigos los cuento con dedos nada mas aprobacion puno puno y me basta
surprise	joder le he invocado aterrado
surprise	alaaaaa avergonzado pero si es un todos con todos
trust	pegue changuita dsp de horario pulgar
surprise	en que momento pase de recibir regalos a ser yo el mismisimo bengala papa noel bengala aterrado
surprise	habia que salir en canoa hoy angustiado
joy	por fin se me vienen dando las buenas locoooo punetazo
trust	pues no me ha tocado nada ya me podrias tocar tu frustrado
joy	hace anos lo llamaba por su cumpleanos implorando implorando implorando ahora estan juntitos durmiendo relajado
trust	me he metido full laca en el cabello para estar peinado en la cena golpeado relajado
anger	una semana trabajando y ya no soporto a la gente tan mal educada va a ser y encima siempre el cliente tiene la razon frustrado
trust	me dio nostalgia ayer recordando con las muchachas lo felices que eramos en ese ansioso
disgust	estoy de vacaciones y me hacen madrugar frustrado
sadness	tan lindoo mi bleizer amarillo y mi hija me lo pinto todo triste triste
sadness	extrano hablar con ella frustrado
anger	re podrida de sonar siempre lo mismo facial cabreado
anger	tus perros ronquidos no me dejan dormir enfadado enfadado enfadado enfadado
disgust	alam mi papa me desperto para abrirle y llego como kotex nocturna ahh pero no fuera yo pq permiso hasta las 12pm enfadado
disgust	dolor de estomago pero con los teres de lucero desconcertado
sadness	extrano cuando mi hermano vivia conmigo devuelvanme a mi hermano cansado triste
trust	a ver buenas vibras y muchos exitos vengan a mi aprobacion
anger	buen momento para que las cordales duelan hdspm frustrado
sadness	quieroo lass fotoss de mis somnoliento desanimado
anger	la chica te lastimo tu corazon si partido pues ve y le lastimas la cuca fenix relajado
joy	mi papa ya abrio el regalo que le di y le encanto implorando relajado
anticipation	amaneci como que agripado con un chorro de mocos los ojos super llorosos y diciendo soy baduel ya no se si pueda ser covid h me reporte enfermo o me presento para que no me descuenten pensativo
joy	quiero hacerle un gol a tu corazon pero no me lo atajes por favor nota avergonzado
joy	me autoregale para navidad una gorra snap new era de la nba me salio un ojo de la cara pero si doy vueltas no me la compro mas estaba entre la de golden state los raptors o la de denver mi corazon fue por campazzo canasta
trust	perdon pero soy heterosexual para mis amigas estupefacto
joy	buen diaaaa bebeeees bengala naranja hoy vuelvo a trabajar la emocion que manejo adorar relajado
joy	muy buenos dias comunidad twetera amanecer amanecer amanecer amanecer amanecer amanecer fieles e infieles amanecer amanecer amanecer amanecer amanecer amanecer amanecer pueblo libre y laborioso
joy	amistad sincera para hacer de todo juntos sin rajar desconcertado
surprise	ciro ni me mira anda loco desconcertado
sadness	vaya dia de locos que llevo madre mia desconcertado
anger	aaa mi amigo me esta cambiando por su ruka enfadado enfadado enfadado
joy	soy team verano pero estoy disfrutando trabajar con este fresquito adorar
sadness	entrando en los meses ya ansioso
anger	mano que maldecir
joy	pero temprano me dormi anoche avergonzado
anger	como vuelva a ver una foto de un pito me lo como y punto enfadado
fear	cuarta dosis aterrado aterrado aterrado aterrado aterrado
anger	si estoy vacunada pero no me deja poner mis datos en la f app para el certificado enfadado enfadado enfadado enfadado
joy	ventajas del covid no tener que aguantar a determinados individuos de tu familia o familia politica en las comidas cenas de estas fiestas confeti confeti confeti confeti confeti confeti que veladas mas tranquilas vamos a tener sonriendo
trust	que azada estoy empezando de el dia pulgar
disgust	mi cara de durazno al ver algo que no me gusta es inevitable frustrado
joy	 de la manana y yo llamandola a juli me va a odiar feliz adorar
trust	arranque el dia con todas las de perder y aca estoy firme con mi buen humor y buenas vibras
joy	aterrado me ha tocado aterrado me ha tocadoooo aterrado me ha tocado aterrado me ha tocadoooo aterrado me ha tocado la suerte de nacer murciano
anticipation	culia no se si vender la entrada de la gran navidad o esperar para ver que onda o ke frustrado
fear	hermano voy a borrar esto o hanma me c0rta la cabeza miedoso
disgust	nuria deja de tomar cafe enfadado
anger	humedad calor bichos sapos moscas enfadado
joy	yo al beto soy un veridico payaso el beto si eres a clown you're the most beautiful clown yo messirve pulgar
joy	en algun momento llegue a pensar que no merecia lo suficiente pero en el lugar correcto lo eres todo mal adorar
trust	el dia q decore mi cuarto con cosas de mis favs no kiero q mi familia se quede a dormir ahi en serio duerman en la sala no me importa si vienen de visita solo no vengan mejor pulgar nomas mi abuela y mis papas
joy	kheee lindos todos los dias de diciembreeee adorar bengala
sadness	sueno acuerdo frio se acabo para el
surprise	me faltan capitulos para acabar alabasta avergonzado
trust	ahuevo quieren sacar a gertz manero desconfiado
disgust	saco los pies para sentir fresquito y olivia me los muerde querida te podes calmar frustrado
anger	odio tanto estar enferma cabreado
disgust	aterrado aterrado no me lo creo suerte me ha tocado suerte aterrado aterrado bollo suerte me ha tocado la suerte de no ser un puto gabacho suerte bollo
surprise	miercoles y todavia no se que me voy a poner para navidad aterrado
disgust	otra vez mala no salgo de una que me meto en otra puto resfriado enfadado
joy	hoy es dia de fiesta confeti
trust	he dado positivo en ser un maquina pulgar
sadness	otro de diciembre sin decir ay amor ya tiraste el ponche estas todo estupido decepcionado
disgust	las forras llegan con el barbijo puesto de corpino pero se ponen alcohol en las manos eso si frustrado no les da la cabeza
anger	buenos dias hermano puedes dejar de abrirme la puerta para ver si estoy despierta enfadado
disgust	no tome ni mierda y por tomar un maldito trajo de bols no paro de vomitar triste triste
joy	lian li noctua acuerdo tratar bien a sus clientes
sadness	mi vida youngro estaba re asustada triste triste triste puto no hagas que llore
surprise	dios mio como voy a ser hija de una clasista ok
anger	de enero a la fecha mi dividendo ha subido lucas pensativo
anger	odio como todos los miercoles se ponen a cortarle el pasto a mi vecina a las am maldecir
anticipation	pregunta seria gente empanadas don ramon referencias los leo cara cerdo
disgust	la gente se vive quejando de que no hay citas en la eps pero cuando no pueden asistir no cancelan ansioso
anticipation	pregunta seria a tu cogiamigo se le regala algo para navidad o nel pastel pensativo
sadness	levantarme de mal humor es lo peor que me puede pasar frustrado
anticipation	apenas cobre me hago todos los aritos de nuevo pulgar
disgust	las ganas de irme que tengo frustrado
disgust	estoy tratando de estar mas tiempo en el sueno profundo pero con hoy es el tercer dia que duermo hrs min me quedo en el o sigo tratando de aumentar pensativo pensativo
disgust	joder es que me encuentro fatal triste triste
surprise	pepinazoooo aterrado aterrado aterrado aterrado
anticipation	tengo que cocinar y no se que cocinar pero tengo ganas de papitas fritas avergonzado
sadness	volvi estaba de viaje ansioso
disgust	luce un dia de mierda avergonzado
disgust	este mes esta como que muy largo no veo la hora de que se acabe ya frustrado
trust	querido papa noel este ano me he portado muy bien pero no quiero que me traigas nada al contrario te agradeceria si pudieras llevarte el covid de una vez por todas orar orar orar orar orar muchas gracias relajado
sadness	a ver como le explico yo a mis sobrinos q este ano no hay reyes xq se han olvidado el certificado covid en casa avergonzado avergonzado avergonzado
sadness	fa ahora quiero aprender a maquillarme triste
joy	que pedo mi sobrina diciendo awuaaaa a los meses desconcertado
trust	m que casualidad encontrarte en mi para ti de tiktok desconfiado el universo querra decirme algo agradecido
disgust	leo escucho que bordalas ha pedido fichajes que se busca un central y un mediocentro que no se descarta un delantero que suena godin gonzalo villar etc pero hector gomez dice que es imposible fichar no sera otra mentira de hector para intoxicar verdad pensativo
joy	que dicha amarillo adorar
anger	y mi deposito no mas no me llego nunca ayer enfadado
disgust	me huele a empanada avergonzado
anger	pues nada este sabado actuaba en moma salamanca y el covid de nuevo vuelve enfadado
disgust	hoy tambien queria tomar sol y se nubla enfadado
anger	el tren por tu casa avergonzado
