neutro;Se demore menos en entregar las notas
positivo;Posee manejo en el tema de asignatura
negativo;No interrumpir a alumnos, tener mejor trato con ellos.
positivo;Excelente profesor, explica claramente. Mejorar la ortografía y pronunciación al dictar o comentar
positivo;Muy buen profesor, él debió ser el jefe de asignatura
positivo;profesor con alto conocimiento en el ramo.
positivo;Docente con grandes expectativas, y una de las pocas que incentiva a sus alumnos
positivo;buen profesor, siempre dispuesto a que aprendamos
negativo;Dar más aplicación de la asignatura y no tanta teoría
positivo;todo bien
positivo;Buen profe
negativo;que no se pase del plazo establecido reglamentariamente para entregar las calificaciones
neutro;No tuve clases con él
positivo;Evalúe lo enseñado únicamente en el laboratorio
positivo;buena clase
positivo;entusiasta
positivo;Atento y preocupado por sus alumnos
positivo;Muy bueno
neutro;Ninguna
positivo;Siga igual profe
negativo;sabe mucho, mal académico
positivo;Intentar no distraerse con las preguntas que le hacen mis compañeros y que lo desvían del tema principal de la clase
positivo;buen programa
neutro;ninguna
positivo;nada que decir
positivo;No hay sugerencia
positivo;:)
positivo;buen profesor
positivo;Perfect
positivo;La profesora es muy puntual, atenta, cercana, responsable, respetuosa y tiene mucho dominio sobre la materia.
negativo;Falta motivación con horarios, puntualidad y revisión de certámenes en su ramo.
negativo;manejo de los contenidos, pero poco claro al momentos de explicar ejercicios
negativo;demasiada exigencia en el momento de la evaluacion
negativo;mal profesor, no tiene paciencia para explicar
negativo;utilizar herramientas mas didácticas para sus clases
neutro;111
positivo;Exelente sus clases.
positivo;sin comentarios
positivo;Buen profe
positivo;mayor organizacion
neutro;sdgfbaadfb
negativo;No me parece un profesor preparado para dar clases no explica materias, es muy monótono, no ejerce interacción con estudiantes, solo lee textos. No se preocupa de que los alumnos estén aprendiendo o no, sólo se preocupa de cumplir su hora de clases.
negativo;Muy capaz, pero a veces inentendible.
neutro;No hay sugerencias
positivo;Tiene una buena metodología de clases
negativo;necsita mayor libertad para impartir contenidos
positivo;Bien.
positivo;continuar
negativo;no asiste a clases
positivo;domina muy bien sus conocimientos
negativo;le falta ser objetiva.
positivo;Excelente profesora
positivo;Dentro de todos los problemas que se causaron en el curso , pudo manejar la situación y dar cuenta de su profesionalidad
positivo;Buen profesor
neutro;sin comentarios
negativo;Muy llevado a sus ideas
positivo;excelente profesor
positivo;Muy buena disposición a ayudar
positivo;good
negativo;Es una persona muy arrogante, que podria mejorar mucho
positivo;Buen profe
positivo;excelente docente
neutro;ninguna
positivo;Buen Profesor
neutro;Con 1 o 30 alumnos se debe realizar clases igual.
positivo;Buena profesora
positivo;nada que decir
negativo;No entrega notas en plazos establecidos, no evalúa lo mismo que enseña, sus evaluaciones son ambiguas, pregunta cosas que jamáz pasó en clases.
positivo;muy bien
positivo;Excelente profesor
neutro;debería presentar la asignatura, así como a si mismo a la hora de comenzar el semestre, aclarando objetivos y deberes de los estudiantes
positivo;Muy buenas clases. Material didáctico y actualizado. Buen desempeño en aula
negativo;las clases podrian ser mas dinamica
positivo;es un excelente academico maneja muy bien la información presentada, ademas esta al dia con las tendencias actuales y requerimientos del mercado.Sus clases son muy didacticas, entretenidas y motivadoras.Siempre apoya e incentiva a sus alumnos a ser mejor.
positivo;profesora empatica, buena disposición
positivo;excelente profesor
negativo;Podrían ser un poco más interesantes las clases
positivo;supo sobrellevar al grupo y beneficiarle
positivo;amigable y profesional
positivo;hacer las clases mas dinámicas
neutro;ufff que semestre jajaja
negativo;que utilice lenguaje menos técnico en sus clases ya que cuesta comprender los contenidos.
positivo;Excelente profesor
positivo;exelente profesor
neutro;nada que decir
negativo;Tiene manejo del área de impresión, debería ser un poco más estricta para que los alumnos no tomen para la chacota su clase.
positivo;muy buena profesora, dedicada y sirven de mucho sus simulaciones
positivo;profesor dinamico en su enseñanza
neutro;ninguno
positivo;muy buenas sus clases y entretenidas
positivo;Muy buen docente
positivo;Se da el tiempo de explicar de la mejor forma la materia, tal vez podría ser un poco mas dinámica la asignatura pero esta en bien general.
positivo;Excelente profesor
positivo;Un gran profesor, sabe de lo que habla su metodología de enseñanza es certera.
negativo;ampliar plazo de entregas
positivo;muy buen profesor
positivo;Muy buena profesor. Aprendi ingles gracias a su buen uso de la tecnologia
positivo;La generalización debe separarse siempre de la docencia, mas aún cuando se educa a los sujetos en formación del área.
positivo;buen sistema de enseñanza
positivo;Exelente profesora de orientacion
positivo;correcto profesor
positivo;una mejora en la explicación de los contenidos, para que el estudiante aproveche al máximo la asignatura
positivo;detallar mas las trabajos a evaluar.
negativo;Muy enredado para explicar. Y debería explicar también para los que no sabemos nada de ilustracion, no todos manejan el tema
positivo;ayuda a entender lo que es en si la ICI
neutro;no hay comentarios
positivo;nunca falto a ninguna clase
positivo;Buen profe
positivo;Bastante conocimientos de los contenidos, expone de excelente manera, podría responder consultas de los alumnos con mejor disposición .
positivo;La profesora es muy amable, responsable y cercana con los alumnos.
positivo;ella es un amor de profe, nos permite desarrollar las actividades con el mejor ambiente posible.
neutro;Sin comentarios
negativo;Faltó entregar material biliográfico y fuentes para respaldar la materia presentada y tambien para que el alumno pudiera profundizar los temas expuestos. En lo personal, la falta de esto hizo que no tuviera plena confianza en la veracidad de la materia.
positivo;buenas clases
positivo;muy buena profesora,
positivo;Buen profesor
neutro;s/c
positivo;Siga asi
positivo;sus clases son entretenidas
positivo;Buen profesor
positivo;Buena técnica de aprendizaje
neutro;Pdf
positivo;subir las guias con anticipación
positivo;mas al enfoque matemático con practico
positivo;buen profesor
positivo;Excelente profesora
positivo;Buen profesor, quizá si aplicara otros instrumentos de aprendizaje los alumnos tendrían mas interés en participar.
negativo;Debió escoger y supervisar mejor el contenido del curso, ya que algunos de estos no parecieran tener mucha relacion con la carrera Ingenieria civil.
negativo;buen académico, sin embargo el trato hacia los estudiantes no es tan bueno
positivo;buena profesora
positivo;Profesor demuestra motivación al realiza sus clases transmitiendo interés en los alumnos por la asignatura
neutro;Sin sugerencia
negativo;utilizar formas mas didácticas para realizar la clases, hablar mas alto
positivo;Realiza muy buenas clases aclarando dudas de sus estudiantes y también entregando lo máximo de sí para todos nosotros.
positivo;la metodología es sencilla y de gran ayuda para la comprensión de los contenidos
neutro;ninguna
negativo;explicar con mayor claridad los ejercicios propuestos en clases
positivo;Gracias por las clases
positivo;exelente profesor
negativo;Es una persona muy negativa, por lo que no genera interés en la asignatura a los estudiantes.
positivo;Profesora que se destaca por su buena voluntad y disposición al momento de responder dudas dentro o fuera del horario de clases. Además muy preocupada por que todos aprendamos.
positivo;buen profe
negativo;buen profesor pero le falta mas dinamismo en sus clases (son un poco aburridas y monotomas)
negativo;DEBERIa tener horario definido de consulta sobre
positivo;entretenidos los laboratorios
positivo;buena profesora
negativo;Al termino de la practica entrega las calificaciones sin retroalimentar la información
positivo;Clases muy completas, coherentes y creadoras de opinión crítica
positivo;buen docente
positivo;Ser mas claro y organizado en la clase
positivo;gran ayuda para nuestra formación docente.
neutro;ninguna
positivo;Buen profesor con buena disposición en todo aspecto
positivo;Buen docente
positivo;Excelente docente, buen guia.
positivo;Excelente profesora, su método de enseñanza y su orden a la hora de dictar la materia es muy bueno.
neutro;Ninguna
positivo;Suele no tener mucho tiempo para atención alumnos
positivo;docente muy aplicada, me siento conforme con su labor ejercido
positivo;Buenas clases
positivo;Muy profesional
positivo;no hay sugerencia
positivo;En este taller de confidencialidad el profesor Félix  enseña muy bien y explica el objetivo al principio y final de cada clase, para que así los alumnos empiecen a practicar la confidencialidad que hay que tener en la carrera de psicología.
positivo;Buena profesional
positivo;el mejor profesor
neutro;no estuve en su sección
positivo;su metodología es buena no creo que se necesite cambios
negativo;Más ejercicios en clases
positivo;Excelente profesor desde mi perspectiva deberia seguir ocupando el metodo de cierre de circulo ya que en lo personal me ayudo bastante a cerrar una etapa
positivo;Continue con su metodologia de evaluacion
neutro;nada que decir
positivo;Gracias por su ciencia y dedicación. Cómo crítica constructiva: si quiere que aprendamos revit, quizás la clase podría ser distinta.
neutro;No he tenido clases con el
positivo;tiene una metodología de enseñanza muy buena y clara, simpatiza mucho con los estudiantes
positivo;entrega un buen material de apoyo
neutro;Ninguna
negativo;Que no nos dé tanta materia para un mismo certamen
positivo;Muy buen profesora
positivo;maneja muy bien los contenidos de la asignatura, responde claramente las dudas
positivo;un poco estricto pero explica bien la materia
negativo;Que las clases sean más dinámicas
positivo;Se agradece el interés de la profesora por el avance de cada uno de sus estudiantes.
positivo;Conoce bastante su especialidad y transmite de buena manera las enseñanzas
positivo;siga vivo
neutro;m
positivo;Excelente profesor, creaba un ambiente grato y tenia toda la disposición ante cualquier duda
neutro;Que fue primero, el huevo o la gallina?
neutro;no aplica
positivo;la manera de explicar y como desarrolla sus clases es adecuada
negativo;Quizá debería participar de las actividades junto con los alumnos.
neutro;Ninguna
negativo;Dar mas tiempo en los trabajos porque nos llena la semana de muchas cosas y no es la unica asignatura
positivo;Buenas clases
positivo;Muy buenas clases solo falta algo de practica
neutro;no tenia clases con este profesor
negativo;Centrar las clases más en explicar contenidos
positivo;Las clases en aula se desarrollan de forma clara, atingente y logran aclarar las dudas respecto de la exposición, de esta manera permite que el estudio y aprendizaje sea más productivo.
positivo;Buen buena la clase
positivo;Profesor con alto conocimiento de la asignatura y grato ambiente en sus clases, lo mejor son los laboratorios donde se exponen y enseñan los diferentes tipos de rocas y sus características.
positivo;Me gusta que realizara diferentes formas de evaluaciones
negativo;ser mas comprensible con los alumnos
positivo;bien
negativo;Buen profesor, motiva a los estudiantes y genera un ambiente de confianza. Sin embargo la entrega de calificaciones es tardía.
neutro;Ninguna
positivo;Nada que decir
positivo;Muy buen profesor
positivo;Buenas enseñanzas y un muy buen profesor
positivo;Entregar a tiempo las notas para poder revisar con tiempo los certámenes.
neutro;escuche opiniones sobre su ramo.
positivo;Un 7.0 el profe
negativo;Le falta desarrollar y profundizar las clases
neutro;asd
positivo;Excelente docente, muy empática y responsable con sus alumnos. Maneja muy bien los contenidos
neutro;Domina muy bien la asignatura, pero falta más motivación y además que sea puntual en las clases
positivo;Genera dinamica de aprendizaje e interés por la materia
negativo;Podría ser más amable
negativo;Ser más puntual con la entrega de calificaciones
negativo;Usar más material didactico
positivo;Buen profesor
neutro;O
neutro;jajaja
negativo;Hace falta un poco más de responsabilidad en lala llegada a clases
neutro;buen profesor, mejorar la comunicacion alumno profesor
negativo;Menos rigidez al momento de evaluar, si bien no deberíamos ser nuevos en el inglés pero algo menos de rigidez es bueno para los nuevos estudiantes.
positivo;Buen profe
positivo;Muy buen profesor, tiene mucha paciencia
positivo;Un excelente profesor, se da el tiempo para responder cada duda que tiene el alumno.
positivo;Súper buena profe
neutro;Sin comentarios
negativo;buen académico, solo falta hacer ejercicios que clarifiquen las ideas.
positivo;Exelente profesora
negativo;Debe mejorar
positivo;Excelente profesor, demuestra de muy buena manera su total manejo de los conocimientos que nos entrega y lo hace de la mejor manera.
negativo;criterio de evaluacion
neutro;Sin comentarios
positivo;Buen profesor, explica claramente
negativo;enseñar mas programacion de diseño
neutro;a
positivo;su método de enseñanza es muy efectivo
negativo;Qué los certámenes sean basados en lo que explica en clases, no de comprensión lectora.
positivo;Excelente profesor que proporciona un ambiente adecuado para ?el aprendizaje
positivo;buen profesor
negativo;no me gusto el ramo no lo entendi no aprendi nada
positivo;siga asi
negativo;organizar sus clases con anticipación y no en el momento
positivo;crea un buen ambiente en la sala y esta siempre dispuesto a ayudar
neutro;sin comentarios
neutro;buen profesor, falta un poco de claridad en sus explicaciones
positivo;ejemplo a seguir
positivo;muy comprometida con el aprendizaje del estudiante
positivo;Profesor con experiencia y gran dominio del tema
neutro;Ninguna.
positivo;muy buen profesor, nada que reprochar.
positivo;buen profesor
negativo;Falta puntualidad con la entrega de calificaciones.
negativo;Subir las notas a tiempo, no cuando finalice el semestre, hacer los certámenes de acuerdo a lo pasado en todas las clases anteriores y no basado en la última clase, donde enseña lo más difícil y el que entendio, entendió, el que no, jodio
positivo;me entretuve y aprendí mucho del ramo
positivo;buen profesor, muy preocupado por los estudiantes
positivo;muy buena profesora
positivo;Docente excelente, con grandes conocimientos y ademas vocacion por enseñar
positivo;excelente docente
negativo;Entusiasmar mas a los estudiantes, pues muchas veces se vuelven aburridas las clases.
positivo;Excelente profesora, dedicada en su labor de enseñar .
neutro;No tengo sugerencias
neutro;ninguno
positivo;buen profesor
negativo;mas responsabilidad totalmente
neutro;Sin Comentarios
positivo;Buen profesor
positivo;Muy buena profesora
neutro;Explica muy bien los contenidos, lo único que me hacia sentir incomoda era que las clases las terminaba el ayudante a veces.
neutro;jij
positivo;Muy buen docente
negativo;Podria ser mas empatico con sus alumnos y entregar las notas en su respectivo plazo.
positivo;es buena ondi usted
neutro;No hay comentarios
neutro;ewe2
positivo;es una clase activa y didactica
negativo;Deberia cambiar su forma de evaluar
positivo;Profesor didáctico , con grandes conocimientos , sabe transmitirlos , y empático con sus alumnos ,  ami no me gusta economía , pero su manera de enseñar hace mas digerible el aprendizaje.
neutro;sin sugerencias
positivo;Muy buen profesor!! aprendí mucho sobre uso de herramientas en el computador ademas de word, excel, ppt entre otras cosas muy amable y con mucha paciencia responde todas las dudas
positivo;Buena profe
neutro;Otros
neutro;No fue mi profesor
positivo;Buen profesor
positivo;Gran tutora
positivo;Buenas clases
positivo;El mejor profe del mundo
positivo;Buenas clases, ningñun problema
negativo;Mas actividades en sus clases, no enfocarsr solo en un tipo de material para explicar la materia sino que recurrir a otras opciones.
positivo;Muy buen profesor, nada que decir
neutro;naaaada
neutro;Si bien las clases, son en la mayoria de participación de los alumnos, y de cooaprendizaje entre los mismos, falta que la docente realice mas clases teoricas, ya que no todos los alumnos manejan el idioma ingles al mismo nivel.
positivo;Muy bien
positivo;las clases  son muy didácticas y participativas lo que promueven la confianza de grupo
neutro;sin comentario
positivo;buen profesor
positivo;es bueno
negativo;podria hacer sus clases mas entretenidas, utilizar mas evaluaciones distintas, ya sea trabajos, etc y no solo certamenes.
positivo;muy buena profesora
positivo;Buen profesor
neutro;Ninguna
positivo;Clases didáctica
negativo;Clases mas interactivas
positivo;El profesor es muy bacan, es seco para bailar. me encantaban sus clases.
positivo;Mejorar el tiempo de entrega de evaluaciones
negativo;Cercania con los estudiantes
negativo;mayor dedicación a la hora de entregar notas y revisar certámenes.
neutro;Ninguna
positivo;se agradece el gran manejo del taller
positivo;Buen manejo de su área
neutro;no aplica
positivo;buen profe
positivo;es el mejor profesor de la Castilla
positivo;tengo buenas recomendaciones, sin embargo, por temas personales no rendí el ramo.
positivo;Muy buena profesora
neutro;Sin sugerencias
positivo;Buena disposición
positivo;Excelente docente
neutro;a
negativo;le falta mas variedad a sus clases, que no sean tan monotonas
negativo;No hubo concenso en algunos temas con el otro profesor de ramo
positivo;excelente profesor.
positivo;buen manejo de la materia
positivo;Ojala siga manteniendo su buen trato y cercanía hacia los alumnos, ya que crea un ambiente muy amigable y da gusto asistir a sus clases, además de que desarrolla temas que son de gran interés de los estudiantes de diseño. Que sea Jefe de carrera otra vez!
neutro;Sin comentarios
positivo;Es nuevo asi que no tengo mucho que decir
positivo;Buen profesor, pero en las evaluaciones consideró contenidos no revisados.
positivo;Profesor muy responsable y hace las clases muy gratas
negativo;Clases poco didacticas
neutro;no hay sugerencias
neutro;Muy buen profesor, pero muy poco empático
negativo;Realizar la clase de forma mas lenta
negativo;buen profesor, falta más dinámica, es muy pasivo
positivo;buen profesor
positivo;Buena profesora, responsable muy profesional
positivo;bastante didácticas las clases, se nota que maneja muy bien los temas a tratar.
negativo;sugiero que los contenidos se relacionen con nuestra carrera.
positivo;agradable profesor, simpático con los estudiantes
neutro;ninguna
positivo;Evaluaciones con notas referenciales
positivo;muy buen profesor, sabe como enseñar.
negativo;puntualidad
negativo;mayor desarrollo de ejercicios propuestos
negativo;dar a respetar su postura como docente
neutro;Ninguna
neutro;no tengo sugerencias
negativo;no posee oficina
positivo;tiene buena disposición al responder dudas
positivo;El tiempo para aplicar las evaluaciones era poco, en relación con el requerido para el desarrollo de este
positivo;El profesor desde un principio de la asignatura intentó que el curso fuera lo más ameno posible, intengrando tanto teoría como ejercicios prácticos que hicieron de la asignatura una instancia agradable.
negativo;habla como metralleta pero los power apañan :like:
negativo;Debe hablar más fuerte porque muchas veces no se escucha lo que dice
positivo;Ayuda con todas las consultas o preguntas a los alumnos
positivo;Buen docente, pendiente de las clases y siempre dispuesto a explicar
positivo;Excelente desempeño
positivo;Genera un ambiente de confianza e interes por la asignatura.
positivo;Genera un ambiente grato y de confianza
negativo;aumentar las salidas a terreno en clases
neutro;ninguno
positivo;buen profe
positivo;buena profesora
positivo;Sus clases son muy importantes para futuros profesores, ya que nos demuestra y nos aconseja como va a ser en la vida escolar real y esto nos ayudará para en un futuro ser mejores profesionales.
neutro;no sugerencias
positivo;Muy buena profesora
neutro;L
positivo;Dedicado, atento.
positivo;Retroalimentación de certámenes
positivo;Excelente docente explica los contenidos de una forma práctica que ayuda al aprendizaje eficaz de la materia.
positivo;Buen dominio de la materia expuesta en clases, ademas de complementarse con fuentes pertinentes a la asignatura.
positivo;Aunque es una buena profesora, en los últimos días de clases hizo muy rápidamente todas las actividades junto a los trabajos perjudicándonos a algunos con las notas al adelantarse muy rápidamente sin explicar bien el último trabajo.
positivo;innovador, empatico
positivo;es un profesor que ama lo que enseña
negativo;Mejorar la puntualidad
negativo;Que si tiene algún inconveniente con algún personal de la UBB que lo conversen afuera del aula
positivo;Muchas gracias
positivo;Excelente profesora
positivo;Muy ben profesor, siempre da oportunidades cuando se tiene algùn problema
positivo;excelente profesor y mejor persona.
negativo;Me gustaría un poco más de disposición y simpatía a la hora de hablar o atender al estudiante.
neutro;bhjvjgvhgv
positivo;Muy buen profesor siempre apoyando y dando los tips para estudiar
positivo;exelente profesor,un gran motivador
neutro;Ninguno
neutro;sin comentario
positivo;Muy buena profesora, explica la materia como corresponde en el tiempo correspondiente.
negativo;Debería probar con otros métodos de enseñanza
positivo;Es una clase muy practica en la que se logra comprender muy bien los contenidos
negativo;las clases deberían realizarse temprano para prestar mas atención a la asignatura
positivo;Buena profe
positivo;una profesora impecable
neutro;ninguna
neutro;no se
positivo;NADA QUE DECIR, EXCELENTE PROFESIONAL.
positivo;excelente profesora, nada que decir.
neutro;sin comentarios
positivo;Buen dominó y manejo de las clases
negativo;la realización de sus certámenes contienen mucha información de memoria los cuales prefiero que sean mas de aplicación en casos clínicos.
positivo;Profesor dedicado a la materia que enseña
positivo;Buen profesional
positivo;Profesor que crea un ambiente de confianza y libertad entre alumnos.
positivo;Docente con buena disposición, organizada para la realización de clases. Se sugiere horarios establecidos para la corrección de certámenes en esta asignatura.
neutro;sin comentarios
positivo;excelente profesora con gran disposición
positivo;clases muy entretenidas y completas
positivo;Muy buenas sus clases
positivo;Profesor con muy buen manejo de contenidos.
negativo;mas plazo para proyecto
negativo;esta asignatura presenta muchos problemas a nivel de contenidos y organizacion de parte de  profesora Elsa Martinez
positivo;buen profesor
negativo;podria hacer que los estudiantes participen mas en el desarrollo de ejercicios
negativo;Podría ser más flexible para modificar fecha en los test que sólo valen un 2,5% cada uno
positivo;las clases eran bastante entretenidas, por tanto teníamos mas motivación para seguir asistiendo
positivo;Clases muy llamativas y agradables. Excelente manejo del contenido
negativo;al momento de hacer retroalimentación o comentarios , que sea mas empático
negativo;Que de mas plazo para la ejecución de los trabajos
negativo;solo presentar las calificaciones a tiempo
positivo;buena docente, establece buena comunicacion con los alumnos
positivo;buena
negativo;haga clases didacticas
positivo;buen profesor,
positivo;Optima docente que ayuda a enriquecer la entrega de conocimientos gracias a su experiencia
positivo;Docente que maneja el ramo.
neutro;no estoy segura si es mi profe de lab
positivo;El profesor siempre crea condiciones para generar el interés de todos los alumnos
positivo;Siempre dispuesto a ayudar
negativo;que explique mejor en clases, aveces no se le entiende nada de lo que él dice
neutro;ninguno
positivo;excelente profesora, se demuestra interes de parte de la profesora para que los alumnos aprendan
positivo;buen profesor
positivo;buena clase
negativo;Es un docente destacado por sus muchos conocimientos en su asignatura, pero le falta la parte didáctica en sus clases.
negativo;Demuestra mucho dominio de la tematica pero algo monotono lo que produce un poco de desinteres a la larga
neutro;Ninguna
negativo;buen profesor pero en los laboratorios pierde mucho tiempo conversando en vez de realizar bien las actividades
positivo;excelente profesora.
positivo;demuestra suu conocimiento y sus años de experiencia en clases
positivo;una de las mejores docentes con un criterio claro y explicación simples a contenido complejo.
positivo;Profesor enérgico y con muy buena disposición
positivo;Buen profesor
positivo;Excelente profesor
neutro;ninguna
neutro;Excelente profesor. Solo falta dedicar mas tiempo a la revisión de certámenes que para mi es muy importante.
negativo;Opino que la clase debería ser más didáctica ya que en algunas ocaciones llega a ser aburrida
negativo;Buena profesora, muy irresponsable.
negativo;- Realizar ejercicios en clase más complejos, ya que algunos son demasiados simples.- Entregar la pauta de las tareas u otra actividad realizada.
positivo;muy buen profesor
positivo;Buena profesora
neutro;sin comentarios
neutro;Sin comentarios
positivo;explica detalladamente lo que se realizará en el laboratorio para lograr un entendimiento y desarrollo completo
negativo;Debe ser mas asertiva
positivo;Explica bien
neutro;ninguna
positivo;Excelente docente
positivo;mantiene en clases un ambiente de respeto dando lugar a dudas y conversacion sobre los temas de clase. lo que me parece ayuda al aprendzaje
positivo;buen profesor
negativo;Que las clases sean didacticas
neutro;Buen profesor, falta un poco de responsabilidad para subir a la fecha las notas
neutro;no aplica. No tuve clases con este docente
neutro;Ninguna
negativo;es muy enojon XD
negativo;falta de puntualidad en horarios de clases
positivo;Muy creativa y amplio abanico de ideas en gastronomia
positivo;buen profesor y sus formas de enseñar la materia son muy buenas y constructivas
positivo;Profesor con buena disposicion para enseñar y con mucha preocupacion
positivo;Profesora muy clara al momento de explicar una idea o concepto.
negativo;Presenta buen dominio de la asignatura pero tarda demasiado en publicar las calificaciones, impidiendo la retroalimentación adecuada
positivo;BUEN PROFESOR
positivo;Excelente Profesora
positivo;excelente profesora
positivo;Puntual, organizado y coherente con los contenidos
positivo;sus clases son didácticas
positivo;Buena Docente
positivo;sólo me hizo laboratorios y me gustaron casi todos excepto curaciones que creo que falto profundizar muchísimo
positivo;muy buen profesor al momento de enseñar
positivo;explica de forma clara y precisa los temas en trabajo
positivo;Es una gran profesora
neutro;ninguna sugerencia
neutro;Como dije anteriormente, últimamente tuvo problemas con la puntualidad, pero en sí, es buena profesora.
positivo;Excelente profesora con buena disposición
positivo;Muy dedicada a la preparacion de las clases, muy comprometida con los alumnos
negativo;aprender el contenido y las unidades del ramo
positivo;excelente profesora
positivo;Excelente docente siempre dispuesta a ayudar y resolver dudas.
negativo;clases más didacticas
positivo;se destaca la buena disposición que tiene para atender a las distintas problemáticas  que se presentan dentro de la asignatura, dando con ello soluciones oportunas.
neutro;No tengo clases con ella
negativo;Falta mas teoria
positivo;Buena docente
negativo;Clases más dinámicas
neutro;Ninguna sugerencia
neutro;----
positivo;Buen dominio y conocimiento en la asignatura
negativo;Falga pra tica oara enseñar
negativo;pararse y leer los ppt en absolutamente todas las clases no considero que sea un buen manejo de sus temas a tratar en cada clase.
negativo;Que pase mas tiempo en las clases
positivo;Profesor buena onda, de preocupa por el aprendizaje
neutro;Buen profesor solo falta mejor explicación de las actividades
negativo;realizar clases con mayor motivacion y dinamismo
positivo;son motivantes
negativo;Clases aburridas y monótonas.
positivo;seca
positivo;Excelente docente explica muy bien y se preocupa de que cada uno aprenda
positivo;exelente
positivo;Excelente profesor, siempre atiende con buena disposicion, sus clases son didacticas por lo tanto capta mi atencion
neutro;Ninguna
positivo;Bien
positivo;Buenas clases
positivo;Prfesor carismatico
positivo;todo ok
negativo;debe mejorar las habilidades sociales
negativo;En proceso de docente
positivo;Profesor con muy buena disposición para enseñar y responder consultas
positivo;excelente profesional
positivo;Profesor con gran experiencia en el ámbito clínico, con métodos de enseñanza que permiten aprender de un manera adecuada cada contenido propuesto.
positivo;Muy buena profesora, sus clases son agradables y favorece mucho el aprendizaje
positivo;buen docente
negativo;El profesor debería explicar como realizar cada actividad al inicio de la clase y además tener en cuenta  que no todos podemos enviar los trabajos  a la hora ya que algunos no tienen Internet o computador y aveces el tiempo no alcanza en la U.
positivo;Muy buen Profesor el cual su metodología de enseñanza es muy buena.
positivo;Valoro mucho la preocupación de la profesora para formar buenas educadoras de párvulos.
positivo;Se explica muy bien en clases.
positivo;buen profesor
positivo;Buena profesora nos hizo salir y trabajar con gente externa a la universidad, eso se agradece y motiva cada vez más
positivo;Excelente profesor
positivo;Motiva a los alumnos en su futuro laboral
positivo;Enseña claramente, las lecturas y lo enseñado en clases es muy consecuente.
positivo;Todo bien
neutro;Sin comentarios
positivo;Buena metodología y disposición
negativo;falta un poco más de compromiso con las asistencias a clases
neutro;no tengo
positivo;un gran profesor, impecable desempeño.
neutro;Nada que sumar.
positivo;Me encantaban sus clases, me hacían pensar mucho en la forma en que se dan las cosas en las empresas, y la deficiencia que tenemos como país, y como podemos cambiarlo, así que no cambie su forma de enseñar, aprendí muchísimo
neutro;sin comentario
negativo;Falta motivar más a los alumnos por aprender la asignatura.
positivo;Excelente desempeño
positivo;Responsable
positivo;Se deberia tener mas clases con el profe pablo, su metodologia de trabajo es interesante y es grato aprender con el, las clases no se hacen tediosas.
positivo;muy buena profesora
neutro;No tengo comentarios
positivo;Buena profesora
negativo;clases mas dinamicas, para mantener la concentracion de los alunmos, mas claro y mejorar las diapositivas
positivo;EXCELENTE profesora, la mejor de este primer semestre, un ejemplo de docente... muy preocupada por los estudiantes y muy comprometida con la asignatura
positivo;Excelente profesora y con mucha disponibilidad
neutro;hola
neutro;No hay sugerencias
neutro;nada que sugerir
negativo;Hacer clases mas didácticas y ludicas
positivo;Excelente profesora, demuestra dominio de todo tema tratado en clases.
negativo;por favor entregar las notas dentro de los plazos establecidos
neutro;Ninguna
positivo;clases muy didácticas lo que ayudó a un mejor rendimiento
positivo;Perfecto
neutro;Poco tiempo de clases con ella, no existe opinion formada.
positivo;Buen profesor
neutro;.....
neutro;ninguno
positivo;muy buena proefesora
positivo;Me gusta su manera de aprendizaje
neutro;s
positivo;Buen profesor
neutro;Es un excelente Profesional, muy humano y comprometido con la salud de los pacientes.  Sólo siento que le falta pedagogía (falta simplificar lo expuesto, y organizar mejor la forma en que entrega la información)
positivo;excelente profesor
positivo;profesor comprometido con su trabajo
negativo;entregar una mejor retroalimentaciòn de los contenidos entregados en clases.
positivo;Es una asignatura esencial para lamformación del estudiante
neutro;ninguna.
neutro;No tengo sugerencias ni comentarios
positivo;muy buen profesor, excelente dominio del tema y de sus conocimientos
positivo;Un poco desordenado, pero excelente profesional.
positivo;Es un muy buen profesor y didáctico a la hora de enseñar, además crea un clima de confianza y respeto en la sala de clases.
neutro;no tengo comentarios que hacer
negativo;Respetar la opinión de los demás.
positivo;Buena profesora
neutro;Profesora con buen carisma dentro del aula. Entrega contenidos de la asignatura de forma clara pero aún así en mi caso hubo dificultad de comprensión
positivo;Buena docente
positivo;Muy intuitivo.
positivo;Buena docente clara al entregar los  contenidos
positivo;tiene buena disposición frente a cualquier problemática
negativo;le falta ser mas respetuoso
negativo;Organizar mejor el tiempo
neutro;no tuve clases con este profesor
positivo;tela la estela
positivo;Buen profesor, buen manejo de contenidos, en ocasiones poca claridad en la entrega, pero se entiende que es por la dificultad de la asignatura.
negativo;podria ser mas imparcial en sus enseñanzas
negativo;Clases fomes
negativo;ramo botado
positivo;buena profesora
neutro;Profesor, intente controlar su sentido del humor o ironía cuando corrija proyectos, recuerde que hay personas mas sensibles que otras y se toman muy enserio su trabajo, sobre todo lo que usted les comenta sobre el. Muy buenas sus clases en el auditorio!
positivo;Buen profesor
neutro;1
negativo;Tratar de avisar cuando llegara demasiado tarde a la clase
positivo;dispuesto a ayudar, atento
positivo;su ramo es muy util y explica de buena manera, tiene buena disposición
positivo;es buena tela el weñe!
positivo;es buena profesora adapta a la enfermería a la actualidad
positivo;Buen profesor
positivo;buen profesor
neutro;ninguna
neutro;ninguno
positivo;La docente tiene buena disponibilidad para resolver dudas
positivo;siga asi
neutro;Profesora
positivo;Buena organización ddel ramo
neutro;Ninguna
negativo;green energy is bullshit
positivo;Muy buen profesor
neutro;nada que comentar
positivo;Exclente docente. Preocupada de motivarnos como estudiantes y promueve a una mentalidad critica y objetiva.
negativo;Ord nada mejor los tiempos, pues se hacen Muchas actividades
positivo;excelente
negativo;Cada vez que uno requiere resolver una duda y recurre a su oficina, no está o simplemente no quiere atender, siendo este su horario de atención a estudiantes .
negativo;Organizar mejor los tiempos de la asignatura en general
positivo;Buen profesor buen disposición
negativo;redunda en detalles, cuando lo importante son otros aspectos.
negativo;Puntualidad
positivo;es buen profe hace artos ejemplos lo unico que demora mucho en entregar las notas de las evaluaciones
positivo;su versión de profesor malvado es divertida
positivo;EXPLICA BIEN, TIENE PACIENCIA Y BUENA DISPOSICION
negativo;mas dinamico
positivo;mejorar tono de voz
neutro;ninguna
negativo;Mas ejercicios en clases
positivo;Buena profe
neutro;ninguna sugerencia
positivo;Bien
negativo;Creo que falta un poco de organización en sus clases. A veces, se va por las ramas, olvidando la importancia de las ideas y contenidos principales de su asignatura. Además, no se sabe si está hablando o dictando y cambia de tema a cada rato en sus clases.
positivo;exelente profesor
negativo;Mejorar la manera en que expone los contenidos correspondientes a la asignatura ya que en muchas ocasionas las clases se hacían aburridas y monotonas.
negativo;Demasiada demora en la entrega de notas, sobretodo las últimas que son las más importantes.
negativo;No es mi caso, pero algunos compañeros dicen que se sienten desdeñados o insultados de forma pasivo-agresiva durante su clase.
positivo;Excelente academico
positivo;Entrega la información de forma muy clara y precisa, además de buena disposición para consultas fuera del horario de clases
positivo;Realiza bien las clases
neutro;0
negativo;más entendimiento
negativo;me hizo como 4 o 5 clases
positivo;Contenidos bien explicados
negativo;:(
positivo;Excelente profesor con gran conocimiento en la materia.
positivo;Me gustaron sus clases
positivo;buen profesor
positivo;Me gusta como realiza sus clases
positivo;excelente docente, gran manejo del tema
positivo;bien profe siga así.
negativo;Las clases centradas netamente en lo expositivo tienden a ser menos efectivas, agregar dinamismo y motivación a la participación activa de los estudiantes es algo que personalmente suele motivarme
negativo;Se le pidió pauta de evaluación de un certamen y respondió con fotos de una hoja que decía ejercicio realizado en clases, siendo que no fue el mismo ejercicio, solo parecido
negativo;falta que realice ejemplos o casos mas complejos ya que siempre realiza casos basicos. el ramo es demasiado idealizado y falta aterrizarlo a la realidad, aplicando normas (nch). la planificacion del curso debe integrar la realizacion de casos reales
negativo;Falta dominio de tema
neutro;No era de su sección
positivo;Buen docente, comprometido con que sus estudiantes comprendan la materia
positivo;Buena forma de hacer el ramo ya que se evaluaba la compresion de la materia y no la memorizacion de ella.
positivo;buen profe
positivo;Buen Jefe de carrera
positivo;La asignatura me pareció muy interesante e importante, ya que nos prepara para estar preparados cuando nos toque interactuar con niños con capacidades diferentes.
neutro;Se sugiere la visita al centro de practica y contacto regular con supervisora en terreno
neutro;no me hizo clases
neutro;No hay comentarios
neutro;sin sugerencias
positivo;buena miss
negativo;Estoy molesta por que en la cuesta de presenta la profesora corvalan siendo que en clases estaba el profesor Rodolfo que siempre evaluó nuestros trabajos, mi queja es por que evaluaba el profesorado Rodolfo si la clase lo hacia la profesora corvalan .
negativo;preguntas de test de entrada no tan especificas
positivo;Tiene bien sentido del humor como para ser profesor de física.
positivo;Explica bien el contenido
neutro;no tengo sugerencias, ni comentarios
positivo;buena profesora
positivo;A veces iba muy rápido cuando explicaba la materia, igualmente muy buen profesor.
positivo;excelente profesor
positivo;enseñanza adecuada y fácil de comprender, faltan mas horas para desarrollar bien los prácticos
positivo;no me hiso clases me tocaba con pamela chavarría la cual es muy buena profesora
neutro;Hacer más ejemplos
positivo;No hay sugerencias, las clases son excelentes.
positivo;una profesora muy exigente y comprometida con su asignatura
positivo;Buen docente
neutro;ñmhk
neutro;defgh
negativo;limitarse a los objetivos de la clase, (definirlos)
neutro;Excelente disponibilidad con sus alumnos, escucha y comprende las diversas situaciones que se le planteen.
negativo;enfatizar mas
positivo;Buena profesora, con buena disposición para aclarar dudas
negativo;Domina los contenidos. El aprendizaje no se logra hablando la hora (cada sagundo) completa de clases.
positivo;Utiliza diversos mecanismos para explicar
neutro;bien
neutro;no me hizo clases
positivo;Enseña de buena manera
positivo;Docente generalmente muy clara en sus explicaciones
neutro;sin comentarios
negativo;esperamos que haga ingles IV el próximo semestre, ya que por lo que dicen mis otros compañeros respecto a la otro profesora que dicta la asignatura, no aprendieron nada durante todo el semestre, solo se dedicaban a realizar las nubes de la plataforma
positivo;buenas clases, prácticas
positivo;La clase estaba interesante
positivo;Muy buen profesor de practica
negativo;No debería hacer los certámenes tan extensos
positivo;entrega buen clima en la realizacion de clase
negativo;hacer las clases mas rapidas
positivo;encuentro muy bueno su modo de enseñanza
positivo;Excelente profesor, demuestra que sabe el contenido.
positivo;Me parecen muy entretenidas sus clases,ya que es un ambiente agradable.
positivo;excelente
positivo;Profesor dinámico
positivo;Buenas clases profesor
neutro;No fui a su clase :(
neutro;dsaf
positivo;excelente docente, tiene dominio de la materia y la trasmite con amor
positivo;Excelente docente que genera un espacio para cada estudiante dando a conocer su conocimiento,.
positivo;grf lo mejor
positivo;buen profesor
positivo;Buena profesora, explica los contenidos de buena forma
positivo;es una persona muy preparada, comprometida
positivo;buena onda
neutro;Sin sugerencia
neutro;Buen manejo de contenidos, exelente disposicion para responder dudas en clases, no asi fuera del horario de ellas.
positivo;Tiene gran conocimiento de lo que enseña
neutro;Hshdhd
positivo;Buen profesor
negativo;le falta mas motivación
negativo;No profundizar tanto en la introducción de la asignatura, y comenzar de manera mas directa con esta pues es bastante.
neutro;Sin  comentarios
positivo;excelente profesora
positivo;todo bien
neutro;No es mi profesor supervisor
negativo;Falta que sus clases sean mas dinámicas
neutro;No puedo entregar ninguna
positivo;Calidad de docente, sus clases son un agrado de asistir porque se nota que le gusta lo que hace y enseña de la forma más clara hasta que todos los alumnos comprendan.
positivo;Buena profesora
neutro;Agregar juegos relacionados con la materia para hacer la clase más dinámica
positivo;me gustaban sus clases
positivo;más actitud frente a los alumnos.
negativo;El profesor no genera un lazo con los estudiantes en el sentido de preguntar consultas en clases dado que si el considera que la pegunta es tonta responde de mala forma y a veces insultando a los alumnos.
neutro;No refiere
positivo;profesora interesada en la asignatura, motivando a los alumnos
positivo;excelente profesor, pero se demora mucho en subir las notas.
neutro;no conozco a la docente
neutro;Nada que agregar
neutro;Debería ponerle un poco más de dificultad a los test
positivo;Excelente disposición con sus estudiantes.
positivo;muy claro al explicar una materia difícil de entender
neutro;Ninguna
positivo;bien
neutro;Establecer un programa para cada opción de evaluación dentro del curso
positivo;profesor con muy buena disposición en clases y en sus consultas
neutro;Mejor organizacion en las mesas redondas.
neutro;debe ser mas estricto
negativo;Le falta manejar más los contenidos y motivar a sus alumnos
positivo;excelente profesor
neutro;realizar actividades ligeramente más didácticas ayudaría a mantener la atención de la clase
positivo;muy buen profesor
positivo;muy puntual
positivo;excelentes clases
positivo;Encuentro interesante la forma de enseñanza del profesor
positivo;Creo que la realización de sus clases fueron muy efectiva, al igual que los prácticos.
positivo;la mejor profe de inglés de todas
positivo;simpatico
positivo;Buena onda
neutro;Ninguno
negativo;el profesor realiza la clase, pero no asegura el entendimiento de la materia al cien porciento
positivo;Hacer mas presencia con los estudiantes, pero aun asi al momento de solicitarlo tiene muy buena disposicion.
neutro;Nada.
positivo;buen profesor
positivo;Buen profesor, tiene toda la disposición para enseñar, se nota su grado de academico
neutro;ok
neutro;No se quien es
negativo;le falta actualización de contenidos y métodos de enseñanza
positivo;Excelente clase
neutro;Mas comunicación con los alumnos
positivo;bien
neutro;ninguno
positivo;Siempre dispuesto a ayudar y responder consultas.
positivo;Buen profesor
negativo;Se sugiere no pasar la materia de forma tan acelerada
positivo;Excelente Docente, comprometido con sus estudiantes y preocupado de las situaciones que suceden con ellos.
neutro;No curse este ramo porque hubo una equivocacion al tomarlo
positivo;buen profe
positivo;Excelente docente, siempre con la disposición de enseñar hasta fuera del horario de clases, muy comprometido con que sus alumnos aprendan todo y más.
neutro;no lo conosco
negativo;Mejores ppt
negativo;Podría revisar a tiempo los certámenes
positivo;Muy buen profesional
positivo;la primera metodologia que uso en el curso era la mejor
neutro;el profesor debiera hacer un mejor uso del pizarron (mas ordenado), mejorar su letra y apoyarse con diapositivas que resuman el contenido.
positivo;buen docente
negativo;No le interesa enseñar
negativo;Exponer de forma más clara las instrucciones  de los trabajos a realizar
positivo;excelente docente, excelente asignatura
positivo;excelente profesor
negativo;que no se enoje tan rapido
neutro;Sin sugerencias
positivo;The best
positivo;Atenta, cariñosa y exigente. Le amo<3
negativo;el profesor deberia ser mas dinamico, lamentablemente su forma de enseñar no logra captar la atencion de los estudiantes
neutro;Mas horas de práctica.
positivo;la forma de enseñar es buena, pero en la forma de evaluar debería mejorar.
negativo;jamas tuve clases con la profesora Cristina, que mala organización de sus paginas web por parte de la UBB, que triste
positivo;Muy buen profesor, enseña los contenidos de forma clara y precisa, entrega las notas en los plazos establecidos, lo que si, al subir las notas debería ser por intranet y no por correo, ya que siento que al subirlas al correo se vulnera la privacidad.
positivo;Buen profesor, aunque le hace falta ser mas creativo al momento de realizar sus clases para que los alumnos no se aburran y al momento de realizar las preguntas de dudas que sea mas amplio en sus respuestas no lo que el espera que entendamos
positivo;buena metodologia
positivo;Profesor con pensamiento crítico desarrollado, pero muy disperso.
positivo;Excelente docente.
positivo;Buena profesora
neutro;ningunoa
positivo;bueno
positivo;Buen profesor, materia explicada de forma correcta y fácil de entender.
negativo;no saque las cosas de la tablet  es aburrido
positivo;divertida espontanea y demuestra felicidad
positivo;Buena profesora
positivo;buena profesora, clara en sus explicaciones,puntual con entrega de notas
positivo;el mejor meteorólogo del mundo
positivo;buen profesor
neutro;muy buenas clases, pero no es muy abierto en el debate de temas tan subjetivos como la ética en las evaluaciones
neutro;Me gustaria que en clases se realizaran mas temaricas psicologicas como test de personalidad y esas cosas.
positivo;Excelente trabajo
positivo;seguir con la metodologia
neutro;buen profesor, debería explicar ejercicios el mismo nivel de dificultad que aparecen en el examen en clases
neutro;Muy didácticas las clases para entender mejor, pero debería entregar las notas en el plazo correspondiente
positivo;Demuestra alto dominio del tema, las clases son didacticas, explica muy bien la materia. Buena disposicion ante dudas y consultas, ya sea en su oficina como en clases. Bastante exigente a la hora de evaluar.
negativo;sus métodos no motivan
negativo;"Sabe bastante y por ello explica bien y detallada la materia; sin embargo, sus certámenes son imposibles, la cantidad de alumnos que logran obtener una nota azul en un certamen es muy baja y los que aprueban el ramo es gracias al laboratorio"
negativo;muy poco didactico, cerrado
neutro;contenidos necesarios dentro de la carrera
negativo;Dedicarse a realizar su clases y no distraerse con compañeros que no tienen intereses en ella
positivo;Todo bien
positivo;Buen profesor
neutro;Explica contenidos claramente, pero falta apoyo más didáctico para la concentración de los alumnos
negativo;Es una profesora muy desorganizada, no llega a la hora a las clases, no tiene una pauta de evaluación con el que nos podamos guiar del porque nos sacamos tal nota, no explica bien los trabajos que tenemos que realizas y se contradice con lo escrito en moo
positivo;Dispuesto a enseñar siempre, explicar nuevamente.
neutro;No tuve clases con el profesor
positivo;Excelente metodologia de enseñanza
positivo;excelente profesora
positivo;un muy buen profesor
negativo;Regular
negativo;Le falta saber enseñar
negativo;Debería asegurarse de que los contenidos sean aprendidos, no memorizados.
negativo;disminuir la cantidad de informes durante el semestre
positivo;excelente profesora.
neutro;no me hiso clases
positivo;Muy buen profesor
positivo;Buen profesor
positivo;Buen profesor
neutro;la profesora domina el tema pero su método de enseñar podría ser mas didáctico.
negativo;Mal dominio de la materia. No explica bien. Poca empatía con sus alumnos.
neutro;No hay sugerencias
negativo;El profesor debería entregar notas y evaluaciones a tiempo y a medida que avanza el semestre, al contrario de hacer esto, el profesor entrega solo dos notas a final de semestre, impidiéndonos llevar un seguimiento de estas.
neutro;ninguna
negativo;Como sugerencia podría decir que quizás debería trabajar en otra cosa y no como profesora, para ser profesora de calidad en una universidad tan prestigiosa, primero debe asistir a clases, mostrar algo de compromiso y pasión por su trabajo. Una verguenza
neutro;Ninguna sugerencia
positivo;las clases son entretenidas
positivo;muy buen docente y profesional
neutro;asista
negativo;debería ser más puntual
neutro;nad
positivo;Se maneja muy bien en su área
positivo;el mejor profe de calculo
positivo;Muy buen profesor
positivo;Excelente profesor
negativo;Hace demaciadas evaluaciones innesesarias, y sus certamenes son muy extensos
positivo;clases teoricas y practicas motivadoras
neutro;tiene mucho conocimiento, pero al enseñar se complica mucho.
positivo;excelente profesor
positivo;la importancia de que nosotros sus alumnos aprendamos o mejorar nuestras notas es nula, no le importa si nos va bien o mal, cero motivación, además siempre estuvo dependiendo del  profesor de la otra sección al momento de evaluar o tomar alguna decisión
negativo;Encuentro que se equivoca en el desarrollo de los ejercicios
positivo;Profesor que maneja lo que enseña
negativo;Que aprenda a explicar
positivo;buen profesor
neutro;a la altura
positivo;genera un buen ambiente para realizar las clases
neutro;dadssad
positivo;muy buena disposición y metodología de  enseñanza
neutro;Buen profesor,el horario que tenia no acomodaba a nosotros
positivo;Excelente profesor, sus clases son muy interesantes, logra captar la atención de los estudiantes.
negativo;Revisar mas su gmail
positivo;me gusta su forma de explicar, a demás sus certámenes concuerdan muy bien con los ejercicios realizados en clases.
positivo;un profesor jugado por los alumnos
negativo;Falta más responsabilidad como docente
positivo;No tengo ninguna sugerencia para dar, es una excelente profesora.
positivo;buena metodología de enseñanza
negativo;por mi parte no le podría llamar profesor.no sabe hacer clases.sus pautas de años anteriores estaban malas.no respeta el plazo de entrega de notas.
positivo;muy buena profesora , buena disposicion
positivo;buena profesora
neutro;Ninguno
negativo;señor desagradable que le gusta humillar a sus alumnos
neutro;buen profesor, pero debería cambiar  la actitud de no dar permiso para salir al baño a los alumnos.
neutro;bien
negativo;La cercanía o lo que proyecta hacia el alumno, suele hacer que este sienta rechazo tanto hacia la docente como la asignatura
negativo;falta mas horas teoricas en algunas asignaturas , por lo que los alumnos al momento de la practica quedan al debe
neutro;complementar la asignatura con uso de software
positivo;Excelente profesor, muy humano
neutro;dtfyiguon
neutro;0
neutro;jfvhkdf
positivo;Las clases son muy buenas y motivan al alumno a poner atencion
positivo;Sin comentarios ni sugerencias
neutro;un poco mas de material de apoyo
positivo;muy buen profesor.
positivo;Gran docente
neutro;bien
neutro;dar espacios de recreo (5-10 min) en la clase mas larga
negativo;Mejorar su comunicación
neutro;nunca lo conocí
positivo;excelente docente, apoya a estudiantes, comprende sus situaciones y avanza según sus capacidades
negativo;Entregar notas con mayor antelación
neutro;holy
positivo;es un gran profesor, que inspira al estudio de la asignatura
negativo;responder prontamente los correos de los alumnos, enviar las notas cuando se le pida y subir las notas a tiempo.
positivo;el profe es perfecto
positivo;En general sus clases son interesantes y buenas
negativo;A modo de sugerencia, debería tener una pauta o rúbrica con puntajes a la hora de evaluar cada una de las actividades.
positivo;En líneas generales, un buen profesor. conocimientos sólidos, explica de la manera más simple. además de entregar un material de buena calidad para preparar las evaluaciones.
neutro;nada que decir
negativo;Poco empático con los alumnos
neutro;seco
positivo;Excelente profesor que promueve un clima de aprendizaje agradable y grato.
positivo;Excelente profesora de historia, sus clases son muy interesantes
positivo;Buen método de enseñanza
neutro;muy bien
neutro;Tener horario de consultas
positivo;buena profesora
neutro;Nada que agregar, ya que fue una asignatura eventual por el censo
positivo;Se nota planificación de cada clase y mucha responsabilidad a la hora de entregar notas y trabajos. Un ejemplo de docente.
neutro;Conoce el tema
neutro;Debería facilitarnos las clases o subirlas a la plataforma
positivo;Buena disposición para atender alumnos.
neutro;Muy bien
negativo;que realice en pizarra mas ejercicios con los cuales se pueda ver como proceder en cada ejercicio.
positivo;buena profesora
negativo;quizas un poco mas de compromiso
negativo;Hablar más lento
positivo;Profesor destacado y comprometido con el aprendizaje de sus alumnos, nada que decir
neutro;No me hace clases
neutro;Los jitts no sirven
negativo;tener otra metodología de enseñanza
negativo;Algunas cosas en esta asignatura las encontré sin mucha importancia y no llamaron el interés mio ni el de algunos de mis compañeros, se sugiere hacer un cambio en este curso y que sea más enfocado a herramientas como excel entre otras que actualmente se n
positivo;Excelente profesor, mucho manejo en el ramo
positivo;Es seca profe, siga así, cada  clase lograba que me enamorara aun mas de la psicología
positivo;profesor técnico y conciso
negativo;Falta interacción en sus clases
positivo;Muy grata experiencia haber realizado una feria de la salud (aún tengo muy claro lo que me correspondió exponer ese día)
neutro;Buena profesora, lo único fue que hubo una mala organización con su par que trabajaba con la otra sección para llevar a cabo las actividades iniciales de la asignatura.
neutro;Todo buen
positivo;Buen docente
positivo;buen ambiente dentro de la clase, es agradable asistir a ellas.
positivo;buena asignatura
negativo;evaluaciones correspondiente con el tiempo acordado, ya que son muy extensos y dudo que hasta el mismo profesor los termine.
positivo;Muy buen profesor
positivo;profesora con un amplio dominio de la asignatura Economia , explicando claramente cada detalle
positivo;Excelente profesor
positivo;Buen docente
neutro;las clases fueron muy pocas como para dar una opinión concreta sobre como enseña el docente
neutro;N sugerencia
positivo;es excelente en lo que se refiere a su asignatura
positivo;Excelente docente. utiliza múltiples recursos para que el contenido sea aprendido en totalidad, no solo refuerza lo académico sino los valores como futuros profesionales, alto dominio de los contenidos, entrega recursos que facilitan el estudio.
positivo;Buen profesional.
positivo;Muy buena profesora, y lo que enseña se entiende con mucha claridad
positivo;Didáctico al enseñar
positivo;gran profesora dispuesta a ayudar, enseñar mucho mas allá que otros docentes
positivo;La profesora utiliza una buena metodología de enseñanza, sus clases son muy didácticas.
negativo;No inicia las clases a la hora puntual y es exigente con la puntualidad de los alumnos, esto no genera interés por la clase a pesar de que es una asignatura con contenidos interesantes
positivo;Me gusto la forma de explicación de la materia
positivo;buen profe
neutro;solo falta un poco mas de caracter
neutro;un poco serio.
neutro;Ninguna
positivo;Excelente profesor
neutro;Sería interesante presentar aplicaciones de los contenidos teóricos a los espacios terapeuticos reales. Algo como exponer relatos de experiencias en donde determinados conocimientos fueron fundamentales.
neutro;Buen profesor, sugiero mas coordinación con la profesora jefe de la asignatura.
neutro;Buena profesora pero necesitamos guías para reforzar lo visto en clases
neutro;no tengo sugerencias
positivo;Muy buena profesora, con buena disposición.
positivo;La asignatura es esencial para lamformación del estudiante
negativo;Más volumen en la voz
neutro;Sin sugerencias
positivo;muy agradable para debatir
negativo;Muy estricto a la hora de corregir los informes.
neutro;buen docente, pero un poco llevado a sus ideas
positivo;Es muy cercano con sus alumnos y muy buen profesor.
positivo;Excelente profesora.
neutro;no hay comentarios
positivo;muy buen profesor
neutro;no curse la asignatura con el profesor
negativo;Evaluaciones rebuscadas y desmedidas comparado con el contenido visto en clases.
negativo;Se demora mucho en subir las notas.
negativo;Mas dinamica en clases, para que estas no sean tan lineales
positivo;excelente profesor
negativo;Debe mejorar temperamento. Debería habilitar mas problemas resueltos con la dificultad con que él evalua para prepararse de mejor manera (via Adecca)
positivo;muy buena profesora
negativo;Elegir una sala mas amplia para las clases
positivo;the best
negativo;Profesor muy metódico
negativo;Debería entregar guías de ejercicios
positivo;Buena profesora, sus clases son agradables.
positivo;un excelente profesor, maneja a la perfección los contenidos del ramo que imparte.
negativo;que se preocupe de ser un buen docente y sea menos arrogante
positivo;Buen profesor, explica bien los contenidos, y se asegura de que los alumnos entiendan
neutro;sin sugerencias
negativo;Sugerencia: El horario de la asignatura no sea el mismo día que Taller.
positivo;Agradecer su paciencia, cuando no se entendía algún contenido y por su pronta respuesta
positivo;maneja muy bien el idioma y sabe enseñar a los alumnos
negativo;metodo de enseñanza no es muy efectivo
positivo;excelente profesional
positivo;MUY BIEN HECHA LA CLASE
neutro;No era mi profesora
neutro;No tengo sugerencias
neutro;xd
positivo;Exclenete profesora, hace falta una geografa con aquellas caracteristicas en nuestra universidad y en nuestra carrera, genera empatia, simpatia y un ambiente grato a diferencia de distintos profesores del area geografica.
negativo;sin comentarios
positivo;Nada que sugerir, las clases son completas y bien explicadas.
positivo;como sugerencia debería establecer y promover horarios para consultas
positivo;Buen profesor, genera confianza en el grupo.
negativo;Debería entregar mas rapido las notas de los cértamenes, y realizar de mejor manera la corrección de éstos
negativo;Realiza rutinas de ejercicios un poco exigentes o inadecuadas para el nivel de los estudiantes.
positivo;Muy dedicado a su trabajo.
negativo;ser mas didactico
neutro;Mas tiempo para los certámenes.
positivo;excelente profesora trata todos los puntos a evaluar paso a paso
positivo;buen profesor. conocedor del tema
positivo;¡Siga así!
neutro;Asignatura bien desarrollada
positivo;buen profesor
positivo;excelente dominio de contenidos
neutro;mas estrategias didacticas
positivo;En general siempre tuvo la disposición para responder dudas
positivo;buen profesor
positivo;Muy buena maestra, se toma el tiempo para explicar de muy buena manera.
positivo;Profesor amable con sus alumnos, lo que agradaba asistir a sus clases
positivo;Buen profesor
positivo;Excelente taller, ayuda mucho, excelente metodologia de clases
negativo;su método de evaluación es malisimo, no tiene nada que ver respecto a guías propuestas o ejercicio en clase, el nivel de exigencia y de contenido de las evaluaciones supera con crece lo visto en clase.
negativo;Mucha utilización de guías , mucha perdida de clases
negativo;Escasa retroalimentación después fe una evaluación.
positivo;Excelente, todo claro <3
negativo;El profesor puchi debería pasar TODA la materia antes del certamen
positivo;buena profe
negativo;Mostrar mayor autoridad en la sala de clases
negativo;el profesor no es consistente en sus respuestas sobre contenidos estudiados, dando distintas respuestas a los estudiantes para una misma pregunta. en las evaluaciones considera una definicion erronea aunque esta este definida en el libro, entre otros.
positivo;Buena profesora
positivo;Buena profesora y da la confianza para consultar las dudas.
neutro;Realizar más inglés gramatical para tener un mejor manejo de vocabulario
positivo;pedir un poco de asistencia a sus alumnos ya que creo que esa es la causa de las tan bajas notas en todos los ramos
positivo;bueno
positivo;Realiza bien sus clases
neutro;no tuve clases con ella
positivo;Buen profesor
positivo;excelente profesora
neutro;Ninguna sugerencia
positivo;Enseña bien
positivo;buen profesor
positivo;Explica bien la materia
neutro;Ninguna
negativo;Dominador de la materia nada que decir pero yo no le entiendo nada al igual que otros compañeros , como critica constructiva que los ejercicios lo haga paso a paso ya que algunos quedamos con duda cuando se saltaba pasos.
neutro;Ninguna sugerencia.
positivo;Bien
positivo;sus clases son muy productivas
neutro;Me parece muy pertinente para la asignatura la evaluación mediante el proyecto de investigación, incluso yo aumentaría el porcentaje del poryecto a un 35%
negativo;no maneja conocimientos
positivo;Buena docente
positivo;Me encanta
positivo;Buena profesora
neutro;un buen docente, aunque siento que a veces es un tanto llevado a sus ideas, lo que no me parece mal, pero si es un tanto subjetivo.
positivo;Muy clara al momento de enseñar.
positivo;sus clases son dinamicas, entretenidas y facil de comprender
positivo;profesor cumple objetivos
neutro;n
positivo;Una clase más didáctica y evaluaciones con un nivel parecido a los ejercicios que entrega y enseña
positivo;muy bien
negativo;más compromiso
positivo;Se agradece la confianza que emplea con sus alumnos
neutro;No aplica
positivo;Excelente docente
neutro;muy expresiva
negativo;suspende las clases sin aviso previo
negativo;deberia contar con mayor tiempo para los estudiantes
positivo;Muy buen profesor, explica claramente los objetivos y contenidos, no se me ocurre una sugerencia por el momento
positivo;muy buen profesor
positivo;Hace clases entretenidas y mantiene viva la atención del estudiantee.
positivo;jajaja
positivo;Excelente.
positivo;bien aunque falta mas explicacion del tema y que no quiten tan rapido la informacion
positivo;El profesor domina muy bien sus conocimientos, se le entiende la materia y es dinamico en sus clases
positivo;Muy buen curso.
positivo;es un buen profesor esta todo bien
negativo;Es demasiado parcial para las reglas que da en el laboratorio, pareciera ser que facilita las cosas para algunos compañeros, es muy evidente.
positivo;buen profesor
positivo;Muy buen docente, buena confianza con alumnos
neutro;Fue una clase nomás, nada que decir.
positivo;excelente profesora, comprensiva y con mucha energia y ayuda a sus alumnas
positivo;una buena profesora
positivo;Comenzar las clases en la hora indicada
neutro;Preparar y realizar las clases
positivo;siga así
neutro;Contestar las preguntas en clases
positivo;clases muy didácticas y entretenidas de ver
positivo;Buena profesora, siempre dispuesta a ayudarnos en todo lo posible para que termináramos este ramo.
positivo;hacer todas las clases frente a un computador para un mejor desempeño de los alumnos
positivo;La profesora maneja la clase correctamente
positivo;Buen profe
negativo;La profesora debería tener mejores ayudantes.
neutro;A.
neutro;ninguna
positivo;Excelente docente, muy buen profesor, conocimiento y dominio total del tema el cual enseña
negativo;Planificar un poco más las clases
negativo;mas participacion de los alumnos le falta incluirlos en las clases
positivo;muy buen profesor
positivo;muy comprometido
positivo;Profesor que esta siempre dispuesto a ayudar a los alumnos.
positivo;No tengo criticas, es una profesora muy objetiva en su trabajo.
positivo;Muy buen profesor, dedicado y responsable, con notas, evaluaciones, etc. Clases didácticas y da la opción de aclarar todas las dudas.
positivo;Profesor comprometido con su asignatura.
positivo;Enseño super bien la materia.
negativo;No lograba transmitir todos sus conocimientos, pero igual aprendí.
negativo;Clases mas didácticas
positivo;sus clases didácticas fueron las que me apoyaron para poder aprender aun mas.
negativo;al ser los certámenes muy extensos, el tiempo en el cual se revisaban fue mayor a lo establecido por reglamento
negativo;Na
positivo;Buena profesora y colaboradora para el aprendizaje para cada alumno.
negativo;muy enrredado
positivo;EXCELENTE DOCENTE
neutro;Tener mejor relación entre profesor y alumno.
positivo;Es una buena profesora, con muy buena disposición para que el alumno aprenda.
neutro;good
neutro;G
negativo;usa buen material, pero lamento decir que no mostraba mucho dominio sobre la materia
neutro;bueno
positivo;siempre me gusto asistir a sus clases, por el motivo de que el porfesor sabia llevar bien sus clases y con esto hacia que el estudiantado pudiera estudiar con mas ganas su materia.
neutro;Sería positivo tener un mayor orden en el desarrollo de ejemplos
neutro;------
negativo;Sin comentarios.
neutro;El método de aprendizaje debería ser más didáctico para hacer las clases más entretenidas
negativo;no presenta la mejor disposicion para resolver dudas y explicar nuevamente
neutro;los practicos son los que dejan
negativo;Mejorar exposicion de clases
positivo;la profesora estaba abierta a escuchar y aclarar todas las dudas que surgían en clases
positivo;Excelente profesor, buena didactica para realizar las clases
positivo;muy buena dispocion para orientar alumnos y solucionar problematicas de los laboratorios
positivo;Explica super bien los contenidos, didáctico, carismático...seco el profe
positivo;Súper
positivo;Explicación claray comprensible
negativo;Es un poco enredado para enseñar
negativo;los horarios podrían ser más tempranos
negativo;profesor que no cumple con horarios establecidos por la institucion.
negativo;Desarrolla la clase con dominio de los temas pero, a veces no es totalmente clara a la hora de explicar consultas realizadas por alumnos.
neutro;No me hizo clases
positivo;Excelente disponibilidad para atender a los estudiantes
neutro;favor Ser mas flexible con la asistencia a las catedras
positivo;excelente profesor
positivo;buena disposición para enseñar
positivo;Explica bien a pesar de la complejidad de la asignatura
negativo;crear un ambiente de trabajo mas agradable y menos autoritario, renovar material como guias ya que para aquellos que repiten el ramo no es una retroalimentacion, mas bien es un aprendizaje estructurado en el paso a paso de como resolver un ejercicio
positivo;El mejor profe de inglés q he tenido
negativo;Nada que decir.
positivo;Conoce el contenido y explica de manera clara
neutro;excelente profesora, pero deberia respetar los plazos para la entrega de notas de las evaluaciones
negativo;Que se expliquen mas a fondo los contenidos.
negativo;clase mas dinamica
positivo;Profesor comprometido con su asignatura
neutro;Considero que en ocaciones le hace falta mas empatia con los estudiantes. Tambien considero que es imparcial para evaluar y tratar a los alumnos.
neutro;falta mas seriedad y real demostracion de lo que se esta enseñando
neutro;Que no haga más certámenes orales!!
positivo;buena profesora y lider
positivo;BUENA PROFESORA
neutro;No hay sugerencias
positivo;muy buen profesor.
negativo;0
positivo;Buen profesor
negativo;En general bien.
negativo;Lamentablemente no me pudo hacer clases este semestre por lisencia medica
negativo;No tomé ramo con ella
positivo;Entregar guía de ejercicios
positivo;mas asistencia a clases
positivo;buen profesor, buena interaccion con los estudiantes y enseña adecuadamente
negativo;totalmente en desacuerdo con que el profesor siga impartiendo algún ramo para nuestra carrera
positivo;Excelente profesor en su área especifica, tiende a explicar de forma sencilla.
positivo;Muy buen profesor
positivo;Buen profesor
positivo;excelente profesora, demuestra confianza frente a sus estudiantes.
positivo;clases muy didacticas
neutro;.........
positivo;El mejor
neutro;Asignatura inscrita por cupo.
negativo;Si quiere considerar asistencia como requisito para rendir certámenes, debería también recuperar las clases que suspende
positivo;SER MAS PUNTUAL
positivo;Mucha Disponibilidad para ayudar a los alumnos y muy profesional en su area
negativo;ser mas puntual en la entrega de notas
positivo;Que la profesora se enfoque más en ejercicios prácticos que más nos acerquen a la vida real.
positivo;Gran profesional, muy claro en sus clases, ojalá todos fueran así de claros.
positivo;Siga así
neutro;No tengo sugerencias ni comentarios
neutro;Nada que añadir
positivo;excelente en dominio de contenido y habilidades sociales y emocionales
positivo;sugiero realizar mas ejercicios prácticos y  crear una identidad como profesor
positivo;entrega de notas en plazo indicado
positivo;buen instructor
positivo;mas ejemplos
positivo;docente cercana a sus estudiantes
positivo;Excelente profesora, y excelente asignatura.
positivo;Excelente docente, muy dedicada
negativo;por  favor cumplir los horarios de llegada
positivo;Muy buena profesora
positivo;buen profesor
neutro;Mayor foco en la materia
negativo;Un poco mas dinámico
positivo;muy confiable y devota
positivo;Muy buen profesor
positivo;Clases dinámica.
neutro;Good
positivo;Muy buena profesora
positivo;mucho dominio en la materia
positivo;Buena disposición en la atención con sus alumnos.
positivo;solo presione tab y abajo para responder rapidamente y escribir ramos
positivo;Sabe explicar el contenido
positivo;No tirar bromas pesadas
positivo;Excelente profesor, preocupado por sus alumnos, dominio de conceptos evidente.
negativo;no ser tan enojona
positivo;Buena docente que maneja muy bien sus contenidos
positivo;deberia impartir siempre el ramo de econometria este profesor!!
positivo;Muy utiles sus clases
positivo;buen profesor
negativo;Sin comentarios
neutro;0
negativo;Que hable algo más fuerte y modulador... A veces no se entiende bien porque además habla muy rápido
positivo;Buen profesor
positivo;Excelente profesora, su método de enseñanza es muy didáctico
negativo;falta diferentes estrategias para interesarse en el ramo y tener una enseñanza mas didactica
positivo;Buen profesor
positivo;buen profesor
positivo;Buena profesora, pero deberia hacer sus clases un poco mas dinamicas
positivo;clases muy buenas y gratas. Felicitaciones.
positivo;La profesora Claudia tiene una forma de enseñar muy grata
negativo;no entrega las evaluaciones a el tiempo acordado
positivo;el curso es un gran aporte
positivo;Excelente profesor
positivo;es chistoso
positivo;es empatica con los alumnos
positivo;buen profe palmyers
negativo;No demuestra un interés en lo enseñar ni en lo que hace en general
positivo;Posee un muy buen dominio de la asignatura.
negativo;Mal profe
negativo;siempre preocupada por la asistencia y el rendimiento
positivo;buenas actividades practicas que hacen entender de mejor manera las unidades
positivo;buen profesor
negativo;NADA QUE DECIR
positivo;Excelente docente
positivo;Es un muy buen profesor, sabe mucho de lo que enseña.
neutro;NINGUNA
positivo;Enseña de manera práctica y eficaz el idioma en su nivel básico
positivo;Excelente
negativo;La profesora da a conocer los contenidos de manera clara, la cual somos capaces de comprender, sin embargo se demora mucho en subir las notas de evaluaciones.
positivo;excelente ramo integral, buena experiencia
positivo;Excelente profesional, faltan profesores de este standar en la escuela de trabajo social
positivo;profesor responsable y dedicado
positivo;Muy buen profesor. A pesar de la complejidad de la materia trataba de explicarla de manera mas sencilla.
negativo;Mejorar organización con los tiempos de reunión.
positivo;El profesor siempre tuvo interés para guiarnos.
negativo;dificil de tratar
positivo;Excelente profesora
positivo;la profesora cumple con la gran mayoría de los criterios establecidos pero por otro lado podría ser un poco mas alegre y no tan seria para tener un mayor agrado al momento de ir a sus clases.
neutro;ninguna
positivo;excelente profesora
positivo;buen profesor pero deberian aumentar las horas
neutro;No es mi profesor
positivo;Buen manejo de contenidos, clases claras y didácticas.
negativo;Es un profe regular
positivo;:)
positivo;Excelente desempeño
negativo;Buen profesor pero muy exigente a la hora de evaluaciones
positivo;gran entrega en su trabajo
neutro;Ninguno
negativo;Trate de no enredarse tanto al explicar, pero buen profesor y buena disposicion
neutro;ninguno
neutro;A
positivo;explica de una manera clara.
positivo;Muy buen método de enseñanza
neutro;Sin comentarios
positivo;Buena docente, con disposición y conocimiento de la asignatura.
neutro;la realizacion de mi HP no se realiza con este profesor
negativo;Debe ser puntual
negativo;mas practicas
negativo;más comprensión para los estudiantes
positivo;Buen profesor.
neutro;lkjhg
positivo;Buena metodología para enseñar
positivo;excelente profesora, dispuesta a enseñarnos todo, muy paciente y muy simpática, debería seguir potenciando este hermoso taller!
positivo;excelente profesor
positivo;motiva al estudiante con la asignatura. Gracias!
negativo;Especificar más la materia
neutro;Docente
negativo;hacer las clases mas entretenidas
positivo;Muy buen profesor, domina muy bien los temas ademas de tener completa disposicion para tratar con los alumnos
positivo;muy entretenida la clase
positivo;buena
positivo;Buena enseñanza
positivo;Excelente desempeño profesor
positivo;Gracias por lo enseñado profesora
positivo;excelente profesor
positivo;buen profesor
neutro;Conforme
neutro;no hay sugerencias
neutro;S/C
positivo;buen profesor
positivo;+
negativo;Podría hacer sus clases más dinámicas, así mantendría en él toda la atención de los estudiantes
positivo;buena profesora muy inteligente, con la capacidad de encantar a las alumnas con la carrera, pero seria mucho mejor sobre todo en este ramo que de mas instancias para conversar sobre las vivencias en nuestros días de practica.
neutro;irusfjkbnilursjkbncsilu
neutro;no tengo clases con el.
positivo;buena profesora, domina bien los contenidos
negativo;sus clases son buenas pero deberia conciderar , los ejercicios mas dinamicos
positivo;gran profesor
positivo;buen profe
negativo;Podría utilizar recursos como guías
positivo;buen profesor
positivo;explica muy bien los contenidos
positivo;excelente profesor con el cual se crea un ambiente muy grato en sus clases, incita a la participación de los alumnos en su clase.
negativo;con todo respeto no extravíe el material entregado por alumnos, me refiero a tareas porque  luego olvida la situación y eso perjudica al alumno.
positivo;Excelente profesora
positivo;Es un excelente profesor, me gusta mucho su tecnica de pasar la materia y luego pasar ejercicios.
positivo;se agradece su simpatia
positivo;Dio buenas clases
neutro;buigutf
positivo;buen profesor
neutro;Clases didactididácticas
positivo;Me gusta la metodología de las clases, y cumple al pie de la letra con los acuerdo de reuniones
positivo;Muy buena docente
positivo;Profesor altamente recomendable.
positivo;Muy buen profesor
positivo;entragar las notas a tiempo
positivo;Falta mejorar la empatía con los alumnos
positivo;buen profesor, domina su tema
neutro;nos vemos en el aire
positivo;Que utilice más el proyector. Y haga más ejerciocio que materia. Todo lo demás está muy bien.
positivo;Una sugerencia, que avise mediante correo o al encargado de clases cuando no podrá asistir
positivo;Es una de las mejores docentes que tuve este semestre. Cumple en todo sentido como profesora
positivo;Se desenvolvió bien, a pesar de algunas limitaciones de herramientas que hay
positivo;Excelente profesora
neutro;ninguno
positivo;bajar el nivel del ramo utiliza el tromba que es de avanzado igual que utilice larson o zill.
positivo;Excelente profesor y gran conocedor de la asignatura que imparte.
neutro;es el encargado del programa y no es aplicable a nuestra carrera
neutro;sin comentarios
positivo;Profesora atenta, preocupada, solo deberia mejorar en la puntualidad
positivo;buen profeson siempre explicando lo justo y necesario para la evaluacion y el conosimiento que nesesittamos como estudiantes
positivo;cambiar la forma de evaluacion
positivo;buena metodología de enseñanza
negativo;Como sugerencia de la asignatura, quizás pasar más rápidos los contenidos de principio de semestre y dedicar más tiempo en repasar lo último, ya que son fundamental para el desempeño futuro profesional y no se les dedicó el tiempo necesario.
negativo;Más amigable al momento de resolver dudas y dar a conocer su opinión después de las presentaciones, dejar que las exposiciones sean al azar y que de verdad sean según la participación en clases como se dijo a principio de año.
positivo;el profesor maneja perfectamente los contenidos de la asignatura, procura que todos sus estudiantes comprendan las instrucciones y con mucha paciencia nos explica la materia las veces que sea necesario.
positivo;Una casignatura muy completa
positivo;muy buena docente
negativo;"Le faltó más responsabilidad con el ramo; no realizaba las clases con motivación"
negativo;Entregar las notas en el plazo correspondiente
positivo;Buena profesora y responsable con las actividades de la clase
negativo;profesora metodológica pero no enseña los contenidos claramente
positivo;Maneja bien el tema
negativo;Que las clases sean mas dinamicas
positivo;muy buena la forma de evaluar ya que utiliza metodos muy ingeniosos y nuevos
positivo;Alto conocimiento y dedicado a enseñar
neutro;no tuve clases con él.
positivo;Creo que debería tener una retro alimentación de los casos que hacemos en clase
negativo;Poca dinámica de trabajo
positivo;Buenas clases
positivo;Sin comentarios negativos, muy buen profesor
negativo;Utilice una letra más legible y procedimiento más ordenado, al momento de realizar un ejemplo u ejercicio.
positivo;Excelente
positivo;buena disposición
neutro;profe
positivo;Comprometido con su asignatura y muy riguroso con disciplina y puntualidad.
positivo;explica bien
neutro;ninguna
negativo;Si no tiene tiempo para la clase mejor que no la imparta.
positivo;bien
positivo;Todo bien
negativo;trabajos mas didacticos
positivo;Siga así profe.
negativo;Entregar las notas dentro del plazo
neutro;nada que decir
neutro;sin comentarios y sugerencias
positivo;Muy clara al momento de exponer la clase, dispuesta a responder todas las dudas.
negativo;que sea mas accesible en los horarios de ayudantia
positivo;Buen profesor
negativo;Que hable mas fuerte
negativo;Más ejercicios y problemas en clases
neutro;No tuve la supervisión   de este docente
positivo;a pesar de ser un ramo fome, usted lo hace entretenido se agradece
negativo;Explicar la materia con mayor claridad
positivo;Excelente profesor, se espera mucho de él.
negativo;hacer ellas lo ejercicios no su esposo por que no tiene dominio de ello solo los copia.
neutro;no la conozco
positivo;buen profesor y muy exigente
positivo;Excelente docente
positivo;excelente docente, maneja profunda y extensamente los contenidos de las clases.
positivo;buen profesor
positivo;el profesor realiza clases donde hace participar a los alumnos lo cual es muy bueno y ejercita a los alumnos para las evaluaciones lo cual nos ayuda bastante
negativo;Mayor seguridad al responder dudas
neutro;ninguno
negativo;Mas flexible con los horarios de llegada por ciertos motivos de viajes
positivo;buena profesora, da instancias para participación en clases
negativo;Buena docente pero podría tener clases más didácticas.
negativo;Una asignatura que no aporta en el desarrollo y que hacer profesional de los alumnos
positivo;Profesor metódico y responsable con la programación de las actividades.
negativo;Debe modernizar su metodología de enseñar
positivo;fue muy buena la metodologia de este semestre de implementar Test cada 15 dias
neutro;ninguna
neutro;No aplica
positivo;Excelentes clases, buen clima en el aula y disponibilidad del profesor ante consultas.
negativo;Tratar de distribuir mejor los contenidos de las clases para no hacerlas tan densas
positivo;Buen profesor, el cual demuestra con confianza lo que sabe
positivo;Entiende las dificultades de sus alumnos
negativo;Es un buen, profesor, pero el gran problema de su laboratorio, es la corta duración, lo cual hace que sea inútil tenerlo, ya que en una hora y media, no se logra aprender lo suficiente.
positivo;todo ok
positivo;Una ecxelente profesora, siempre muy didáctica.
neutro;sin comentarios
positivo;Muy buenos laboratorios, nada que decir.
positivo;Experto en su área muy buen dominio de contenidos
neutro;sin comentarios
negativo;debe resolver los ejercicios siendo menos subjetivo
negativo;Entregar más confianza a sus alumnos.
positivo;Muy buena metodología de aprendizaje
neutro;ninguna sugerencia
positivo;Buen taller, nada que decir
positivo;eL PROFESOR ES MUY DEDICADO Y SE NOTA QUE  MaNEJA LO QUE ENSEÑA.
negativo;falta compromiso con el curso
positivo;es buena profesora y explica muy bien
positivo;gran capacidad de cautivar a sus alumnos con sus clases
positivo;Buen profesor, las pocas clases que tuvo fueron buenas, captaba la atención de los estudiantes. Si hubiera sido más comprometido con su labor, su evaluación sería mucho mejor.
neutro;Ninguno.
positivo;tiene un buen metodo para explicar
positivo;Muy clara y precisa al momento de enseñar
positivo;Buenas clases
negativo;muy buen profesor pero no sabe explicar hace los ejercisios para el
negativo;aplicar mas ejercicios prácticos en su programa
positivo;Buen profesor
neutro;no se realizaron clases
positivo;Buen profesor
neutro;sin comentarios
positivo;Maneja a la perfección los contenidos
positivo;buen profe.
positivo;muy buen profesor, posee muchos contactos los cuales al estudiante les permite tomar buenas practicas.
neutro;muy interactiva
neutro;n
neutro;No hay sugerencias
positivo;Todo bien
positivo;Excelente docente
positivo;excelente semestre con profesora jania bastías. trata de incluir a todos los estudiantes de su clase.
positivo;Buena profesora, ojalá la coordinadora la deje crecer como docente.
neutro;Buen profesor
positivo;exelente profesor sigua asi
neutro;nn
negativo;no me hizo clases
negativo;le  falta mejor trato hacia los alumnos
neutro;Buen profesional
neutro;buena profesora
neutro;ninguna sugerencia
positivo;Excelente docente, con mucho conocimiento y muy humana
positivo;Buena profesora, siempre transmitiendo buena onda
neutro;Realice esta asignatura en terreno.
positivo;Excelente profesor
positivo;La profesora Pamela es muy amistosa, entrega la confianza necesaria para expresar opiniones y sentimientos en las actividades que realizamos, es muy creativa y dinámica.
positivo;Buena profesora apasionada por lo que enseña
neutro;Falta que aveces explique un poco mas la forma de realizar algunos ejercicios
positivo;Buen profesor, con la paciencia para explicar las veces que sea necesario la materia que pasa
neutro;Clases participativas y didácticas
neutro;buen profesor
positivo;Excelente profesora
neutro;Profesor que se nota que sabe mucho, aunque un poco estricto en cuanto a los contenidos.
neutro;no era mi profe
neutro;Ninguno
negativo;como sugerencia que sea mas cercana con los alumnos
positivo;muy buen electivo
neutro;Mas tareas
negativo;Mejorar los plazos de entregas de notas
positivo;excelente profesor
neutro;la materia se entiende y la explica de buena forma, pero podria realizar las clases de manera más didáctica
positivo;es un buen profesor, sabe lo que está enseñando, tiene buena metodología de enseñar
neutro;Más disertaciones
positivo;El profesor es muy bueno, conoce muy bien la materia que expone y crea un muy buen ambiente de aprendizaje.
positivo;Profesor responsable
negativo;no tanto apoyo de las diapos y más diálogo
neutro;Me gusta su clase, aunque a veces parece muy monótona, es por que la materia talvez es plana
positivo;Realiza un buen trabajo con los estudiantes.
positivo;es muy simpatico y hace sentir confianza de poder preguntarle lo que sea
positivo;buen profesor
neutro;Subir algún material extra a las plataformas
neutro;ninguna
neutro;buen profesor
neutro;Buena profesora
neutro;buen profesor.
negativo;Mal docente.
positivo;Comprensivo y buen profesor
positivo;LA MEJOR PROFESORA DE LA ESCUELA
positivo;Profesora muy comprometida con la asignatura.
positivo;Excelente docente en el área práctica
negativo;Me parece innecesario pasar los casos largos a cortos
neutro;espero que este segundo semestre sea igual como lo fue en el primero
neutro;le falta ser mas pedagógica
neutro;Quizá podría pasar la materia de forma más pausada, aunque se entiende que al ser modular debe llevar un ritmo más acelerado.
neutro;buen profe.
positivo;buena e interactiva asignatura
positivo;Clara par a enseñar, proporciona confianza, podría ser más didáctica en clases para que no sean muy monótonas
neutro;Profesor interesado en lo que realiza , pero que en varias oportunidades no sabia escuchar a los alumnos
positivo;muy interactivas sus clases
negativo;Su forma de enseñar es bastante mala a decir verdad, debería mejorarla bastante.
neutro;el contenido de la asignatura deberia estar mas enfocado a lo que realizaremos en el campo laboral y en como enseñar lo aprendido
neutro;Ninguna
negativo;no hacer las clases de tanta lectura de power, sino mas didactica
neutro;dassdasad
positivo;Buen profesor, con muy buena disposición.
neutro;Bien profesor
positivo;muy buen profesor
positivo;Super buena profesora
positivo;Muy buen profesor, muy motivado
positivo;La profesora crea espacios de confianza y de buena disposición para enseñar
neutro;No asisti a sus clases
negativo;Se necesita ser más empático y un poco más flexible con los estudiantes
neutro;Buen electivo
neutro;Es una profesora que maneja su asignatura, sin embargo no supo cómo nivelarnos al nivel de su asignatura, ya que el ramo que le antecede (Termodinámica 1) fue muy básico para lo que debíamos saber.
positivo;Muy buena profesora y buena asignatura
positivo;Me encantan sus clases
neutro;bien
negativo;no explica muy bien
positivo;comprensiva
positivo;es muy bueno explicando en cada clases
positivo;muy buen profesor que siempre trata de ayudar con cualquier duda o inquietud que se tenga en la asignatura
positivo;Clase muy didáctica y interesante
positivo;buen profe
positivo;Es una profesora muy buena y muy atenta de las necesidades de sus alumnos.
positivo;excelente profesora
neutro;buen profesor
negativo;Ayudante que sea decente
positivo;profesor comprometido con enseñar a pesar de las dificultades de los alumnos y el entorno del diseño
positivo;Conoce lo que está enseñando.
negativo;La docente no demuestra dominio en los contenidos de la disciplina que enseña, puesto solo lee las presentaciones.
positivo;buena profesora, se preocupa del aprendizaje de sus alumnos
positivo;Demuestra paciencia,motivación,disponibilidad y firmeza.
neutro;buen profesor pero deberia mirar menos su celular en clases
negativo;posee dominio del tema y fluidez en las clases
positivo;Muy buen académico.
neutro;solo habla el
positivo;Un 70 como docente y como persona, muy responsable y preocupada. Siga así
positivo;Excelente profesor
neutro;Demuestra dominio en el el tema de su asignatura, sin embargo no logra satisfacer mis necesidades respecto a la asignatura
neutro;sin sugerencias
positivo;Clases dinámicas, están bien enfocadas al desarrollo del tema.
positivo;tiene mucha  vocación
negativo;Dar las notas cuando corresponde.
positivo;buen profesor
neutro;en realidad no es mi profesor de anteproyecto, por lo tanto no lo puedo evaluar
neutro;Sin comentarios.
neutro;asd
neutro;Sólo falta que ejemplifique mas en sus clases ya que la materia es complicada.
positivo;Todo bien
positivo;Buena profesora
positivo;buen desarrollo de la asignatura
neutro;que de ha conocer el programa de la asignatura
negativo;más dinamismo y practica de lo que teoriza para tener una vision holistica completa de su ramo en cuestion
negativo;Mucha demora en entregar notas, certámenes muy largos, contenidos de lectura no vistos en clases
negativo;El profesor tiene preferencias con ciertos alumnos....
positivo;Buen profesor, buen ramo
negativo;cuando vaya a las clases debería concentrarse en la clase y no estar haciendo otras cosas en su teléfono o su computador
neutro;Sugiero que las clases podrían ser un poco más interactivas para que así la materia sea mejor comprendida.
neutro;Gran dominio de asignatura, pero siempre tiene buenos tratos
positivo;excelente
positivo;Exelent
positivo;Profesora con muy buen disposición para responder dudas con respecto a los trabajos
neutro;Leer dabemos todos que utilice mas metodos de enseñanza..casos . Practicos. Etc
negativo;Cumplir con los horarios de clases
neutro;sin comentarios
neutro;Es necesario considerar que esta encuesta no aplica mucho a Actividad de Titulación, ya que el trabajo con el profesor es individuaizado, no se hacen clase sino reuniones.
neutro;sin comentarios
neutro;Buena disposición.
positivo;Excelente docente, la que demuestra uun interes notable por que los contenidos puedan quedar claro, incorporando en sus clases distintos tipos de metodologías para la enseñanza, no solo las tradicionales. Profesora muy organizada con todo los aspectos.
positivo;Excelente profesor, muy agradable y buen expositor, con vocación para enseñar, ayudar y apoyar al estudiante, muy responsable y sincero cuando se le presenta un problema, error o dificultad.
positivo;gracias por la ayuda que siempre nos brindo en nuestro anteproyecto
positivo;me encanto el taller, deberian crear mas secciones por semestre
positivo;Profesor muy didáctico y claro
negativo;Creo que el ejercicio de redibujar los planos de un edificio patrimonial no eran tan pertinentes al ramo. Mas bien nos sentimos utilizados por el fin de la publicación del libro.
positivo;Buen profesor
negativo;Al momento de citar a revisión se demora en presentarse
negativo;Nada que agregar
positivo;Excelente docente.
positivo;Excelente profesional
negativo;No motiva a estudiar con su metodo
positivo;interesante el electivo
positivo;Muy buen profesor
negativo;debe respetar las horas de clases
positivo;excelente docente
negativo;discriminación
negativo;Trabaje su paciencia y tolerancia... no todos somos expertos en todo y podemos errar en ciertas cosas, para lo cual usted debe estar dispuesta a corregir de la mejor forma, no de una manera altanera y despectiva...
positivo;Muy buena profesional y profesora .
negativo;Pasa materia y pocos ejercicios
positivo;muy buen profesor , explica muy bien la materia
neutro;Bibliografía complementaria
positivo;Profesor especializado en su asignatura resuelve dudas y ayuda a los alumnos
positivo;Buena profesora
positivo;buen profesor.
positivo;Muy buena profesora
positivo;Buen profesor. Profesional y muy empático con los estudiantes.
neutro;Encuentro que explica bien la materia y tiene mucho dominio del tema, pero al momento de las tareas, test y certámenes hace ejercicios mucho más difíciles y enredados que en la clase.
neutro;Ninguna sugerencia
positivo;Excelente profesional, muy comprometida con el aprendizaje de los estudiantes. Un ejemplo a seguir.
positivo;no tengo sugerencias
positivo;Buen profesor
neutro;Buena disposición en general, da buenas correcciones, aun que a veces es selectivo en cuanto a cual alumno corrige y cual no, condiciones de entrega demora en entregarlas
neutro;ninguno
neutro;Sin comentarios
negativo;Se sugiere que respete el horario de clases como el inició y término de la clase, no terminar la clase cuando venga el otro profesor a decir que tiene clases en ese instante y que realice actividades que se adecuen al horario que nos entrega
neutro;El profesor Sanchez es un muy buen academico. Sus clases son completas a pesar de que suele ser un poco disperso y nos cuesta un poco comprender algunas cosas en clases. A pesar de esto el profesor tiene buena disposicion a la hora de explicar nuevamente
positivo;muy buen profesor
negativo;Tiende a enojarse cuando le preguntan algo o le corrigen
neutro;Falta bibliografía para corroboración de datos, material complementario.
neutro;Sin comentarios
positivo;sus clases me gustaron bastante
neutro;ninguno
positivo;Buena profesora
positivo;Buenas clases
positivo;Un muy buen profesor
positivo;Excelente profesional, relaciona e integra los conceptos enfocados en la tematica de nuestra carrera
positivo;Buen profesor, buenas formas de enseñar, nada que decir.
positivo;profesora muy exigente y buena
positivo;buen profesor
positivo;excelente profesora, preocupada por el aprendizaje de todos los estudiantes y ademas propicia orientación adecuada  para el pronto desarrollo laboral.
positivo;Comenzar las clases puntualmente.
positivo;Un ejemplo a seguir, gran docente excelente dominio de su clase, amabilidad, tolerancia, disposición y respeto.
positivo;buena profe
negativo;Falta compromiso con sus estudiantes, no hay como ubicarlo fuera del horario de clases.
positivo;buena profe
negativo;No permite revisar todas las evaluaciones. En los laboratorios de soldadura evaluó como si fuéramos soldadores profesionales lo en 80 minutos es muy difícil deconseguir
negativo;informe mas a que se deben sus notas
positivo;Profesora dedicada
positivo;muy buen docente
positivo;Excelente
neutro;estar mas presente en clases
positivo;EXCELENTE PROFESORA, BUEN DOMINIO DEL CONTENIDO, CLASES DIDACTICAS QUE PERMITEN BUEN APRENDIZAJE
positivo;buen profesor