positivo	Buena profesora, responsable muy profesional
negativo	que sea mas accesible en los horarios de ayudantia
negativo	utilizar herramientas mas didácticas para sus clases
positivo	Se nota planificación de cada clase y mucha responsabilidad a la hora de entregar notas y trabajos. Un ejemplo de docente.
positivo	Buen profesor. Profesional y muy empático con los estudiantes.
positivo	excelente profesora, preocupada por el aprendizaje de todos los estudiantes y ademas propicia orientación adecuada  para el pronto desarrollo laboral.
neutro	No refiere
positivo	Se explica muy bien en clases.
positivo	mas ejemplos
positivo	Encuentro interesante la forma de enseñanza del profesor
positivo	Buen profesor
positivo	Las clases son muy buenas y motivan al alumno a poner atencion
positivo	excelente en dominio de contenido y habilidades sociales y emocionales
negativo	Poco empático con los alumnos
positivo	Profesora atenta, preocupada, solo deberia mejorar en la puntualidad
positivo	Buen profesor, genera confianza en el grupo.
negativo	Ser más puntual con la entrega de calificaciones
neutro	Clases participativas y didácticas
negativo	ser mas didactico
positivo	la manera de explicar y como desarrolla sus clases es adecuada
positivo	La clase estaba interesante
positivo	mas asistencia a clases
positivo	EXCELENTE PROFESORA, BUEN DOMINIO DEL CONTENIDO, CLASES DIDACTICAS QUE PERMITEN BUEN APRENDIZAJE
neutro	Encuentro que explica bien la materia y tiene mucho dominio del tema, pero al momento de las tareas, test y certámenes hace ejercicios mucho más difíciles y enredados que en la clase.
neutro	Bibliografía complementaria
positivo	subir las guias con anticipación
negativo	Falta compromiso con sus estudiantes, no hay como ubicarlo fuera del horario de clases.
positivo	buena profesora
neutro	la profesora domina el tema pero su método de enseñar podría ser mas didáctico.
neutro	Profesora con buen carisma dentro del aula. Entrega contenidos de la asignatura de forma clara pero aún así en mi caso hubo dificultad de comprensión
positivo	excelente docente
positivo	bien
positivo	excelente profesora
positivo	Una casignatura muy completa
positivo	Muy ben profesor, siempre da oportunidades cuando se tiene algùn problema
positivo	buena e interactiva asignatura
neutro	no me hiso clases
positivo	buen profesor
positivo	gran ayuda para nuestra formación docente.
positivo	Muy clara y precisa al momento de enseñar
positivo	la metodología es sencilla y de gran ayuda para la comprensión de los contenidos
neutro	asista
negativo	que utilice lenguaje menos técnico en sus clases ya que cuesta comprender los contenidos.
negativo	Tiende a enojarse cuando le preguntan algo o le corrigen
positivo	el mejor meteorólogo del mundo
positivo	Buena profesional
positivo	Realiza bien las clases
negativo	Cada vez que uno requiere resolver una duda y recurre a su oficina, no está o simplemente no quiere atender, siendo este su horario de atención a estudiantes .
positivo	Buen profe
positivo	buen profesor
positivo	su versión de profesor malvado es divertida
neutro	Buen profesor
positivo	es buen profe hace artos ejemplos lo unico que demora mucho en entregar las notas de las evaluaciones
positivo	No tengo criticas, es una profesora muy objetiva en su trabajo.
positivo	Excelente docente
neutro	ninguna
positivo	buena profesora
positivo	clases muy didacticas
positivo	buena profesora, domina bien los contenidos
positivo	profesora muy exigente y buena
negativo	Organizar mejor el tiempo
negativo	no saque las cosas de la tablet  es aburrido
positivo	Buen profe
negativo	Mal profe
positivo	solo presione tab y abajo para responder rapidamente y escribir ramos
positivo	En este taller de confidencialidad el profesor Félix  enseña muy bien y explica el objetivo al principio y final de cada clase, para que así los alumnos empiecen a practicar la confidencialidad que hay que tener en la carrera de psicología.
positivo	Enseña bien
negativo	Muy estricto a la hora de corregir los informes.
positivo	Exclente docente. Preocupada de motivarnos como estudiantes y promueve a una mentalidad critica y objetiva.
negativo	que explique mejor en clases, aveces no se le entiende nada de lo que él dice
positivo	Muy clara al momento de exponer la clase, dispuesta a responder todas las dudas.
positivo	Me gusta su manera de aprendizaje
positivo	Entregar guía de ejercicios
negativo	más dinamismo y practica de lo que teoriza para tener una vision holistica completa de su ramo en cuestion
positivo	Me gusta que realizara diferentes formas de evaluaciones
positivo	entretenidos los laboratorios
neutro	ninguno
negativo	Nada que decir.
neutro	profe
negativo	clases mas dinamicas, para mantener la concentracion de los alunmos, mas claro y mejorar las diapositivas
negativo	mayor dedicación a la hora de entregar notas y revisar certámenes.
positivo	buena profesora
positivo	Realiza muy buenas clases aclarando dudas de sus estudiantes y también entregando lo máximo de sí para todos nosotros.
neutro	sin comentarios
positivo	buen profesor
negativo	No me parece un profesor preparado para dar clases no explica materias, es muy monótono, no ejerce interacción con estudiantes, solo lee textos. No se preocupa de que los alumnos estén aprendiendo o no, sólo se preocupa de cumplir su hora de clases.
positivo	Excelente disponibilidad para atender a los estudiantes
positivo	entrega de notas en plazo indicado
positivo	buenas clases
neutro	no me hizo clases
positivo	Buena metodología y disposición
neutro	bueno
neutro	ninguna sugerencia
positivo	buen profesor pero deberian aumentar las horas
negativo	Clases más dinámicas
positivo	Muy buen curso.
positivo	Excelente Docente, comprometido con sus estudiantes y preocupado de las situaciones que suceden con ellos.
negativo	Me gustaría un poco más de disposición y simpatía a la hora de hablar o atender al estudiante.
positivo	excelente profesora
neutro	No tengo sugerencias
negativo	jamas tuve clases con la profesora Cristina, que mala organización de sus paginas web por parte de la UBB, que triste
positivo	buena profesora
neutro	Buena profesora
positivo	bastante didácticas las clases, se nota que maneja muy bien los temas a tratar.
neutro	ninguna
neutro	No tengo clases con ella
positivo	Buen profesional
positivo	clases muy didácticas y entretenidas de ver
neutro	que de ha conocer el programa de la asignatura
positivo	Muy buen profesor
positivo	Buen profesor
negativo	la realización de sus certámenes contienen mucha información de memoria los cuales prefiero que sean mas de aplicación en casos clínicos.
positivo	Excelente docente
positivo	Buen profe
positivo	Buenas clases, ningñun problema
neutro	ninguna
positivo	Buena docente
negativo	debe resolver los ejercicios siendo menos subjetivo
positivo	buen profesor
positivo	Excelente profesora
positivo	Comenzar las clases en la hora indicada
positivo	buena docente, establece buena comunicacion con los alumnos
neutro	Sin sugerencias
neutro	Asignatura inscrita por cupo.
positivo	se agradece su simpatia
negativo	Falta dominio de tema
positivo	muy buena dispocion para orientar alumnos y solucionar problematicas de los laboratorios
positivo	un excelente profesor, maneja a la perfección los contenidos del ramo que imparte.
positivo	Buena profesora
positivo	sugiero realizar mas ejercicios prácticos y  crear una identidad como profesor
positivo	Enseña de buena manera
positivo	muy buen profesor, sabe como enseñar.
positivo	good
negativo	Es una persona muy negativa, por lo que no genera interés en la asignatura a los estudiantes.
positivo	buen profesor y muy exigente
neutro	es el encargado del programa y no es aplicable a nuestra carrera
neutro	Sin  comentarios
neutro	ninguno
positivo	buen ambiente dentro de la clase, es agradable asistir a ellas.
negativo	El profesor puchi debería pasar TODA la materia antes del certamen
positivo	la profesora estaba abierta a escuchar y aclarar todas las dudas que surgían en clases
negativo	Subir las notas a tiempo, no cuando finalice el semestre, hacer los certámenes de acuerdo a lo pasado en todas las clases anteriores y no basado en la última clase, donde enseña lo más difícil y el que entendio, entendió, el que no, jodio
neutro	ninguna
positivo	Muy buen académico.
positivo	es buena profesora adapta a la enfermería a la actualidad
positivo	excelente docente, excelente asignatura
positivo	Excelente disposición con sus estudiantes.
neutro	sin comentario
positivo	Buena profe
positivo	clases muy entretenidas y completas
negativo	Clases fomes
positivo	Excelente
positivo	buen profesor
neutro	nn
positivo	muy bien
neutro	Es una profesora que maneja su asignatura, sin embargo no supo cómo nivelarnos al nivel de su asignatura, ya que el ramo que le antecede (Termodinámica 1) fue muy básico para lo que debíamos saber.
positivo	exelente profesor
positivo	Buen profesor
positivo	Muy buen profesor
neutro	good
positivo	sus clases didácticas fueron las que me apoyaron para poder aprender aun mas.
negativo	Muy llevado a sus ideas
positivo	Todo bien
positivo	Muy buen profesor
positivo	En general sus clases son interesantes y buenas
positivo	Buena profesora y da la confianza para consultar las dudas.
positivo	excelente profesora
negativo	No inicia las clases a la hora puntual y es exigente con la puntualidad de los alumnos, esto no genera interés por la clase a pesar de que es una asignatura con contenidos interesantes
positivo	Buen profesor
negativo	Mejorar la manera en que expone los contenidos correspondientes a la asignatura ya que en muchas ocasionas las clases se hacían aburridas y monotonas.
neutro	Fue una clase nomás, nada que decir.
neutro	Realice esta asignatura en terreno.
negativo	Mayor seguridad al responder dudas
negativo	Podría utilizar recursos como guías
neutro	bien
neutro	tiene mucho conocimiento, pero al enseñar se complica mucho.
neutro	dassdasad
positivo	muy entretenida la clase
neutro	m
neutro	Con 1 o 30 alumnos se debe realizar clases igual.
positivo	muy claro al explicar una materia difícil de entender
positivo	Que la profesora se enfoque más en ejercicios prácticos que más nos acerquen a la vida real.
positivo	Buen profesional.
negativo	No permite revisar todas las evaluaciones. En los laboratorios de soldadura evaluó como si fuéramos soldadores profesionales lo en 80 minutos es muy difícil deconseguir
neutro	no era mi profe
positivo	su ramo es muy util y explica de buena manera, tiene buena disposición
positivo	maneja muy bien los contenidos de la asignatura, responde claramente las dudas
neutro	falta mas seriedad y real demostracion de lo que se esta enseñando
negativo	falta mas horas teoricas en algunas asignaturas , por lo que los alumnos al momento de la practica quedan al debe
negativo	hacer ellas lo ejercicios no su esposo por que no tiene dominio de ello solo los copia.
negativo	Clases aburridas y monótonas.
positivo	Excelente profesor, siempre atiende con buena disposicion, sus clases son didacticas por lo tanto capta mi atencion
negativo	es muy enojon XD
positivo	Buena profesora
negativo	falta que realice ejemplos o casos mas complejos ya que siempre realiza casos basicos. el ramo es demasiado idealizado y falta aterrizarlo a la realidad, aplicando normas (nch). la planificacion del curso debe integrar la realizacion de casos reales
positivo	Gracias por lo enseñado profesora
positivo	mejorar tono de voz
neutro	Sin comentarios
neutro	Buena profesora, lo único fue que hubo una mala organización con su par que trabajaba con la otra sección para llevar a cabo las actividades iniciales de la asignatura.
positivo	buen profesor
positivo	excelente profesora
positivo	Comprometido con su asignatura y muy riguroso con disciplina y puntualidad.
positivo	excelente profesor
positivo	Profesor altamente recomendable.
positivo	Bastante conocimientos de los contenidos, expone de excelente manera, podría responder consultas de los alumnos con mejor disposición .
positivo	siempre me gusto asistir a sus clases, por el motivo de que el porfesor sabia llevar bien sus clases y con esto hacia que el estudiantado pudiera estudiar con mas ganas su materia.
positivo	Perfecto
positivo	enseñanza adecuada y fácil de comprender, faltan mas horas para desarrollar bien los prácticos
positivo	Muy buen profesor
positivo	es el mejor profesor de la Castilla
neutro	ewe2
negativo	criterio de evaluacion
negativo	mas dinamico
positivo	buena
positivo	Buen profesor
neutro	sin comentarios
positivo	el mejor profesor
positivo	Utiliza diversos mecanismos para explicar
neutro	Mas comunicación con los alumnos
negativo	no presenta la mejor disposicion para resolver dudas y explicar nuevamente
negativo	Su forma de enseñar es bastante mala a decir verdad, debería mejorarla bastante.
positivo	entrega un buen material de apoyo
positivo	buen profesor
neutro	Buen profesor,el horario que tenia no acomodaba a nosotros
neutro	Domina muy bien la asignatura, pero falta más motivación y además que sea puntual en las clases
negativo	Mucha demora en entregar notas, certámenes muy largos, contenidos de lectura no vistos en clases
negativo	Utilice una letra más legible y procedimiento más ordenado, al momento de realizar un ejemplo u ejercicio.
neutro	no aplica. No tuve clases con este docente
neutro	dadssad
positivo	Evaluaciones con notas referenciales
negativo	puntualidad
positivo	Muy buen profesional
positivo	Muy buen profesor
neutro	nad
positivo	Siga asi
negativo	Más amigable al momento de resolver dudas y dar a conocer su opinión después de las presentaciones, dejar que las exposiciones sean al azar y que de verdad sean según la participación en clases como se dijo a principio de año.
negativo	Demuestra mucho dominio de la tematica pero algo monotono lo que produce un poco de desinteres a la larga
positivo	es un gran profesor, que inspira al estudio de la asignatura
negativo	necsita mayor libertad para impartir contenidos
positivo	MUY BIEN HECHA LA CLASE
positivo	las clases son entretenidas
positivo	La docente tiene buena disponibilidad para resolver dudas
negativo	podria hacer sus clases mas entretenidas, utilizar mas evaluaciones distintas, ya sea trabajos, etc y no solo certamenes.
positivo	Buena profesora
negativo	el profesor deberia ser mas dinamico, lamentablemente su forma de enseñar no logra captar la atencion de los estudiantes
positivo	¡Siga así!
positivo	Profesor con muy buena disposición para enseñar y responder consultas
negativo	Debe mejorar
neutro	Sin comentarios
negativo	informe mas a que se deben sus notas
negativo	debe mejorar las habilidades sociales
negativo	solo presentar las calificaciones a tiempo
positivo	Buen Jefe de carrera
neutro	S/C
positivo	Buen profesor, el cual demuestra con confianza lo que sabe
positivo	Excelente docente, buen guia.
positivo	Profesor responsable
negativo	cuando vaya a las clases debería concentrarse en la clase y no estar haciendo otras cosas en su teléfono o su computador
negativo	La profesora debería tener mejores ayudantes.
positivo	Un poco desordenado, pero excelente profesional.
negativo	Que si tiene algún inconveniente con algún personal de la UBB que lo conversen afuera del aula
neutro	bien
neutro	ninguno
negativo	debe respetar las horas de clases
positivo	Buen profesor
neutro	No tuve la supervisión   de este docente
positivo	Nada que decir
negativo	Profesor muy metódico
neutro	Explica contenidos claramente, pero falta apoyo más didáctico para la concentración de los alumnos
positivo	Excelente profesional, relaciona e integra los conceptos enfocados en la tematica de nuestra carrera
positivo	Buen profesor
positivo	Buena profesora
positivo	clases muy buenas y gratas. Felicitaciones.
neutro	excelente profesora, pero deberia respetar los plazos para la entrega de notas de las evaluaciones
positivo	Realiza bien sus clases
neutro	ninguna
positivo	muy buen profesor
negativo	- Realizar ejercicios en clase más complejos, ya que algunos son demasiados simples.- Entregar la pauta de las tareas u otra actividad realizada.
positivo	excelente docente, maneja profunda y extensamente los contenidos de las clases.
positivo	el profesor realiza clases donde hace participar a los alumnos lo cual es muy bueno y ejercita a los alumnos para las evaluaciones lo cual nos ayuda bastante
neutro	no aplica
neutro	ninguna
neutro	le falta ser mas pedagógica
positivo	maneja muy bien el idioma y sabe enseñar a los alumnos
neutro	No era mi profesora
negativo	esta asignatura presenta muchos problemas a nivel de contenidos y organizacion de parte de  profesora Elsa Martinez
positivo	buen profesor
positivo	excelente profesor, pero se demora mucho en subir las notas.
positivo	Entiende las dificultades de sus alumnos
positivo	Muy grata experiencia haber realizado una feria de la salud (aún tengo muy claro lo que me correspondió exponer ese día)
positivo	buen profesor
neutro	Considero que en ocaciones le hace falta mas empatia con los estudiantes. Tambien considero que es imparcial para evaluar y tratar a los alumnos.
positivo	grf lo mejor
neutro	Como dije anteriormente, últimamente tuvo problemas con la puntualidad, pero en sí, es buena profesora.
positivo	buen profesor
positivo	La profesora maneja la clase correctamente
positivo	Buen profesor
positivo	Muy buenas clases solo falta algo de practica
neutro	G
negativo	Como sugerencia de la asignatura, quizás pasar más rápidos los contenidos de principio de semestre y dedicar más tiempo en repasar lo último, ya que son fundamental para el desempeño futuro profesional y no se les dedicó el tiempo necesario.
neutro	Ninguna
positivo	EXPLICA BIEN, TIENE PACIENCIA Y BUENA DISPOSICION
neutro	s
positivo	muy buen electivo
negativo	Dedicarse a realizar su clases y no distraerse con compañeros que no tienen intereses en ella
positivo	Excelente docente siempre dispuesta a ayudar y resolver dudas.
negativo	metodo de enseñanza no es muy efectivo
positivo	Retroalimentación de certámenes
positivo	excelente docente
neutro	Ninguna
positivo	Conoce lo que está enseñando.
positivo	Buen profesor
positivo	Buen manejo de su área
positivo	Excelente docente
positivo	excelente profesor
negativo	Si no tiene tiempo para la clase mejor que no la imparta.
neutro	no tengo sugerencias
positivo	amigable y profesional
positivo	Muy buen Profesor el cual su metodología de enseñanza es muy buena.
negativo	Es una profesora muy desorganizada, no llega a la hora a las clases, no tiene una pauta de evaluación con el que nos podamos guiar del porque nos sacamos tal nota, no explica bien los trabajos que tenemos que realizas y se contradice con lo escrito en moo
positivo	Excelente clase
positivo	innovador, empatico
positivo	bajar el nivel del ramo utiliza el tromba que es de avanzado igual que utilice larson o zill.
positivo	Valoro mucho la preocupación de la profesora para formar buenas educadoras de párvulos.
negativo	no posee oficina
positivo	Excelente profesor
positivo	Prfesor carismatico
positivo	su metodología es buena no creo que se necesite cambios
positivo	Excelente profesor, buena didactica para realizar las clases
negativo	totalmente en desacuerdo con que el profesor siga impartiendo algún ramo para nuestra carrera
negativo	no entrega las evaluaciones a el tiempo acordado
positivo	La asignatura es esencial para lamformación del estudiante
negativo	Debe ser mas asertiva
positivo	Buen profesor
neutro	No me hizo clases
positivo	Buen profesor buen disposición
positivo	muy buena disposición y metodología de  enseñanza
positivo	Súper buena profe
positivo	muy bien
positivo	El profesor es muy bacan, es seco para bailar. me encantaban sus clases.
positivo	Excelente profesora, y excelente asignatura.
negativo	Es un buen, profesor, pero el gran problema de su laboratorio, es la corta duración, lo cual hace que sea inútil tenerlo, ya que en una hora y media, no se logra aprender lo suficiente.
negativo	green energy is bullshit
positivo	es una clase activa y didactica
positivo	Me gusta como realiza sus clases
negativo	redunda en detalles, cuando lo importante son otros aspectos.
neutro	no conozco a la docente
positivo	Puntual, organizado y coherente con los contenidos
positivo	buena metodologia
positivo	deberia impartir siempre el ramo de econometria este profesor!!
positivo	jajaja
positivo	Excelente profesora y con mucha disponibilidad
positivo	todo bien
positivo	buen profesor
neutro	holy
neutro	Sin sugerencias
positivo	buena profe
neutro	No aplica
neutro	Tener horario de consultas
positivo	Gran docente
positivo	excelente profesor
positivo	explica detalladamente lo que se realizará en el laboratorio para lograr un entendimiento y desarrollo completo
positivo	buen manejo de la materia
negativo	Debería probar con otros métodos de enseñanza
positivo	bien
positivo	Excelente profesor
positivo	Clases dinámica.
positivo	Una ecxelente profesora, siempre muy didáctica.
neutro	Nada que agregar, ya que fue una asignatura eventual por el censo
negativo	disminuir la cantidad de informes durante el semestre
neutro	Sin comentarios
negativo	Realizar la clase de forma mas lenta
positivo	Buena profesora
positivo	Excelente profesor
neutro	buen profesor
positivo	Buen profesor
positivo	bien profe siga así.
positivo	Explica bien
neutro	Sin comentarios
positivo	Buena docente
positivo	buena disposición
negativo	Mal docente.
positivo	Buen profesor
positivo	buen profesor
positivo	excelente profesional
neutro	sin comentarios
neutro	ninguno
negativo	Podría ser más amable
neutro	Good
negativo	Debió escoger y supervisar mejor el contenido del curso, ya que algunos de estos no parecieran tener mucha relacion con la carrera Ingenieria civil.
positivo	Excelente profesor
positivo	Buena profesora, pero deberia hacer sus clases un poco mas dinamicas
positivo	Excelente profesor en su área especifica, tiende a explicar de forma sencilla.
positivo	buen profe
positivo	muy buena la forma de evaluar ya que utiliza metodos muy ingeniosos y nuevos
positivo	Intentar no distraerse con las preguntas que le hacen mis compañeros y que lo desvían del tema principal de la clase
positivo	buen profe
neutro	un poco mas de material de apoyo
positivo	docente muy aplicada, me siento conforme con su labor ejercido
positivo	El tiempo para aplicar las evaluaciones era poco, en relación con el requerido para el desarrollo de este
positivo	Muy buena docente
positivo	Se desenvolvió bien, a pesar de algunas limitaciones de herramientas que hay
negativo	Mas actividades en sus clases, no enfocarsr solo en un tipo de material para explicar la materia sino que recurrir a otras opciones.
neutro	en realidad no es mi profesor de anteproyecto, por lo tanto no lo puedo evaluar
neutro	buen profesor
positivo	buen profe
positivo	Bien
positivo	Profesora con muy buen disposición para responder dudas con respecto a los trabajos
neutro	no lo conosco
positivo	siga asi
negativo	pararse y leer los ppt en absolutamente todas las clases no considero que sea un buen manejo de sus temas a tratar en cada clase.
positivo	Gran profesional, muy claro en sus clases, ojalá todos fueran así de claros.
positivo	todo bien
positivo	el mejor profe de calculo
positivo	explica muy bien los contenidos
negativo	le falta actualización de contenidos y métodos de enseñanza
neutro	nada que decir
neutro	mas estrategias didacticas
positivo	excelente profesor
neutro	sin sugerencias
positivo	Buena profesora
positivo	Un gran profesor, sabe de lo que habla su metodología de enseñanza es certera.
negativo	Mas flexible con los horarios de llegada por ciertos motivos de viajes
positivo	profesor responsable y dedicado
positivo	Excelente
positivo	Muy buena profesora, y lo que enseña se entiende con mucha claridad
negativo	Que hable mas fuerte
neutro	Preparar y realizar las clases
negativo	mas participacion de los alumnos le falta incluirlos en las clases
positivo	excelente
positivo	tiene mucha  vocación
positivo	Excelente taller, ayuda mucho, excelente metodologia de clases
positivo	Muy dedicada a la preparacion de las clases, muy comprometida con los alumnos
positivo	Buena profesora, siempre dispuesta a ayudarnos en todo lo posible para que termináramos este ramo.
positivo	Conoce el contenido y explica de manera clara
positivo	tiene un buen metodo para explicar
negativo	Al momento de citar a revisión se demora en presentarse
negativo	Al termino de la practica entrega las calificaciones sin retroalimentar la información
negativo	Se necesita ser más empático y un poco más flexible con los estudiantes
negativo	El profesor debería explicar como realizar cada actividad al inicio de la clase y además tener en cuenta  que no todos podemos enviar los trabajos  a la hora ya que algunos no tienen Internet o computador y aveces el tiempo no alcanza en la U.
negativo	explicar con mayor claridad los ejercicios propuestos en clases
positivo	Buen docente
neutro	Me gustaria que en clases se realizaran mas temaricas psicologicas como test de personalidad y esas cosas.
neutro	Muy bien
neutro	Los jitts no sirven
neutro	Tener mejor relación entre profesor y alumno.
neutro	sin sugerencias
positivo	Buen profe
neutro	a
negativo	el profesor realiza la clase, pero no asegura el entendimiento de la materia al cien porciento
positivo	Muy buen profesor, explica claramente los objetivos y contenidos, no se me ocurre una sugerencia por el momento
positivo	buen profesor, muy preocupado por los estudiantes
positivo	Muy buena profesora y buena asignatura
positivo	El profesor domina muy bien sus conocimientos, se le entiende la materia y es dinamico en sus clases
neutro	Gran dominio de asignatura, pero siempre tiene buenos tratos
neutro	Ninguno.
positivo	Buena profe
positivo	Creo que la realización de sus clases fueron muy efectiva, al igual que los prácticos.
negativo	Debe ser puntual
negativo	Le falta saber enseñar
positivo	Explica bien la materia
positivo	excelente
neutro	Ninguna
neutro	Buen electivo
positivo	muy buen profesor
neutro	ñmhk
negativo	más compromiso
positivo	excelente docente, apoya a estudiantes, comprende sus situaciones y avanza según sus capacidades
negativo	Le falta manejar más los contenidos y motivar a sus alumnos
negativo	Nada que agregar
neutro	no tengo clases con el.
positivo	Excelente profesora
negativo	Hace falta un poco más de responsabilidad en lala llegada a clases
positivo	La profesora es muy amable, responsable y cercana con los alumnos.
positivo	muy buen profesor
positivo	muy buen docente y profesional
positivo	El mejor profe de inglés q he tenido
negativo	crear un ambiente de trabajo mas agradable y menos autoritario, renovar material como guias ya que para aquellos que repiten el ramo no es una retroalimentacion, mas bien es un aprendizaje estructurado en el paso a paso de como resolver un ejercicio
positivo	Genera dinamica de aprendizaje e interés por la materia
positivo	Continue con su metodologia de evaluacion
positivo	Muy dedicado a su trabajo.
negativo	Desarrolla la clase con dominio de los temas pero, a veces no es totalmente clara a la hora de explicar consultas realizadas por alumnos.
positivo	Dio buenas clases
positivo	buen profesor,
neutro	ninguna
positivo	todo ok
positivo	buena disposición para enseñar
negativo	Mejorar organización con los tiempos de reunión.
negativo	Encuentro que se equivoca en el desarrollo de los ejercicios
positivo	buen profesor
neutro	Quizá podría pasar la materia de forma más pausada, aunque se entiende que al ser modular debe llevar un ritmo más acelerado.
positivo	exelente profesor,un gran motivador
neutro	hola
positivo	Creo que debería tener una retro alimentación de los casos que hacemos en clase
negativo	Dar las notas cuando corresponde.
neutro	muy expresiva
negativo	Regular
neutro	contenidos necesarios dentro de la carrera
positivo	Excelente profesora
neutro	nunca lo conocí
positivo	Es una gran profesora
positivo	Didáctico al enseñar
negativo	Pasa materia y pocos ejercicios
neutro	Mayor foco en la materia
neutro	ufff que semestre jajaja
neutro	Buen manejo de contenidos, exelente disposicion para responder dudas en clases, no asi fuera del horario de ellas.
positivo	genera un buen ambiente para realizar las clases
positivo	Buena enseñanza
positivo	Buen docente
positivo	excelente profesor
positivo	gracias por la ayuda que siempre nos brindo en nuestro anteproyecto
neutro	Realizar más inglés gramatical para tener un mejor manejo de vocabulario
positivo	Me gusta la metodología de las clases, y cumple al pie de la letra con los acuerdo de reuniones
positivo	Buen método de enseñanza
negativo	Que las clases sean más dinámicas
positivo	Excelente profesora
negativo	por favor entregar las notas dentro de los plazos establecidos
positivo	buen profesor, buena interaccion con los estudiantes y enseña adecuadamente
negativo	Presenta buen dominio de la asignatura pero tarda demasiado en publicar las calificaciones, impidiendo la retroalimentación adecuada
positivo	Buena profesora
positivo	Profesora que se destaca por su buena voluntad y disposición al momento de responder dudas dentro o fuera del horario de clases. Además muy preocupada por que todos aprendamos.
negativo	ser mas comprensible con los alumnos
positivo	excelente profesor
positivo	Se agradece la confianza que emplea con sus alumnos
neutro	no estuve en su sección
negativo	Falta motivar más a los alumnos por aprender la asignatura.
positivo	Buen profesor, buenas formas de enseñar, nada que decir.
positivo	buen profe palmyers
positivo	Entrega la información de forma muy clara y precisa, además de buena disposición para consultas fuera del horario de clases
positivo	Profesor con buena disposicion para enseñar y con mucha preocupacion
positivo	Buena profesora y responsable con las actividades de la clase
negativo	evaluaciones correspondiente con el tiempo acordado, ya que son muy extensos y dudo que hasta el mismo profesor los termine.
neutro	Explica muy bien los contenidos, lo único que me hacia sentir incomoda era que las clases las terminaba el ayudante a veces.
negativo	no me gusto el ramo no lo entendi no aprendi nada
positivo	Excelente profesor, sus clases son muy interesantes, logra captar la atención de los estudiantes.
positivo	es un buen profesor, sabe lo que está enseñando, tiene buena metodología de enseñar
negativo	Hace demaciadas evaluaciones innesesarias, y sus certamenes son muy extensos
negativo	profesora metodológica pero no enseña los contenidos claramente
positivo	buen profe
positivo	es chistoso
negativo	sus métodos no motivan
positivo	es muy simpatico y hace sentir confianza de poder preguntarle lo que sea
positivo	es empatica con los alumnos
positivo	excelentes clases
neutro	ninguna sugerencia
negativo	Poca dinámica de trabajo
negativo	:(
negativo	Más ejercicios y problemas en clases
positivo	Siga así profe.
positivo	Excelente profesor
positivo	muy comprometido
positivo	Gran tutora
neutro	Sería positivo tener un mayor orden en el desarrollo de ejemplos
neutro	favor Ser mas flexible con la asistencia a las catedras
positivo	muy buen docente
positivo	buen profesor
positivo	las clases eran bastante entretenidas, por tanto teníamos mas motivación para seguir asistiendo
neutro	sin comentarios
positivo	hacer las clases mas dinámicas
positivo	buen profesor
neutro	no hay sugerencias
neutro	Sin comentarios
positivo	Muy intuitivo.
negativo	manejo de los contenidos, pero poco claro al momentos de explicar ejercicios
neutro	las clases fueron muy pocas como para dar una opinión concreta sobre como enseña el docente
positivo	Buen profesor, buen ramo
neutro	buen profesor
positivo	Muy buena profesor. Aprendi ingles gracias a su buen uso de la tecnologia
negativo	los horarios podrían ser más tempranos
positivo	Buen profesor.
negativo	sugiero que los contenidos se relacionen con nuestra carrera.
positivo	sus clases son muy productivas
neutro	dsaf
positivo	Excelente profesional
positivo	excelente docente, tiene dominio de la materia y la trasmite con amor
neutro	No es mi profesor
positivo	Buen manejo de contenidos, clases claras y didácticas.
positivo	una de las mejores docentes con un criterio claro y explicación simples a contenido complejo.
neutro	sin sugerencias
positivo	Profesor comprometido con su asignatura.
positivo	Docente con buena disposición, organizada para la realización de clases. Se sugiere horarios establecidos para la corrección de certámenes en esta asignatura.
negativo	NADA QUE DECIR
negativo	Explicar la materia con mayor claridad
positivo	Se deberia tener mas clases con el profe pablo, su metodologia de trabajo es interesante y es grato aprender con el, las clases no se hacen tediosas.
positivo	Excelente docente. utiliza múltiples recursos para que el contenido sea aprendido en totalidad, no solo refuerza lo académico sino los valores como futuros profesionales, alto dominio de los contenidos, entrega recursos que facilitan el estudio.
positivo	Excelente docente.
neutro	ninguna sugerencia
positivo	Enseña de manera práctica y eficaz el idioma en su nivel básico
negativo	que realice en pizarra mas ejercicios con los cuales se pueda ver como proceder en cada ejercicio.
positivo	clases teoricas y practicas motivadoras
negativo	Es un docente destacado por sus muchos conocimientos en su asignatura, pero le falta la parte didáctica en sus clases.
positivo	agradable profesor, simpático con los estudiantes
neutro	Buen profesional
neutro	No tengo sugerencias ni comentarios
neutro	nada que decir
neutro	Ninguna
neutro	a
neutro	sin comentarios
positivo	Buena disposición
neutro	Ninguna
positivo	excelente profesor y mejor persona.
positivo	profesora interesada en la asignatura, motivando a los alumnos
neutro	dar espacios de recreo (5-10 min) en la clase mas larga
neutro	no se
positivo	Maneja bien el tema
positivo	Excelente docente
positivo	Buen docente
positivo	buena profesora
positivo	Excelente profesora.
negativo	El profesor no genera un lazo con los estudiantes en el sentido de preguntar consultas en clases dado que si el considera que la pegunta es tonta responde de mala forma y a veces insultando a los alumnos.
positivo	muy buena profesora
neutro	ninguna
positivo	La profesora Claudia tiene una forma de enseñar muy grata
positivo	docente cercana a sus estudiantes
positivo	Mejorar el tiempo de entrega de evaluaciones
positivo	Buenas clases
negativo	profesor que no cumple con horarios establecidos por la institucion.
negativo	por  favor cumplir los horarios de llegada
positivo	Clara par a enseñar, proporciona confianza, podría ser más didáctica en clases para que no sean muy monótonas
positivo	Muy profesional
neutro	N sugerencia
positivo	Buen dominio de la materia expuesta en clases, ademas de complementarse con fuentes pertinentes a la asignatura.
positivo	buen profesor y sus formas de enseñar la materia son muy buenas y constructivas
negativo	Quizá debería participar de las actividades junto con los alumnos.
positivo	Una sugerencia, que avise mediante correo o al encargado de clases cuando no podrá asistir
neutro	L
neutro	Falta que aveces explique un poco mas la forma de realizar algunos ejercicios
positivo	buen docente
positivo	Excelente docente, con mucho conocimiento y muy humana
positivo	Excelente docente explica los contenidos de una forma práctica que ayuda al aprendizaje eficaz de la materia.
neutro	0
positivo	Muy buen profesor, muy motivado
positivo	excelente profesora
positivo	La profesora es muy puntual, atenta, cercana, responsable, respetuosa y tiene mucho dominio sobre la materia.
positivo	Buena profesora
positivo	Bien
negativo	usa buen material, pero lamento decir que no mostraba mucho dominio sobre la materia
positivo	ejemplo a seguir
positivo	Evalúe lo enseñado únicamente en el laboratorio
neutro	a la altura
negativo	Cercania con los estudiantes
positivo	buena profesora y lider
negativo	el profesor no es consistente en sus respuestas sobre contenidos estudiados, dando distintas respuestas a los estudiantes para una misma pregunta. en las evaluaciones considera una definicion erronea aunque esta este definida en el libro, entre otros.
negativo	realizar clases con mayor motivacion y dinamismo
neutro	O
positivo	Muy buen docente
positivo	Excelente profesional, faltan profesores de este standar en la escuela de trabajo social
negativo	no asiste a clases
positivo	BUEN PROFESOR
positivo	Buen profesor, pero en las evaluaciones consideró contenidos no revisados.
neutro	Ninguna sugerencia
negativo	enfatizar mas
positivo	Profesor que esta siempre dispuesto a ayudar a los alumnos.
positivo	Es nuevo asi que no tengo mucho que decir
neutro	xd
positivo	Buena metodología para enseñar
positivo	buen profesor
positivo	Muy buen profesor
positivo	buen desarrollo de la asignatura
negativo	Debería entregar mas rapido las notas de los cértamenes, y realizar de mejor manera la corrección de éstos
positivo	Es muy cercano con sus alumnos y muy buen profesor.
neutro	no tuve clases con él.
negativo	ampliar plazo de entregas
positivo	Buena profesora, explica los contenidos de buena forma
negativo	preguntas de test de entrada no tan especificas
neutro	Ninguna
positivo	es buena profesora y explica muy bien
positivo	Una clase más didáctica y evaluaciones con un nivel parecido a los ejercicios que entrega y enseña
positivo	buen profesor
negativo	con todo respeto no extravíe el material entregado por alumnos, me refiero a tareas porque  luego olvida la situación y eso perjudica al alumno.
positivo	ayuda a entender lo que es en si la ICI
negativo	hacer las clases mas rapidas
positivo	Optima docente que ayuda a enriquecer la entrega de conocimientos gracias a su experiencia
positivo	se destaca la buena disposición que tiene para atender a las distintas problemáticas  que se presentan dentro de la asignatura, dando con ello soluciones oportunas.
positivo	La profesora crea espacios de confianza y de buena disposición para enseñar
positivo	Excelente docente explica muy bien y se preocupa de que cada uno aprenda
positivo	explica de forma clara y precisa los temas en trabajo
negativo	Menos rigidez al momento de evaluar, si bien no deberíamos ser nuevos en el inglés pero algo menos de rigidez es bueno para los nuevos estudiantes.
positivo	buena asignatura
neutro	El método de aprendizaje debería ser más didáctico para hacer las clases más entretenidas
neutro	naaaada
negativo	Mejorar exposicion de clases
negativo	buen académico, solo falta hacer ejercicios que clarifiquen las ideas.
negativo	Buen profesor, motiva a los estudiantes y genera un ambiente de confianza. Sin embargo la entrega de calificaciones es tardía.
neutro	buen profesor.
positivo	buena profesora
positivo	nada que decir
neutro	muy interactiva
negativo	Es demasiado parcial para las reglas que da en el laboratorio, pareciera ser que facilita las cosas para algunos compañeros, es muy evidente.
positivo	Muy buena profesora
negativo	buen profesor pero en los laboratorios pierde mucho tiempo conversando en vez de realizar bien las actividades
positivo	Excelente desempeño
neutro	1
positivo	excelente docente
negativo	Entusiasmar mas a los estudiantes, pues muchas veces se vuelven aburridas las clases.
positivo	Perfect
positivo	Me gustaron sus clases
positivo	Buena docente
positivo	Profesor didáctico , con grandes conocimientos , sabe transmitirlos , y empático con sus alumnos ,  ami no me gusta economía , pero su manera de enseñar hace mas digerible el aprendizaje.
positivo	Buena técnica de aprendizaje
negativo	Sabe bastante y por ello explica bien y detallada la materia; sin embargo, sus certámenes son imposibles, la cantidad de alumnos que logran obtener una nota azul en un certamen es muy baja y los que aprueban el ramo es gracias al laboratorio
neutro	no la conozco
positivo	Maneja a la perfección los contenidos
positivo	Alto conocimiento y dedicado a enseñar
positivo	la profesora cumple con la gran mayoría de los criterios establecidos pero por otro lado podría ser un poco mas alegre y no tan seria para tener un mayor agrado al momento de ir a sus clases.
positivo	Muy buen profesor, nada que decir
neutro	bien
neutro	dtfyiguon
negativo	El profesor debería entregar notas y evaluaciones a tiempo y a medida que avanza el semestre, al contrario de hacer esto, el profesor entrega solo dos notas a final de semestre, impidiéndonos llevar un seguimiento de estas.
negativo	Tratar de distribuir mejor los contenidos de las clases para no hacerlas tan densas
negativo	haga clases didacticas
neutro	ninguna
negativo	Que aprenda a explicar
positivo	domina muy bien sus conocimientos
positivo	Buena profesora, con buena disposición para aclarar dudas
positivo	Muy buen profesor, tiene mucha paciencia
positivo	a pesar de ser un ramo fome, usted lo hace entretenido se agradece
negativo	discriminación
positivo	un gran profesor, impecable desempeño.
positivo	Excelente profesora con buena disposición
neutro	ninguno
negativo	Clases poco didacticas
positivo	Muy buena metodología de aprendizaje
positivo	Buena profesora y colaboradora para el aprendizaje para cada alumno.
positivo	es buena tela el weñe!
negativo	demasiada exigencia en el momento de la evaluacion
neutro	Sería interesante presentar aplicaciones de los contenidos teóricos a los espacios terapeuticos reales. Algo como exponer relatos de experiencias en donde determinados conocimientos fueron fundamentales.
positivo	Entregar a tiempo las notas para poder revisar con tiempo los certámenes.
neutro	Ninguna
positivo	tela la estela
positivo	excelente profesora
negativo	No demuestra un interés en lo enseñar ni en lo que hace en general
negativo	muy poco didactico, cerrado
positivo	Un excelente profesor, se da el tiempo para responder cada duda que tiene el alumno.
positivo	un profesor jugado por los alumnos
positivo	supo sobrellevar al grupo y beneficiarle
positivo	no tengo sugerencias
neutro	A.
positivo	siga así
positivo	Profesor dedicado a la materia que enseña
positivo	exelente profesor
neutro	ninguna
neutro	Ninguna
negativo	Clases mas interactivas
positivo	Buen profe
negativo	Falta puntualidad con la entrega de calificaciones.
neutro	Conforme
positivo	La profesora Pamela es muy amistosa, entrega la confianza necesaria para expresar opiniones y sentimientos en las actividades que realizamos, es muy creativa y dinámica.
positivo	Excelente profesor que promueve un clima de aprendizaje agradable y grato.
positivo	siga asi
positivo	Exelente profesora
positivo	Excelente profesora, su método de enseñanza y su orden a la hora de dictar la materia es muy bueno.
positivo	Profesor destacado y comprometido con el aprendizaje de sus alumnos, nada que decir
positivo	comprensiva
positivo	Buen profesor, explica claramente
positivo	Buen profesor, con la paciencia para explicar las veces que sea necesario la materia que pasa
negativo	No hubo concenso en algunos temas con el otro profesor de ramo
positivo	Buena profesora
positivo	Buen docente, pendiente de las clases y siempre dispuesto a explicar
negativo	Falta que sus clases sean mas dinámicas
neutro	sin comentario
positivo	me entretuve y aprendí mucho del ramo
negativo	Falta motivación con horarios, puntualidad y revisión de certámenes en su ramo.
positivo	Súper
positivo	es un buen profesor esta todo bien
positivo	Contenidos bien explicados
positivo	Buena profesora apasionada por lo que enseña
neutro	Muy didácticas las clases para entender mejor, pero debería entregar las notas en el plazo correspondiente
negativo	Falta más responsabilidad como docente
negativo	Lamentablemente no me pudo hacer clases este semestre por lisencia medica
positivo	Buen profesor
positivo	exelente profesor
neutro	Ninguno
positivo	Excelente docente
negativo	Que no nos dé tanta materia para un mismo certamen
positivo	es un excelente academico maneja muy bien la información presentada, ademas esta al dia con las tendencias actuales y requerimientos del mercado.Sus clases son muy didacticas, entretenidas y motivadoras.Siempre apoya e incentiva a sus alumnos a ser mejor.
positivo	Buen docente
positivo	Agradecer su paciencia, cuando no se entendía algún contenido y por su pronta respuesta
positivo	Profesor que crea un ambiente de confianza y libertad entre alumnos.
neutro	No tuve clases con el profesor
positivo	Profesor metódico y responsable con la programación de las actividades.
neutro	Se demore menos en entregar las notas
positivo	profesor comprometido con su trabajo
neutro	No aplica
positivo	una buena profesora
negativo	Trate de no enredarse tanto al explicar, pero buen profesor y buena disposicion
neutro	ninguno
positivo	dispuesto a ayudar, atento
positivo	Clases didáctica
positivo	Excelente docente
negativo	Es un poco enredado para enseñar
positivo	Muy buen profesor
negativo	Que las clases sean mas dinamicas
negativo	Revisar mas su gmail
positivo	Muy buen profesor, dedicado y responsable, con notas, evaluaciones, etc. Clases didácticas y da la opción de aclarar todas las dudas.
positivo	Realiza un buen trabajo con los estudiantes.
neutro	No he tenido clases con el
positivo	Excelente
neutro	sin comentarios
negativo	Mejorar los plazos de entregas de notas
negativo	La cercanía o lo que proyecta hacia el alumno, suele hacer que este sienta rechazo tanto hacia la docente como la asignatura
neutro	buen profesor, pero debería cambiar  la actitud de no dar permiso para salir al baño a los alumnos.
positivo	buen profesor
neutro	no hay comentarios
positivo	muy buen profesor.
neutro	ninguno
positivo	Buen docente, comprometido con que sus estudiantes comprendan la materia
positivo	buen docente
negativo	No le interesa enseñar
positivo	exelente
neutro	ninguno
positivo	Excelente profesor
positivo	Excelente desempeño
negativo	Entregar notas con mayor antelación
positivo	muy buena profesora
positivo	Excelente metodologia de enseñanza
neutro	Excelente disponibilidad con sus alumnos, escucha y comprende las diversas situaciones que se le planteen.
negativo	trabajos mas didacticos
positivo	buen profesor
negativo	Es un profe regular
positivo	Dedicado, atento.
negativo	Mal dominio de la materia. No explica bien. Poca empatía con sus alumnos.
negativo	Organizar mejor los tiempos de la asignatura en general
neutro	Se sugiere la visita al centro de practica y contacto regular con supervisora en terreno
neutro	Ninguna sugerencia
negativo	Elegir una sala mas amplia para las clases
negativo	mas responsabilidad totalmente
positivo	Profesor que maneja lo que enseña
neutro	Nada que añadir
positivo	profesor con alto conocimiento en el ramo.
positivo	buena profesora, da instancias para participación en clases
positivo	Buenas clases profesor
negativo	Falga pra tica oara enseñar
neutro	Buena disposición en general, da buenas correcciones, aun que a veces es selectivo en cuanto a cual alumno corrige y cual no, condiciones de entrega demora en entregarlas
positivo	Excelente profesor que proporciona un ambiente adecuado para ?el aprendizaje
negativo	No interrumpir a alumnos, tener mejor trato con ellos.
neutro	Ninguna.
positivo	excelente profesora
negativo	Mucha utilización de guías , mucha perdida de clases
neutro	buen profesor pero deberia mirar menos su celular en clases
positivo	BUENA PROFESORA
neutro	Buen profesor solo falta mejor explicación de las actividades
negativo	quizas un poco mas de compromiso
positivo	Un 70 como docente y como persona, muy responsable y preocupada. Siga así
negativo	Como sugerencia podría decir que quizás debería trabajar en otra cosa y no como profesora, para ser profesora de calidad en una universidad tan prestigiosa, primero debe asistir a clases, mostrar algo de compromiso y pasión por su trabajo. Una verguenza
negativo	más entendimiento
neutro	sdgfbaadfb
positivo	muy buen profesor, excelente dominio del tema y de sus conocimientos
negativo	Que de mas plazo para la ejecución de los trabajos
neutro	Ninguna
positivo	encuentro muy bueno su modo de enseñanza
positivo	muy buen profesor.
positivo	Calidad de docente, sus clases son un agrado de asistir porque se nota que le gusta lo que hace y enseña de la forma más clara hasta que todos los alumnos comprendan.
positivo	una mejora en la explicación de los contenidos, para que el estudiante aproveche al máximo la asignatura
positivo	Excelente profesor
positivo	excelente profesor
negativo	Le falta desarrollar y profundizar las clases
neutro	buena profesora
neutro	solo habla el
positivo	Muy buena disposición a ayudar
negativo	Falta mas teoria
positivo	Clase muy didáctica y interesante
positivo	muy buen profesor
positivo	Comprensivo y buen profesor
neutro	no hay sugerencias
neutro	buen profe.
positivo	Tiene gran conocimiento de lo que enseña
positivo	me gustaban sus clases
positivo	Docente generalmente muy clara en sus explicaciones
neutro	ninguno
neutro	nada que sugerir
positivo	Buen buena la clase
neutro	no tuve clases con este profesor
positivo	NADA QUE DECIR, EXCELENTE PROFESIONAL.
positivo	Muy buen profesor siempre apoyando y dando los tips para estudiar
neutro	s/c
positivo	profesora empatica, buena disposición
negativo	su método de evaluación es malisimo, no tiene nada que ver respecto a guías propuestas o ejercicio en clase, el nivel de exigencia y de contenido de las evaluaciones supera con crece lo visto en clase.
negativo	Ayudante que sea decente
positivo	EXCELENTE DOCENTE
neutro	No fue mi profesor
positivo	Profesor con pensamiento crítico desarrollado, pero muy disperso.
positivo	La asignatura me pareció muy interesante e importante, ya que nos prepara para estar preparados cuando nos toque interactuar con niños con capacidades diferentes.
positivo	buena clase
negativo	Debe mejorar temperamento. Debería habilitar mas problemas resueltos con la dificultad con que él evalua para prepararse de mejor manera (via Adecca)
positivo	buen sistema de enseñanza
positivo	sólo me hizo laboratorios y me gustaron casi todos excepto curaciones que creo que falto profundizar muchísimo
positivo	Profesor amable con sus alumnos, lo que agradaba asistir a sus clases
neutro	ninguno
positivo	Profesor enérgico y con muy buena disposición
negativo	Mejores ppt
positivo	Muy creativa y amplio abanico de ideas en gastronomia
positivo	Atenta, cariñosa y exigente. Le amo<3
positivo	Es una de las mejores docentes que tuve este semestre. Cumple en todo sentido como profesora
positivo	buena metodología de enseñanza
positivo	Excelente profesor, creaba un ambiente grato y tenia toda la disposición ante cualquier duda
positivo	profesor dinamico en su enseñanza
positivo	buen profe
neutro	ningunoa
positivo	Muy buen profesor
negativo	Trabaje su paciencia y tolerancia... no todos somos expertos en todo y podemos errar en ciertas cosas, para lo cual usted debe estar dispuesta a corregir de la mejor forma, no de una manera altanera y despectiva...
positivo	mas al enfoque matemático con practico
positivo	Un ejemplo a seguir, gran docente excelente dominio de su clase, amabilidad, tolerancia, disposición y respeto.
neutro	Ninguna sugerencia
neutro	No tengo sugerencias ni comentarios
negativo	suspende las clases sin aviso previo
neutro	ninguno
positivo	simpatico
neutro	Profesor interesado en lo que realiza , pero que en varias oportunidades no sabia escuchar a los alumnos
positivo	El mejor
negativo	No tomé ramo con ella
positivo	Siga así
positivo	buen programa
positivo	Muy clara al momento de enseñar.
positivo	interesante el electivo
neutro	Ninguna
negativo	las clases podrian ser mas dinamica
positivo	excelente ramo integral, buena experiencia
positivo	excelente semestre con profesora jania bastías. trata de incluir a todos los estudiantes de su clase.
positivo	Enseño super bien la materia.
positivo	es buena ondi usted
negativo	Clases mas didácticas
negativo	Más volumen en la voz
positivo	no hay sugerencia
negativo	Debe modernizar su metodología de enseñar
negativo	siempre preocupada por la asistencia y el rendimiento
negativo	posee dominio del tema y fluidez en las clases
negativo	Tratar de avisar cuando llegara demasiado tarde a la clase
positivo	Posee manejo en el tema de asignatura
neutro	no hay comentarios
neutro	Ninguna
positivo	la primera metodologia que uso en el curso era la mejor
neutro	Docente
negativo	La profesora da a conocer los contenidos de manera clara, la cual somos capaces de comprender, sin embargo se demora mucho en subir las notas de evaluaciones.
positivo	Docente con grandes expectativas, y una de las pocas que incentiva a sus alumnos
neutro	Me gusta su clase, aunque a veces parece muy monótona, es por que la materia talvez es plana
positivo	excelente profesor
positivo	buen profe
positivo	Buena docente que maneja muy bien sus contenidos
negativo	Estoy molesta por que en la cuesta de presenta la profesora corvalan siendo que en clases estaba el profesor Rodolfo que siempre evaluó nuestros trabajos, mi queja es por que evaluaba el profesorado Rodolfo si la clase lo hacia la profesora corvalan .
positivo	bien
negativo	Entregar las notas en el plazo correspondiente
positivo	Bien.
neutro	ninguna
positivo	Buenas clases
positivo	Buena profesora nos hizo salir y trabajar con gente externa a la universidad, eso se agradece y motiva cada vez más
neutro	Ninguna
positivo	muy buen profesor
negativo	En proceso de docente
positivo	es bueno
negativo	Podría hacer sus clases más dinámicas, así mantendría en él toda la atención de los estudiantes
neutro	Sin comentarios
negativo	Más ejercicios en clases
positivo	muy comprometida con el aprendizaje del estudiante
positivo	Clases muy llamativas y agradables. Excelente manejo del contenido
negativo	no hacer las clases de tanta lectura de power, sino mas didactica
neutro	complementar la asignatura con uso de software
positivo	excelente docente, gran manejo del tema
positivo	La profesora utiliza una buena metodología de enseñanza, sus clases son muy didácticas.
positivo	fue muy buena la metodologia de este semestre de implementar Test cada 15 dias
positivo	me gusta su forma de explicar, a demás sus certámenes concuerdan muy bien con los ejercicios realizados en clases.
neutro	No tuve clases con él
neutro	Más disertaciones
neutro	No hay comentarios
neutro	seco
neutro	Excelente profesor. Solo falta dedicar mas tiempo a la revisión de certámenes que para mi es muy importante.
neutro	ninguna
neutro	sin sugerencias
positivo	excelente profesora, dispuesta a enseñarnos todo, muy paciente y muy simpática, debería seguir potenciando este hermoso taller!
negativo	deberia contar con mayor tiempo para los estudiantes
neutro	la realizacion de mi HP no se realiza con este profesor
negativo	Cumplir con los horarios de clases
neutro	ninguna
positivo	Buena profesora, siempre transmitiendo buena onda
negativo	Se sugiere no pasar la materia de forma tan acelerada
positivo	muy buena profesora , buena disposicion
negativo	Opino que la clase debería ser más didáctica ya que en algunas ocaciones llega a ser aburrida
positivo	Excelente profesora
positivo	+
positivo	Buena onda
positivo	muy buena profesora
positivo	Me gusto la forma de explicación de la materia
positivo	buen profesor
negativo	La docente no demuestra dominio en los contenidos de la disciplina que enseña, puesto solo lee las presentaciones.
neutro	Pdf
neutro	irusfjkbnilursjkbncsilu
neutro	Contestar las preguntas en clases
positivo	su método de enseñanza es muy efectivo
positivo	buenas clases, prácticas
positivo	buena profesora, clara en sus explicaciones,puntual con entrega de notas
neutro	ninguna
neutro	Si bien las clases, son en la mayoria de participación de los alumnos, y de cooaprendizaje entre los mismos, falta que la docente realice mas clases teoricas, ya que no todos los alumnos manejan el idioma ingles al mismo nivel.
positivo	Exelent
positivo	Me parecen muy entretenidas sus clases,ya que es un ambiente agradable.
positivo	Me encanta
negativo	No entrega notas en plazos establecidos, no evalúa lo mismo que enseña, sus evaluaciones son ambiguas, pregunta cosas que jamáz pasó en clases.
positivo	me encanto el taller, deberian crear mas secciones por semestre
positivo	excelente profesora.
positivo	Buen profesor
negativo	Hacer clases mas didácticas y ludicas
positivo	Profesor muy responsable y hace las clases muy gratas
positivo	LA MEJOR PROFESORA DE LA ESCUELA
positivo	Tiene bien sentido del humor como para ser profesor de física.
positivo	Buen profesor, tiene toda la disposición para enseñar, se nota su grado de academico
positivo	exelente profesor sigua asi
positivo	Muy buena profesora
neutro	Profesor que se nota que sabe mucho, aunque un poco estricto en cuanto a los contenidos.
neutro	bien
positivo	Exclenete profesora, hace falta una geografa con aquellas caracteristicas en nuestra universidad y en nuestra carrera, genera empatia, simpatia y un ambiente grato a diferencia de distintos profesores del area geografica.
positivo	buena profesora, se preocupa del aprendizaje de sus alumnos
positivo	En líneas generales, un buen profesor. conocimientos sólidos, explica de la manera más simple. además de entregar un material de buena calidad para preparar las evaluaciones.
neutro	Ninguno
negativo	sus clases son buenas pero deberia conciderar , los ejercicios mas dinamicos
positivo	Excelente profesor
positivo	Profesor con experiencia y gran dominio del tema
negativo	ser mas puntual en la entrega de notas
neutro	Mas horas de práctica.
positivo	El profesor siempre tuvo interés para guiarnos.
positivo	Excelente profesora, dedicada en su labor de enseñar .
positivo	buena profesora
neutro	sin comentarios
neutro	ninguna
negativo	por mi parte no le podría llamar profesor.no sabe hacer clases.sus pautas de años anteriores estaban malas.no respeta el plazo de entrega de notas.
negativo	Debería entregar guías de ejercicios
positivo	Motiva a los alumnos en su futuro laboral
positivo	siga vivo
negativo	aprender el contenido y las unidades del ramo
positivo	es un profesor que ama lo que enseña
positivo	buena metodología de enseñanza
positivo	sin comentarios
positivo	Un muy buen profesor
neutro	Sin comentarios.
positivo	excelente profesora, comprensiva y con mucha energia y ayuda a sus alumnas
negativo	podria hacer que los estudiantes participen mas en el desarrollo de ejercicios
neutro	no sugerencias
positivo	buena profe
positivo	Muy buena profesora
positivo	Excelente profesor, mucho manejo en el ramo
neutro	sin comentarios
positivo	Mucha Disponibilidad para ayudar a los alumnos y muy profesional en su area
neutro	ninguna sugerencia
positivo	Exelente profesora de orientacion
positivo	excelente profesor
neutro	los practicos son los que dejan
positivo	Buen profesor
negativo	Podrían ser un poco más interesantes las clases
neutro	Agregar juegos relacionados con la materia para hacer la clase más dinámica
positivo	Excelente, todo claro <3
neutro	Sin sugerencias
negativo	Escasa retroalimentación después fe una evaluación.
neutro	Profesora
positivo	Exelente sus clases.
neutro	sin comentarios
positivo	entrega buen clima en la realizacion de clase
positivo	Excelente desempeño
positivo	excelente profesor
negativo	Evaluaciones rebuscadas y desmedidas comparado con el contenido visto en clases.
neutro	Buen profesor, sugiero mas coordinación con la profesora jefe de la asignatura.
positivo	pedir un poco de asistencia a sus alumnos ya que creo que esa es la causa de las tan bajas notas en todos los ramos
neutro	Ninguna
positivo	Muy buenas sus clases
positivo	buen profesor
neutro	Debería facilitarnos las clases o subirlas a la plataforma
negativo	sin comentarios
positivo	Falta mejorar la empatía con los alumnos
positivo	Excelente profesor, muy humano
neutro	ninguno
positivo	Se da el tiempo de explicar de la mejor forma la materia, tal vez podría ser un poco mas dinámica la asignatura pero esta en bien general.
neutro	Buena disposición.
positivo	tiene una metodología de enseñanza muy buena y clara, simpatiza mucho con los estudiantes
positivo	Buen profesor
positivo	Buena profesora, sus clases son agradables.
negativo	Mejorar su comunicación
positivo	gran profesora dispuesta a ayudar, enseñar mucho mas allá que otros docentes
neutro	estar mas presente en clases
positivo	más actitud frente a los alumnos.
negativo	buen profesor pero le falta mas dinamismo en sus clases (son un poco aburridas y monotomas)
positivo	Profesor comprometido con su asignatura
negativo	No es mi caso, pero algunos compañeros dicen que se sienten desdeñados o insultados de forma pasivo-agresiva durante su clase.
positivo	buen profesor
neutro	Nada que agregar
positivo	bueno
positivo	nada que decir
neutro	la materia se entiende y la explica de buena forma, pero podria realizar las clases de manera más didáctica
negativo	no maneja conocimientos
negativo	Deberia cambiar su forma de evaluar
positivo	Profesor buena onda, de preocupa por el aprendizaje
negativo	Que las clases sean didacticas
neutro	debe ser mas estricto
positivo	no me hiso clases me tocaba con pamela chavarría la cual es muy buena profesora
positivo	Se agradece el interés de la profesora por el avance de cada uno de sus estudiantes.
positivo	Es una buena profesora, con muy buena disposición para que el alumno aprenda.
positivo	detallar mas las trabajos a evaluar.
neutro	No se quien es
neutro	bhjvjgvhgv
neutro	Que fue primero, el huevo o la gallina?
positivo	el profesor maneja perfectamente los contenidos de la asignatura, procura que todos sus estudiantes comprendan las instrucciones y con mucha paciencia nos explica la materia las veces que sea necesario.
positivo	sus clases son dinamicas, entretenidas y facil de comprender
positivo	Profesor dinámico
negativo	tener otra metodología de enseñanza
negativo	falta de puntualidad en horarios de clases
neutro	No era de su sección
neutro	No fui a su clase :(
positivo	Muy buena maestra, se toma el tiempo para explicar de muy buena manera.
negativo	Demasiada demora en la entrega de notas, sobretodo las últimas que son las más importantes.
positivo	como sugerencia debería establecer y promover horarios para consultas
neutro	nada que comentar
negativo	aplicar mas ejercicios prácticos en su programa
positivo	un poco estricto pero explica bien la materia
positivo	Buen profesor
negativo	dificil de tratar
neutro	Ninguna
negativo	Realiza rutinas de ejercicios un poco exigentes o inadecuadas para el nivel de los estudiantes.
positivo	Profesor con muy buen manejo de contenidos.
positivo	Buen profesor con buena disposición en todo aspecto
positivo	:)
positivo	El profesor siempre crea condiciones para generar el interés de todos los alumnos
positivo	Muy bueno
positivo	A veces iba muy rápido cuando explicaba la materia, igualmente muy buen profesor.
positivo	Aunque es una buena profesora, en los últimos días de clases hizo muy rápidamente todas las actividades junto a los trabajos perjudicándonos a algunos con las notas al adelantarse muy rápidamente sin explicar bien el último trabajo.
positivo	buen instructor
positivo	Es un muy buen profesor, sabe mucho de lo que enseña.
neutro	jij
negativo	Podría revisar a tiempo los certámenes
negativo	Dominador de la materia nada que decir pero yo no le entiendo nada al igual que otros compañeros , como critica constructiva que los ejercicios lo haga paso a paso ya que algunos quedamos con duda cuando se saltaba pasos.
positivo	buen profesor
positivo	En general siempre tuvo la disposición para responder dudas
positivo	Es una profesora muy buena y muy atenta de las necesidades de sus alumnos.
positivo	excelente profesor.
positivo	Explica super bien los contenidos, didáctico, carismático...seco el profe
positivo	Muy buen profesor de practica
positivo	Buena organización ddel ramo
negativo	que no se enoje tan rapido
neutro	Establecer un programa para cada opción de evaluación dentro del curso
positivo	Buen profesor, materia explicada de forma correcta y fácil de entender.
negativo	le falta ser mas respetuoso
negativo	entregar una mejor retroalimentaciòn de los contenidos entregados en clases.
positivo	motiva al estudiante con la asignatura. Gracias!
positivo	mucho dominio en la materia
neutro	Muy buen profesor, pero muy poco empático
positivo	Buen profesor
positivo	Ojala siga manteniendo su buen trato y cercanía hacia los alumnos, ya que crea un ambiente muy amigable y da gusto asistir a sus clases, además de que desarrolla temas que son de gran interés de los estudiantes de diseño. Que sea Jefe de carrera otra vez!
