No serio;Se demore menos en entregar las notas
No serio;Posee manejo en el tema de asignatura
No serio;No interrumpir a alumnos, tener mejor trato con ellos.
Serio;Excelente profesor, explica claramente. Mejorar la ortografía y pronunciación al dictar o comentar
Serio;Muy buen profesor, él debió ser el jefe de asignatura
No serio;profesor con alto conocimiento en el ramo.
Serio;Docente con grandes expectativas, y una de las pocas que incentiva a sus alumnos
No serio;buen profesor, siempre dispuesto a que aprendamos
No serio;Dar más aplicación de la asignatura y no tanta teoría
No serio;todo bien
No serio;Buen profe
No serio;que no se pase del plazo establecido reglamentariamente para entregar las calificaciones
No serio;No tuve clases con él
No serio;Evalúe lo enseñado únicamente en el laboratorio
No serio;buena clase
No serio;entusiasta
Serio;Atento y preocupado por sus alumnos
No serio;Muy bueno
No serio;Ninguna
No serio;Siga igual profe
No serio;sabe mucho, mal académico
No serio;Intentar no distraerse con las preguntas que le hacen mis compañeros y que lo desvían del tema principal de la clase
No serio;buen programa
No serio;ninguna
No serio;nada que decir
No serio;No hay sugerencia
No serio;:)
No serio;buen profesor
No serio;Perfect
Serio;La profesora es muy puntual, atenta, cercana, responsable, respetuosa y tiene mucho dominio sobre la materia.
Serio;Falta motivación con horarios, puntualidad y revisión de certámenes en su ramo.
No serio;manejo de los contenidos, pero poco claro al momentos de explicar ejercicios
No serio;demasiada exigencia en el momento de la evaluacion
No serio;mal profesor, no tiene paciencia para explicar
No serio;utilizar herramientas mas didácticas para sus clases
No serio;111
No serio;Exelente sus clases.
No serio;sin comentarios
No serio;Buen profe
No serio;mayor organizacion
No serio;sdgfbaadfb
Serio;No me parece un profesor preparado para dar clases no explica materias, es muy monótono, no ejerce interacción con estudiantes, solo lee textos. No se preocupa de que los alumnos estén aprendiendo o no, sólo se preocupa de cumplir su hora de clases.
No serio;Muy capaz, pero a veces inentendible.
No serio;No hay sugerencias
No serio;Tiene una buena metodología de clases
No serio;necsita mayor libertad para impartir contenidos
No serio;Bien.
No serio;continuar
No serio;no asiste a clases
No serio;domina muy bien sus conocimientos
No serio;le falta ser objetiva.
No serio;Excelente profesora
Serio;Dentro de todos los problemas que se causaron en el curso , pudo manejar la situación y dar cuenta de su profesionalidad
No serio;Buen profesor
No serio;sin comentarios
No serio;Muy llevado a sus ideas
No serio;excelente profesor
No serio;Muy buena disposición a ayudar
No serio;good
Serio;Es una persona muy arrogante, que podria mejorar mucho
No serio;Buen profe
No serio;excelente docente
No serio;ninguna
No serio;Buen Profesor
No serio;Con 1 o 30 alumnos se debe realizar clases igual.
No serio;Buena profesora
No serio;nada que decir
No serio;No entrega notas en plazos establecidos, no evalúa lo mismo que enseña, sus evaluaciones son ambiguas, pregunta cosas que jamáz pasó en clases.
No serio;muy bien
No serio;Excelente profesor
Serio;debería presentar la asignatura, así como a si mismo a la hora de comenzar el semestre, aclarando objetivos y deberes de los estudiantes
Serio;Muy buenas clases. Material didáctico y actualizado. Buen desempeño en aula
No serio;las clases podrian ser mas dinamica
No serio;es un excelente academico maneja muy bien la información presentada, ademas esta al dia con las tendencias actuales y requerimientos del mercado.Sus clases son muy didacticas, entretenidas y motivadoras.Siempre apoya e incentiva a sus alumnos a ser mejor.
No serio;profesora empatica, buena disposición
No serio;excelente profesor
No serio;Podrían ser un poco más interesantes las clases
No serio;supo sobrellevar al grupo y beneficiarle
No serio;amigable y profesional
No serio;hacer las clases mas dinámicas
No serio;ufff que semestre jajaja
No serio;que utilice lenguaje menos técnico en sus clases ya que cuesta comprender los contenidos.
No serio;Excelente profesor
No serio;exelente profesor
No serio;nada que decir
No serio;Tiene manejo del área de impresión, debería ser un poco más estricta para que los alumnos no tomen para la chacota su clase.
No serio;muy buena profesora, dedicada y sirven de mucho sus simulaciones
No serio;profesor dinamico en su enseñanza
No serio;ninguno
No serio;muy buenas sus clases y entretenidas
No serio;Muy buen docente
No serio;Se da el tiempo de explicar de la mejor forma la materia, tal vez podría ser un poco mas dinámica la asignatura pero esta en bien general.
No serio;Excelente profesor
No serio;Un gran profesor, sabe de lo que habla su metodología de enseñanza es certera.
No serio;ampliar plazo de entregas
No serio;muy buen profesor
No serio;Muy buena profesor. Aprendi ingles gracias a su buen uso de la tecnologia
Serio;La generalización debe separarse siempre de la docencia, mas aún cuando se educa a los sujetos en formación del área.
No serio;buen sistema de enseñanza
No serio;Exelente profesora de orientacion
No serio;correcto profesor
No serio;una mejora en la explicación de los contenidos, para que el estudiante aproveche al máximo la asignatura
No serio;detallar mas las trabajos a evaluar.
No serio;Muy enredado para explicar. Y debería explicar también para los que no sabemos nada de ilustracion, no todos manejan el tema
No serio;ayuda a entender lo que es en si la ICI
No serio;no hay comentarios
No serio;nunca falto a ninguna clase
No serio;Buen profe
No serio;Bastante conocimientos de los contenidos, expone de excelente manera, podría responder consultas de los alumnos con mejor disposición .
No serio;La profesora es muy amable, responsable y cercana con los alumnos.
No serio;ella es un amor de profe, nos permite desarrollar las actividades con el mejor ambiente posible.
No serio;Sin comentarios
Serio;Faltó entregar material biliográfico y fuentes para respaldar la materia presentada y tambien para que el alumno pudiera profundizar los temas expuestos. En lo personal, la falta de esto hizo que no tuviera plena confianza en la veracidad de la materia.
No serio;buenas clases
No serio;muy buena profesora,
No serio;Buen profesor
No serio;s/c
No serio;Siga asi
No serio;sus clases son entretenidas
No serio;Buen profesor
No serio;Buena técnica de aprendizaje
No serio;Pdf
No serio;subir las guias con anticipación
No serio;mas al enfoque matemático con practico
No serio;buen profesor
No serio;Excelente profesora
Serio;Buen profesor, quizá si aplicara otros instrumentos de aprendizaje los alumnos tendrían mas interés en participar.
Serio;Debió escoger y supervisar mejor el contenido del curso, ya que algunos de estos no parecieran tener mucha relacion con la carrera Ingenieria civil.
No serio;buen académico, sin embargo el trato hacia los estudiantes no es tan bueno
No serio;buena profesora
Serio;Profesor demuestra motivación al realiza sus clases transmitiendo interés en los alumnos por la asignatura
No serio;Sin sugerencia
No serio;utilizar formas mas didácticas para realizar la clases, hablar mas alto
Serio;Realiza muy buenas clases aclarando dudas de sus estudiantes y también entregando lo máximo de sí para todos nosotros.
No serio;la metodología es sencilla y de gran ayuda para la comprensión de los contenidos
No serio;ninguna
No serio;explicar con mayor claridad los ejercicios propuestos en clases
No serio;Gracias por las clases
No serio;exelente profesor
No serio;Es una persona muy negativa, por lo que no genera interés en la asignatura a los estudiantes.
Serio;Profesora que se destaca por su buena voluntad y disposición al momento de responder dudas dentro o fuera del horario de clases. Además muy preocupada por que todos aprendamos.
No serio;buen profe
No serio;buen profesor pero le falta mas dinamismo en sus clases (son un poco aburridas y monotomas)
No serio;DEBERIa tener horario definido de consulta sobre
No serio;entretenidos los laboratorios
No serio;buena profesora
Serio;Al termino de la practica entrega las calificaciones sin retroalimentar la información
Serio;Clases muy completas, coherentes y creadoras de opinión crítica
No serio;buen docente
No serio;Ser mas claro y organizado en la clase
No serio;gran ayuda para nuestra formación docente.
No serio;ninguna
Serio;Buen profesor con buena disposición en todo aspecto
No serio;Buen docente
Serio;Excelente docente, buen guia.
Serio;Excelente profesora, su método de enseñanza y su orden a la hora de dictar la materia es muy bueno.
No serio;Ninguna
No serio;Suele no tener mucho tiempo para atención alumnos
No serio;docente muy aplicada, me siento conforme con su labor ejercido
No serio;Buenas clases
No serio;Muy profesional
No serio;no hay sugerencia
Serio;En este taller de confidencialidad el profesor Félix  enseña muy bien y explica el objetivo al principio y final de cada clase, para que así los alumnos empiecen a practicar la confidencialidad que hay que tener en la carrera de psicología.
No serio;Buena profesional
No serio;el mejor profesor
No serio;no estuve en su sección
No serio;su metodología es buena no creo que se necesite cambios
No serio;Más ejercicios en clases
Serio;Excelente profesor desde mi perspectiva deberia seguir ocupando el metodo de cierre de circulo ya que en lo personal me ayudo bastante a cerrar una etapa
Serio;Continue con su metodologia de evaluacion
No serio;nada que decir
Serio;Gracias por su ciencia y dedicación. Cómo crítica constructiva: si quiere que aprendamos revit, quizás la clase podría ser distinta.
No serio;No he tenido clases con el
Serio;tiene una metodología de enseñanza muy buena y clara, simpatiza mucho con los estudiantes
No serio;entrega un buen material de apoyo
No serio;Ninguna
No serio;Que no nos dé tanta materia para un mismo certamen
No serio;Muy buen profesora
No serio;maneja muy bien los contenidos de la asignatura, responde claramente las dudas
No serio;un poco estricto pero explica bien la materia
No serio;Que las clases sean más dinámicas
Serio;Se agradece el interés de la profesora por el avance de cada uno de sus estudiantes.
Serio;Conoce bastante su especialidad y transmite de buena manera las enseñanzas
No serio;siga vivo
No serio;m
Serio;Excelente profesor, creaba un ambiente grato y tenia toda la disposición ante cualquier duda
No serio;Que fue primero, el huevo o la gallina?
No serio;no aplica
No serio;la manera de explicar y como desarrolla sus clases es adecuada
No serio;Quizá debería participar de las actividades junto con los alumnos.
No serio;Ninguna
No serio;Dar mas tiempo en los trabajos porque nos llena la semana de muchas cosas y no es la unica asignatura
No serio;Buenas clases
No serio;Muy buenas clases solo falta algo de practica
No serio;no tenia clases con este profesor
Serio;Centrar las clases más en explicar contenidos
Serio;Las clases en aula se desarrollan de forma clara, atingente y logran aclarar las dudas respecto de la exposición, de esta manera permite que el estudio y aprendizaje sea más productivo.
No serio;Buen buena la clase
Serio;Profesor con alto conocimiento de la asignatura y grato ambiente en sus clases, lo mejor son los laboratorios donde se exponen y enseñan los diferentes tipos de rocas y sus características.
Serio;Me gusta que realizara diferentes formas de evaluaciones
No serio;ser mas comprensible con los alumnos
No serio;bien
Serio;Buen profesor, motiva a los estudiantes y genera un ambiente de confianza. Sin embargo la entrega de calificaciones es tardía.
No serio;Ninguna
Serio;Nada que decir
Serio;Muy buen profesor
Serio;Buenas enseñanzas y un muy buen profesor
Serio;Entregar a tiempo las notas para poder revisar con tiempo los certámenes.
Serio;escuche opiniones sobre su ramo.
Serio;Un 7.0 el profe
Serio;Le falta desarrollar y profundizar las clases
No serio;asd
Serio;Excelente docente, muy empática y responsable con sus alumnos. Maneja muy bien los contenidos
Serio;Domina muy bien la asignatura, pero falta más motivación y además que sea puntual en las clases
Serio;Genera dinamica de aprendizaje e interés por la materia
Serio;Podría ser más amable
Serio;Ser más puntual con la entrega de calificaciones
Serio;Usar más material didactico
Serio;Buen profesor
No serio;O
No serio;jajaja
Serio;Hace falta un poco más de responsabilidad en lala llegada a clases
Serio;buen profesor, mejorar la comunicacion alumno profesor
Serio;Menos rigidez al momento de evaluar, si bien no deberíamos ser nuevos en el inglés pero algo menos de rigidez es bueno para los nuevos estudiantes.
Serio;Buen profe
Serio;Muy buen profesor, tiene mucha paciencia
Serio;Un excelente profesor, se da el tiempo para responder cada duda que tiene el alumno.
Serio;Súper buena profe
Serio;Sin comentarios
Serio;buen académico, solo falta hacer ejercicios que clarifiquen las ideas.
Serio;Exelente profesora
No serio;Debe mejorar
Serio;Excelente profesor, demuestra de muy buena manera su total manejo de los conocimientos que nos entrega y lo hace de la mejor manera.
Serio;criterio de evaluacion
Serio;Sin comentarios
Serio;Buen profesor, explica claramente
Serio;enseñar mas programacion de diseño
No serio;a
Serio;su método de enseñanza es muy efectivo
Serio;Qué los certámenes sean basados en lo que explica en clases, no de comprensión lectora.
Serio;Excelente profesor que proporciona un ambiente adecuado para ?el aprendizaje
Serio;buen profesor
Serio;no me gusto el ramo no lo entendi no aprendi nada
Serio;siga asi
Serio;organizar sus clases con anticipación y no en el momento
Serio;crea un buen ambiente en la sala y esta siempre dispuesto a ayudar
Serio;sin comentarios
Serio;buen profesor, falta un poco de claridad en sus explicaciones
Serio;ejemplo a seguir
Serio;muy comprometida con el aprendizaje del estudiante
Serio;Profesor con experiencia y gran dominio del tema
Serio;Ninguna.
Serio;muy buen profesor, nada que reprochar.
Serio;buen profesor
Serio;Falta puntualidad con la entrega de calificaciones.
Serio;Subir las notas a tiempo, no cuando finalice el semestre, hacer los certámenes de acuerdo a lo pasado en todas las clases anteriores y no basado en la última clase, donde enseña lo más difícil y el que entendio, entendió, el que no, jodio
Serio;me entretuve y aprendí mucho del ramo
Serio;buen profesor, muy preocupado por los estudiantes
Serio;muy buena profesora
Serio;Docente excelente, con grandes conocimientos y ademas vocacion por enseñar
Serio;excelente docente
Serio;Entusiasmar mas a los estudiantes, pues muchas veces se vuelven aburridas las clases.
Serio;Excelente profesora, dedicada en su labor de enseñar .
Serio;No tengo sugerencias
Serio;ninguno
Serio;buen profesor
Serio;mas responsabilidad totalmente
Serio;Sin Comentarios
Serio;Buen profesor
Serio;Muy buena profesora
Serio;Explica muy bien los contenidos, lo único que me hacia sentir incomoda era que las clases las terminaba el ayudante a veces.
No serio;jij
Serio;Muy buen docente
Serio;Podria ser mas empatico con sus alumnos y entregar las notas en su respectivo plazo.
Serio;es buena ondi usted
Serio;No hay comentarios
No serio;ewe2
Serio;es una clase activa y didactica
Serio;Deberia cambiar su forma de evaluar
Serio;Profesor didáctico , con grandes conocimientos , sabe transmitirlos , y empático con sus alumnos ,  ami no me gusta economía , pero su manera de enseñar hace mas digerible el aprendizaje.
Serio;sin sugerencias
Serio;Muy buen profesor!! aprendí mucho sobre uso de herramientas en el computador ademas de word, excel, ppt entre otras cosas muy amable y con mucha paciencia responde todas las dudas
Serio;Buena profe
No serio;Otros
Serio;No fue mi profesor
Serio;Buen profesor
Serio;Gran tutora
Serio;Buenas clases
Serio;El mejor profe del mundo
Serio;Buenas clases, ningñun problema
Serio;Mas actividades en sus clases, no enfocarsr solo en un tipo de material para explicar la materia sino que recurrir a otras opciones.
Serio;Muy buen profesor, nada que decir
Serio;naaaada
Serio;Si bien las clases, son en la mayoria de participación de los alumnos, y de cooaprendizaje entre los mismos, falta que la docente realice mas clases teoricas, ya que no todos los alumnos manejan el idioma ingles al mismo nivel.
Serio;Muy bien
Serio;las clases  son muy didácticas y participativas lo que promueven la confianza de grupo
Serio;sin comentario
Serio;buen profesor
Serio;es bueno
Serio;podria hacer sus clases mas entretenidas, utilizar mas evaluaciones distintas, ya sea trabajos, etc y no solo certamenes.
Serio;muy buena profesora
Serio;Buen profesor
Serio;Ninguna
Serio;Clases didáctica
Serio;Clases mas interactivas
Serio;El profesor es muy bacan, es seco para bailar. me encantaban sus clases.
Serio;Mejorar el tiempo de entrega de evaluaciones
Serio;Cercania con los estudiantes
Serio;mayor dedicación a la hora de entregar notas y revisar certámenes.
Serio;Ninguna
Serio;se agradece el gran manejo del taller
Serio;Buen manejo de su área
Serio;no aplica
Serio;buen profe
Serio;es el mejor profesor de la Castilla
Serio;tengo buenas recomendaciones, sin embargo, por temas personales no rendí el ramo.
Serio;Muy buena profesora
Serio;Sin sugerencias
Serio;Buena disposición
Serio;Excelente docente
No serio;a
Serio;le falta mas variedad a sus clases, que no sean tan monotonas
Serio;No hubo concenso en algunos temas con el otro profesor de ramo
Serio;excelente profesor.
Serio;buen manejo de la materia
Serio;Ojala siga manteniendo su buen trato y cercanía hacia los alumnos, ya que crea un ambiente muy amigable y da gusto asistir a sus clases, además de que desarrolla temas que son de gran interés de los estudiantes de diseño. Que sea Jefe de carrera otra vez!
No serio;Sin comentarios
Serio;Es nuevo asi que no tengo mucho que decir
Serio;Buen profesor, pero en las evaluaciones consideró contenidos no revisados.
Serio;Profesor muy responsable y hace las clases muy gratas
Serio;Clases poco didacticas
Serio;no hay sugerencias
Serio;Muy buen profesor, pero muy poco empático
Serio;Realizar la clase de forma mas lenta
Serio;buen profesor, falta más dinámica, es muy pasivo
Serio;buen profesor
Serio;Buena profesora, responsable muy profesional
Serio;bastante didácticas las clases, se nota que maneja muy bien los temas a tratar.
Serio;sugiero que los contenidos se relacionen con nuestra carrera.
Serio;agradable profesor, simpático con los estudiantes
Serio;ninguna
Serio;Evaluaciones con notas referenciales
Serio;muy buen profesor, sabe como enseñar.
Serio;puntualidad
Serio;mayor desarrollo de ejercicios propuestos
Serio;dar a respetar su postura como docente
Serio;Ninguna
Serio;no tengo sugerencias
Serio;no posee oficina
Serio;tiene buena disposición al responder dudas
Serio;El tiempo para aplicar las evaluaciones era poco, en relación con el requerido para el desarrollo de este
Serio;El profesor desde un principio de la asignatura intentó que el curso fuera lo más ameno posible, intengrando tanto teoría como ejercicios prácticos que hicieron de la asignatura una instancia agradable.
Serio;habla como metralleta pero los power apañan :like:
Serio;Debe hablar más fuerte porque muchas veces no se escucha lo que dice
Serio;Ayuda con todas las consultas o preguntas a los alumnos
Serio;Buen docente, pendiente de las clases y siempre dispuesto a explicar
Serio;Excelente desempeño
Serio;Genera un ambiente de confianza e interes por la asignatura.
Serio;Genera un ambiente grato y de confianza
Serio;aumentar las salidas a terreno en clases
Serio;ninguno
Serio;buen profe
Serio;buena profesora
Serio;Sus clases son muy importantes para futuros profesores, ya que nos demuestra y nos aconseja como va a ser en la vida escolar real y esto nos ayudará para en un futuro ser mejores profesionales.
Serio;no sugerencias
Serio;Muy buena profesora
No serio;L
Serio;Dedicado, atento.
Serio;Retroalimentación de certámenes
Serio;Excelente docente explica los contenidos de una forma práctica que ayuda al aprendizaje eficaz de la materia.
Serio;Buen dominio de la materia expuesta en clases, ademas de complementarse con fuentes pertinentes a la asignatura.
Serio;Aunque es una buena profesora, en los últimos días de clases hizo muy rápidamente todas las actividades junto a los trabajos perjudicándonos a algunos con las notas al adelantarse muy rápidamente sin explicar bien el último trabajo.
Serio;innovador, empatico
Serio;es un profesor que ama lo que enseña
Serio;Mejorar la puntualidad
Serio;Que si tiene algún inconveniente con algún personal de la UBB que lo conversen afuera del aula
Serio;Muchas gracias
Serio;Excelente profesora
Serio;Muy ben profesor, siempre da oportunidades cuando se tiene algùn problema
Serio;excelente profesor y mejor persona.
Serio;Me gustaría un poco más de disposición y simpatía a la hora de hablar o atender al estudiante.
No serio;bhjvjgvhgv
Serio;Muy buen profesor siempre apoyando y dando los tips para estudiar
Serio;exelente profesor,un gran motivador
Serio;Ninguno
Serio;sin comentario
Serio;Muy buena profesora, explica la materia como corresponde en el tiempo correspondiente.
Serio;Debería probar con otros métodos de enseñanza
Serio;Es una clase muy practica en la que se logra comprender muy bien los contenidos
Serio;las clases deberían realizarse temprano para prestar mas atención a la asignatura
Serio;Buena profe
Serio;una profesora impecable
Serio;ninguna
Serio;no se
Serio;NADA QUE DECIR, EXCELENTE PROFESIONAL.
Serio;excelente profesora, nada que decir.
Serio;sin comentarios
Serio;Buen dominó y manejo de las clases
Serio;la realización de sus certámenes contienen mucha información de memoria los cuales prefiero que sean mas de aplicación en casos clínicos.
Serio;Profesor dedicado a la materia que enseña
Serio;Buen profesional
Serio;Profesor que crea un ambiente de confianza y libertad entre alumnos.
Serio;Docente con buena disposición, organizada para la realización de clases. Se sugiere horarios establecidos para la corrección de certámenes en esta asignatura.
No serio;sin comentarios
Serio;excelente profesora con gran disposición
Serio;clases muy entretenidas y completas
Serio;Muy buenas sus clases
Serio;Profesor con muy buen manejo de contenidos.
Serio;mas plazo para proyecto
Serio;esta asignatura presenta muchos problemas a nivel de contenidos y organizacion de parte de  profesora Elsa Martinez
Serio;buen profesor
Serio;podria hacer que los estudiantes participen mas en el desarrollo de ejercicios
Serio;Podría ser más flexible para modificar fecha en los test que sólo valen un 2,5% cada uno
Serio;las clases eran bastante entretenidas, por tanto teníamos mas motivación para seguir asistiendo
Serio;Clases muy llamativas y agradables. Excelente manejo del contenido
Serio;al momento de hacer retroalimentación o comentarios , que sea mas empático
Serio;Que de mas plazo para la ejecución de los trabajos
Serio;solo presentar las calificaciones a tiempo
Serio;buena docente, establece buena comunicacion con los alumnos
No serio;buena
Serio;haga clases didacticas
Serio;buen profesor,
Serio;Optima docente que ayuda a enriquecer la entrega de conocimientos gracias a su experiencia
Serio;Docente que maneja el ramo.
Serio;no estoy segura si es mi profe de lab
Serio;El profesor siempre crea condiciones para generar el interés de todos los alumnos
Serio;Siempre dispuesto a ayudar
Serio;que explique mejor en clases, aveces no se le entiende nada de lo que él dice
No serio;ninguno
Serio;excelente profesora, se demuestra interes de parte de la profesora para que los alumnos aprendan
Serio;buen profesor
Serio;buena clase
Serio;Es un docente destacado por sus muchos conocimientos en su asignatura, pero le falta la parte didáctica en sus clases.
Serio;Demuestra mucho dominio de la tematica pero algo monotono lo que produce un poco de desinteres a la larga
No serio;Ninguna
Serio;buen profesor pero en los laboratorios pierde mucho tiempo conversando en vez de realizar bien las actividades
Serio;excelente profesora.
Serio;demuestra suu conocimiento y sus años de experiencia en clases
Serio;una de las mejores docentes con un criterio claro y explicación simples a contenido complejo.
Serio;Profesor enérgico y con muy buena disposición
Serio;Buen profesor
Serio;Excelente profesor
No serio;ninguna
Serio;Excelente profesor. Solo falta dedicar mas tiempo a la revisión de certámenes que para mi es muy importante.
Serio;Opino que la clase debería ser más didáctica ya que en algunas ocaciones llega a ser aburrida
Serio;Buena profesora, muy irresponsable.
Serio;- Realizar ejercicios en clase más complejos, ya que algunos son demasiados simples.- Entregar la pauta de las tareas u otra actividad realizada.
Serio;muy buen profesor
Serio;Buena profesora
No serio;sin comentarios
No serio;Sin comentarios
Serio;explica detalladamente lo que se realizará en el laboratorio para lograr un entendimiento y desarrollo completo
Serio;Debe ser mas asertiva
Serio;Explica bien
No serio;ninguna
Serio;Excelente docente
Serio;mantiene en clases un ambiente de respeto dando lugar a dudas y conversacion sobre los temas de clase. lo que me parece ayuda al aprendzaje
Serio;buen profesor
Serio;Que las clases sean didacticas
Serio;Buen profesor, falta un poco de responsabilidad para subir a la fecha las notas
No serio;no aplica. No tuve clases con este docente
No serio;Ninguna
No serio;es muy enojon XD
Serio;falta de puntualidad en horarios de clases
Serio;Muy creativa y amplio abanico de ideas en gastronomia
Serio;buen profesor y sus formas de enseñar la materia son muy buenas y constructivas
Serio;Profesor con buena disposicion para enseñar y con mucha preocupacion
Serio;Profesora muy clara al momento de explicar una idea o concepto.
Serio;Presenta buen dominio de la asignatura pero tarda demasiado en publicar las calificaciones, impidiendo la retroalimentación adecuada
Serio;BUEN PROFESOR
Serio;Excelente Profesora
Serio;excelente profesora
Serio;Puntual, organizado y coherente con los contenidos
Serio;sus clases son didácticas
Serio;Buena Docente
Serio;sólo me hizo laboratorios y me gustaron casi todos excepto curaciones que creo que falto profundizar muchísimo
Serio;muy buen profesor al momento de enseñar
Serio;explica de forma clara y precisa los temas en trabajo
Serio;Es una gran profesora
Serio;ninguna sugerencia
Serio;Como dije anteriormente, últimamente tuvo problemas con la puntualidad, pero en sí, es buena profesora.
Serio;Excelente profesora con buena disposición
Serio;Muy dedicada a la preparacion de las clases, muy comprometida con los alumnos
Serio;aprender el contenido y las unidades del ramo
Serio;excelente profesora
Serio;Excelente docente siempre dispuesta a ayudar y resolver dudas.
Serio;clases más didacticas
Serio;se destaca la buena disposición que tiene para atender a las distintas problemáticas  que se presentan dentro de la asignatura, dando con ello soluciones oportunas.
No serio;No tengo clases con ella
Serio;Falta mas teoria
Serio;Buena docente
Serio;Clases más dinámicas
No serio;Ninguna sugerencia
No serio;----
Serio;Buen dominio y conocimiento en la asignatura
Serio;Falga pra tica oara enseñar
Serio;pararse y leer los ppt en absolutamente todas las clases no considero que sea un buen manejo de sus temas a tratar en cada clase.
Serio;Que pase mas tiempo en las clases
Serio;Profesor buena onda, de preocupa por el aprendizaje
Serio;Buen profesor solo falta mejor explicación de las actividades
Serio;realizar clases con mayor motivacion y dinamismo
Serio;son motivantes
Serio;Clases aburridas y monótonas.
Serio;seca
Serio;Excelente docente explica muy bien y se preocupa de que cada uno aprenda
Serio;exelente
Serio;Excelente profesor, siempre atiende con buena disposicion, sus clases son didacticas por lo tanto capta mi atencion
No serio;Ninguna
Serio;Bien
Serio;Buenas clases
Serio;Prfesor carismatico
No serio;todo ok
Serio;debe mejorar las habilidades sociales
Serio;En proceso de docente
Serio;Profesor con muy buena disposición para enseñar y responder consultas
Serio;excelente profesional
Serio;Profesor con gran experiencia en el ámbito clínico, con métodos de enseñanza que permiten aprender de un manera adecuada cada contenido propuesto.
Serio;Muy buena profesora, sus clases son agradables y favorece mucho el aprendizaje
Serio;buen docente
Serio;El profesor debería explicar como realizar cada actividad al inicio de la clase y además tener en cuenta  que no todos podemos enviar los trabajos  a la hora ya que algunos no tienen Internet o computador y aveces el tiempo no alcanza en la U.
Serio;Muy buen Profesor el cual su metodología de enseñanza es muy buena.
Serio;Valoro mucho la preocupación de la profesora para formar buenas educadoras de párvulos.
Serio;Se explica muy bien en clases.
Serio;buen profesor
Serio;Buena profesora nos hizo salir y trabajar con gente externa a la universidad, eso se agradece y motiva cada vez más
Serio;Excelente profesor
Serio;Motiva a los alumnos en su futuro laboral
Serio;Enseña claramente, las lecturas y lo enseñado en clases es muy consecuente.
No serio;Todo bien
Serio;Sin comentarios
Serio;Buena metodología y disposición
Serio;falta un poco más de compromiso con las asistencias a clases
Serio;no tengo
Serio;un gran profesor, impecable desempeño.
Serio;Nada que sumar.
Serio;Me encantaban sus clases, me hacían pensar mucho en la forma en que se dan las cosas en las empresas, y la deficiencia que tenemos como país, y como podemos cambiarlo, así que no cambie su forma de enseñar, aprendí muchísimo
No serio;sin comentario
Serio;Falta motivar más a los alumnos por aprender la asignatura.
Serio;Excelente desempeño
Serio;Responsable
Serio;Se deberia tener mas clases con el profe pablo, su metodologia de trabajo es interesante y es grato aprender con el, las clases no se hacen tediosas.
Serio;muy buena profesora
No serio;No tengo comentarios
Serio;Buena profesora
Serio;clases mas dinamicas, para mantener la concentracion de los alunmos, mas claro y mejorar las diapositivas
Serio;EXCELENTE profesora, la mejor de este primer semestre, un ejemplo de docente... muy preocupada por los estudiantes y muy comprometida con la asignatura
Serio;Excelente profesora y con mucha disponibilidad
No serio;hola
No serio;No hay sugerencias
No serio;nada que sugerir
Serio;Hacer clases mas didácticas y ludicas
Serio;Excelente profesora, demuestra dominio de todo tema tratado en clases.
Serio;por favor entregar las notas dentro de los plazos establecidos
No serio;Ninguna
Serio;clases muy didácticas lo que ayudó a un mejor rendimiento
Serio;Perfecto
Serio;Poco tiempo de clases con ella, no existe opinion formada.
Serio;Buen profesor
No serio;.....
No serio;ninguno
Serio;muy buena proefesora
Serio;Me gusta su manera de aprendizaje
No serio;s
Serio;Buen profesor
Serio;Es un excelente Profesional, muy humano y comprometido con la salud de los pacientes.  Sólo siento que le falta pedagogía (falta simplificar lo expuesto, y organizar mejor la forma en que entrega la información)
Serio;excelente profesor
Serio;profesor comprometido con su trabajo
Serio;entregar una mejor retroalimentaciòn de los contenidos entregados en clases.
Serio;Es una asignatura esencial para lamformación del estudiante
No serio;ninguna.
No serio;No tengo sugerencias ni comentarios
Serio;muy buen profesor, excelente dominio del tema y de sus conocimientos
Serio;Un poco desordenado, pero excelente profesional.
Serio;Es un muy buen profesor y didáctico a la hora de enseñar, además crea un clima de confianza y respeto en la sala de clases.
No serio;no tengo comentarios que hacer
Serio;Respetar la opinión de los demás.
Serio;Buena profesora
Serio;Profesora con buen carisma dentro del aula. Entrega contenidos de la asignatura de forma clara pero aún así en mi caso hubo dificultad de comprensión
Serio;Buena docente
Serio;Muy intuitivo.
Serio;Buena docente clara al entregar los  contenidos
Serio;tiene buena disposición frente a cualquier problemática
Serio;le falta ser mas respetuoso
Serio;Organizar mejor el tiempo
Serio;no tuve clases con este profesor
No serio;tela la estela
Serio;Buen profesor, buen manejo de contenidos, en ocasiones poca claridad en la entrega, pero se entiende que es por la dificultad de la asignatura.
Serio;podria ser mas imparcial en sus enseñanzas
No serio;Clases fomes
Serio;ramo botado
Serio;buena profesora
Serio;Profesor, intente controlar su sentido del humor o ironía cuando corrija proyectos, recuerde que hay personas mas sensibles que otras y se toman muy enserio su trabajo, sobre todo lo que usted les comenta sobre el. Muy buenas sus clases en el auditorio!
Serio;Buen profesor
No serio;1
Serio;Tratar de avisar cuando llegara demasiado tarde a la clase
Serio;dispuesto a ayudar, atento
Serio;su ramo es muy util y explica de buena manera, tiene buena disposición
No serio;es buena tela el weñe!
Serio;es buena profesora adapta a la enfermería a la actualidad
Serio;Buen profesor
Serio;buen profesor
No serio;ninguna
No serio;ninguno
Serio;La docente tiene buena disponibilidad para resolver dudas
Serio;siga asi
No serio;Profesora
Serio;Buena organización ddel ramo
No serio;Ninguna
No serio;green energy is bullshit
Serio;Muy buen profesor
Serio;nada que comentar
Serio;Exclente docente. Preocupada de motivarnos como estudiantes y promueve a una mentalidad critica y objetiva.
Serio;Ord nada mejor los tiempos, pues se hacen Muchas actividades
Serio;excelente
Serio;Cada vez que uno requiere resolver una duda y recurre a su oficina, no está o simplemente no quiere atender, siendo este su horario de atención a estudiantes .
Serio;Organizar mejor los tiempos de la asignatura en general
Serio;Buen profesor buen disposición
Serio;redunda en detalles, cuando lo importante son otros aspectos.
Serio;Puntualidad
Serio;es buen profe hace artos ejemplos lo unico que demora mucho en entregar las notas de las evaluaciones
Serio;su versión de profesor malvado es divertida
Serio;EXPLICA BIEN, TIENE PACIENCIA Y BUENA DISPOSICION
Serio;mas dinamico
Serio;mejorar tono de voz
No serio;ninguna
No serio;Mas ejercicios en clases
Serio;Buena profe
No serio;ninguna sugerencia
No serio;Bien
Serio;Creo que falta un poco de organización en sus clases. A veces, se va por las ramas, olvidando la importancia de las ideas y contenidos principales de su asignatura. Además, no se sabe si está hablando o dictando y cambia de tema a cada rato en sus clases.
Serio;exelente profesor
Serio;Mejorar la manera en que expone los contenidos correspondientes a la asignatura ya que en muchas ocasionas las clases se hacían aburridas y monotonas.
Serio;Demasiada demora en la entrega de notas, sobretodo las últimas que son las más importantes.
Serio;No es mi caso, pero algunos compañeros dicen que se sienten desdeñados o insultados de forma pasivo-agresiva durante su clase.
Serio;Excelente academico
Serio;Entrega la información de forma muy clara y precisa, además de buena disposición para consultas fuera del horario de clases
Serio;Realiza bien las clases
No serio;0
Serio;más entendimiento
Serio;me hizo como 4 o 5 clases
Serio;Contenidos bien explicados
No serio;:(
Serio;Excelente profesor con gran conocimiento en la materia.
Serio;Me gustaron sus clases
Serio;buen profesor
Serio;Me gusta como realiza sus clases
Serio;excelente docente, gran manejo del tema
Serio;bien profe siga así.
Serio;Las clases centradas netamente en lo expositivo tienden a ser menos efectivas, agregar dinamismo y motivación a la participación activa de los estudiantes es algo que personalmente suele motivarme
Serio;Se le pidió pauta de evaluación de un certamen y respondió con fotos de una hoja que decía ejercicio realizado en clases, siendo que no fue el mismo ejercicio, solo parecido
Serio;falta que realice ejemplos o casos mas complejos ya que siempre realiza casos basicos. el ramo es demasiado idealizado y falta aterrizarlo a la realidad, aplicando normas (nch). la planificacion del curso debe integrar la realizacion de casos reales
Serio;Falta dominio de tema
No serio;No era de su sección
Serio;Buen docente, comprometido con que sus estudiantes comprendan la materia
Serio;Buena forma de hacer el ramo ya que se evaluaba la compresion de la materia y no la memorizacion de ella.
Serio;buen profe
Serio;Buen Jefe de carrera
Serio;La asignatura me pareció muy interesante e importante, ya que nos prepara para estar preparados cuando nos toque interactuar con niños con capacidades diferentes.
Serio;Se sugiere la visita al centro de practica y contacto regular con supervisora en terreno
No serio;no me hizo clases
No serio;No hay comentarios
No serio;sin sugerencias
Serio;buena miss
Serio;Estoy molesta por que en la cuesta de presenta la profesora corvalan siendo que en clases estaba el profesor Rodolfo que siempre evaluó nuestros trabajos, mi queja es por que evaluaba el profesorado Rodolfo si la clase lo hacia la profesora corvalan .
Serio;preguntas de test de entrada no tan especificas
Serio;Tiene bien sentido del humor como para ser profesor de física.
Serio;Explica bien el contenido
Serio;no tengo sugerencias, ni comentarios
Serio;buena profesora
Serio;A veces iba muy rápido cuando explicaba la materia, igualmente muy buen profesor.
Serio;excelente profesor
Serio;enseñanza adecuada y fácil de comprender, faltan mas horas para desarrollar bien los prácticos
Serio;no me hiso clases me tocaba con pamela chavarría la cual es muy buena profesora
Serio;Hacer más ejemplos
Serio;No hay sugerencias, las clases son excelentes.
Serio;una profesora muy exigente y comprometida con su asignatura
Serio;Buen docente
No serio;ñmhk
No serio;defgh
Serio;limitarse a los objetivos de la clase, (definirlos)
Serio;Excelente disponibilidad con sus alumnos, escucha y comprende las diversas situaciones que se le planteen.
Serio;enfatizar mas
Serio;Buena profesora, con buena disposición para aclarar dudas
Serio;Domina los contenidos. El aprendizaje no se logra hablando la hora (cada sagundo) completa de clases.
Serio;Utiliza diversos mecanismos para explicar
Serio;bien
Serio;no me hizo clases
Serio;Enseña de buena manera
Serio;Docente generalmente muy clara en sus explicaciones
Serio;sin comentarios
Serio;esperamos que haga ingles IV el próximo semestre, ya que por lo que dicen mis otros compañeros respecto a la otro profesora que dicta la asignatura, no aprendieron nada durante todo el semestre, solo se dedicaban a realizar las nubes de la plataforma
Serio;buenas clases, prácticas
Serio;La clase estaba interesante
Serio;Muy buen profesor de practica
Serio;No debería hacer los certámenes tan extensos
Serio;entrega buen clima en la realizacion de clase
Serio;hacer las clases mas rapidas
Serio;encuentro muy bueno su modo de enseñanza
Serio;Excelente profesor, demuestra que sabe el contenido.
Serio;Me parecen muy entretenidas sus clases,ya que es un ambiente agradable.
Serio;excelente
Serio;Profesor dinámico
Serio;Buenas clases profesor
No serio;No fui a su clase :(
No serio;dsaf
Serio;excelente docente, tiene dominio de la materia y la trasmite con amor
Serio;Excelente docente que genera un espacio para cada estudiante dando a conocer su conocimiento,.
Serio;grf lo mejor
Serio;buen profesor
Serio;Buena profesora, explica los contenidos de buena forma
Serio;es una persona muy preparada, comprometida
Serio;buena onda
Serio;Sin sugerencia
Serio;Buen manejo de contenidos, exelente disposicion para responder dudas en clases, no asi fuera del horario de ellas.
Serio;Tiene gran conocimiento de lo que enseña
No serio;Hshdhd
Serio;Buen profesor
Serio;le falta mas motivación
Serio;No profundizar tanto en la introducción de la asignatura, y comenzar de manera mas directa con esta pues es bastante.
Serio;Sin  comentarios
Serio;excelente profesora
Serio;todo bien
Serio;No es mi profesor supervisor
Serio;Falta que sus clases sean mas dinámicas
Serio;No puedo entregar ninguna
Serio;Calidad de docente, sus clases son un agrado de asistir porque se nota que le gusta lo que hace y enseña de la forma más clara hasta que todos los alumnos comprendan.
Serio;Buena profesora
Serio;Agregar juegos relacionados con la materia para hacer la clase más dinámica
Serio;me gustaban sus clases
Serio;más actitud frente a los alumnos.
Serio;El profesor no genera un lazo con los estudiantes en el sentido de preguntar consultas en clases dado que si el considera que la pegunta es tonta responde de mala forma y a veces insultando a los alumnos.
Serio;No refiere
Serio;profesora interesada en la asignatura, motivando a los alumnos
Serio;excelente profesor, pero se demora mucho en subir las notas.
Serio;no conozco a la docente
Serio;Nada que agregar
Serio;Debería ponerle un poco más de dificultad a los test
Serio;Excelente disposición con sus estudiantes.
Serio;muy claro al explicar una materia difícil de entender
Serio;Ninguna
Serio;bien
Serio;Establecer un programa para cada opción de evaluación dentro del curso
Serio;profesor con muy buena disposición en clases y en sus consultas
Serio;Mejor organizacion en las mesas redondas.
Serio;debe ser mas estricto
Serio;Le falta manejar más los contenidos y motivar a sus alumnos
Serio;excelente profesor
Serio;realizar actividades ligeramente más didácticas ayudaría a mantener la atención de la clase
Serio;muy buen profesor
Serio;muy puntual
Serio;excelentes clases
Serio;Encuentro interesante la forma de enseñanza del profesor
Serio;Creo que la realización de sus clases fueron muy efectiva, al igual que los prácticos.
Serio;la mejor profe de inglés de todas
Serio;simpatico
Serio;Buena onda
Serio;Ninguno
Serio;el profesor realiza la clase, pero no asegura el entendimiento de la materia al cien porciento
Serio;Hacer mas presencia con los estudiantes, pero aun asi al momento de solicitarlo tiene muy buena disposicion.
Serio;Nada.
Serio;buen profesor
Serio;Buen profesor, tiene toda la disposición para enseñar, se nota su grado de academico
No serio;ok
No serio;No se quien es
Serio;le falta actualización de contenidos y métodos de enseñanza
Serio;Excelente clase
Serio;Mas comunicación con los alumnos
Serio;bien
Serio;ninguno
Serio;Siempre dispuesto a ayudar y responder consultas.
Serio;Buen profesor
Serio;Se sugiere no pasar la materia de forma tan acelerada
Serio;Excelente Docente, comprometido con sus estudiantes y preocupado de las situaciones que suceden con ellos.
Serio;No curse este ramo porque hubo una equivocacion al tomarlo
Serio;buen profe
Serio;Excelente docente, siempre con la disposición de enseñar hasta fuera del horario de clases, muy comprometido con que sus alumnos aprendan todo y más.
Serio;no lo conosco
Serio;Mejores ppt
Serio;Podría revisar a tiempo los certámenes
Serio;Muy buen profesional
Serio;la primera metodologia que uso en el curso era la mejor
Serio;el profesor debiera hacer un mejor uso del pizarron (mas ordenado), mejorar su letra y apoyarse con diapositivas que resuman el contenido.
Serio;buen docente
Serio;No le interesa enseñar
Serio;Exponer de forma más clara las instrucciones  de los trabajos a realizar
Serio;excelente docente, excelente asignatura
Serio;excelente profesor
Serio;que no se enoje tan rapido
Serio;Sin sugerencias
Serio;The best
Serio;Atenta, cariñosa y exigente. Le amo<3
Serio;el profesor deberia ser mas dinamico, lamentablemente su forma de enseñar no logra captar la atencion de los estudiantes
Serio;Mas horas de práctica.
Serio;la forma de enseñar es buena, pero en la forma de evaluar debería mejorar.
Serio;jamas tuve clases con la profesora Cristina, que mala organización de sus paginas web por parte de la UBB, que triste
Serio;Muy buen profesor, enseña los contenidos de forma clara y precisa, entrega las notas en los plazos establecidos, lo que si, al subir las notas debería ser por intranet y no por correo, ya que siento que al subirlas al correo se vulnera la privacidad.
Serio;Buen profesor, aunque le hace falta ser mas creativo al momento de realizar sus clases para que los alumnos no se aburran y al momento de realizar las preguntas de dudas que sea mas amplio en sus respuestas no lo que el espera que entendamos
Serio;buena metodologia
Serio;Profesor con pensamiento crítico desarrollado, pero muy disperso.
Serio;Excelente docente.
Serio;Buena profesora
No serio;ningunoa
No serio;bueno
Serio;Buen profesor, materia explicada de forma correcta y fácil de entender.
No serio;no saque las cosas de la tablet  es aburrido
Serio;divertida espontanea y demuestra felicidad
Serio;Buena profesora
Serio;buena profesora, clara en sus explicaciones,puntual con entrega de notas
No serio;el mejor meteorólogo del mundo
Serio;buen profesor
Serio;muy buenas clases, pero no es muy abierto en el debate de temas tan subjetivos como la ética en las evaluaciones
Serio;Me gustaria que en clases se realizaran mas temaricas psicologicas como test de personalidad y esas cosas.
Serio;Excelente trabajo
Serio;seguir con la metodologia
Serio;buen profesor, debería explicar ejercicios el mismo nivel de dificultad que aparecen en el examen en clases
Serio;Muy didácticas las clases para entender mejor, pero debería entregar las notas en el plazo correspondiente
Serio;Demuestra alto dominio del tema, las clases son didacticas, explica muy bien la materia. Buena disposicion ante dudas y consultas, ya sea en su oficina como en clases. Bastante exigente a la hora de evaluar.
Serio;sus métodos no motivan
Serio;"Sabe bastante y por ello explica bien y detallada la materia; sin embargo, sus certámenes son imposibles, la cantidad de alumnos que logran obtener una nota azul en un certamen es muy baja y los que aprueban el ramo es gracias al laboratorio"
Serio;muy poco didactico, cerrado
Serio;contenidos necesarios dentro de la carrera
Serio;Dedicarse a realizar su clases y no distraerse con compañeros que no tienen intereses en ella
No serio;Todo bien
Serio;Buen profesor
Serio;Explica contenidos claramente, pero falta apoyo más didáctico para la concentración de los alumnos
Serio;Es una profesora muy desorganizada, no llega a la hora a las clases, no tiene una pauta de evaluación con el que nos podamos guiar del porque nos sacamos tal nota, no explica bien los trabajos que tenemos que realizas y se contradice con lo escrito en moo
Serio;Dispuesto a enseñar siempre, explicar nuevamente.
Serio;No tuve clases con el profesor
Serio;Excelente metodologia de enseñanza
Serio;excelente profesora
Serio;un muy buen profesor
No serio;Regular
Serio;Le falta saber enseñar
Serio;Debería asegurarse de que los contenidos sean aprendidos, no memorizados.
Serio;disminuir la cantidad de informes durante el semestre
Serio;excelente profesora.
Serio;no me hiso clases
Serio;Muy buen profesor
Serio;Buen profesor
Serio;Buen profesor
Serio;la profesora domina el tema pero su método de enseñar podría ser mas didáctico.
Serio;Mal dominio de la materia. No explica bien. Poca empatía con sus alumnos.
Serio;No hay sugerencias
Serio;El profesor debería entregar notas y evaluaciones a tiempo y a medida que avanza el semestre, al contrario de hacer esto, el profesor entrega solo dos notas a final de semestre, impidiéndonos llevar un seguimiento de estas.
No serio;ninguna
Serio;Como sugerencia podría decir que quizás debería trabajar en otra cosa y no como profesora, para ser profesora de calidad en una universidad tan prestigiosa, primero debe asistir a clases, mostrar algo de compromiso y pasión por su trabajo. Una verguenza
Serio;Ninguna sugerencia
Serio;las clases son entretenidas
Serio;muy buen docente y profesional
No serio;asista
Serio;debería ser más puntual
No serio;nad
Serio;Se maneja muy bien en su área
Serio;el mejor profe de calculo
Serio;Muy buen profesor
Serio;Excelente profesor
Serio;Hace demaciadas evaluaciones innesesarias, y sus certamenes son muy extensos
Serio;clases teoricas y practicas motivadoras
Serio;tiene mucho conocimiento, pero al enseñar se complica mucho.
Serio;excelente profesor
Serio;la importancia de que nosotros sus alumnos aprendamos o mejorar nuestras notas es nula, no le importa si nos va bien o mal, cero motivación, además siempre estuvo dependiendo del  profesor de la otra sección al momento de evaluar o tomar alguna decisión
Serio;Encuentro que se equivoca en el desarrollo de los ejercicios
Serio;Profesor que maneja lo que enseña
Serio;Que aprenda a explicar
Serio;buen profesor
No serio;a la altura
Serio;genera un buen ambiente para realizar las clases
No serio;dadssad
Serio;muy buena disposición y metodología de  enseñanza
Serio;Buen profesor,el horario que tenia no acomodaba a nosotros
Serio;Excelente profesor, sus clases son muy interesantes, logra captar la atención de los estudiantes.
Serio;Revisar mas su gmail
Serio;me gusta su forma de explicar, a demás sus certámenes concuerdan muy bien con los ejercicios realizados en clases.
Serio;un profesor jugado por los alumnos
Serio;Falta más responsabilidad como docente
Serio;No tengo ninguna sugerencia para dar, es una excelente profesora.
Serio;buena metodología de enseñanza
Serio;por mi parte no le podría llamar profesor.no sabe hacer clases.sus pautas de años anteriores estaban malas.no respeta el plazo de entrega de notas.
Serio;muy buena profesora , buena disposicion
Serio;buena profesora
No serio;Ninguno
Serio;señor desagradable que le gusta humillar a sus alumnos
Serio;buen profesor, pero debería cambiar  la actitud de no dar permiso para salir al baño a los alumnos.
No serio;bien
Serio;La cercanía o lo que proyecta hacia el alumno, suele hacer que este sienta rechazo tanto hacia la docente como la asignatura
Serio;falta mas horas teoricas en algunas asignaturas , por lo que los alumnos al momento de la practica quedan al debe
Serio;complementar la asignatura con uso de software
Serio;Excelente profesor, muy humano
No serio;dtfyiguon
No serio;0
No serio;jfvhkdf
Serio;Las clases son muy buenas y motivan al alumno a poner atencion
Serio;Sin comentarios ni sugerencias
Serio;un poco mas de material de apoyo
Serio;muy buen profesor.
Serio;Gran docente
No serio;bien
Serio;dar espacios de recreo (5-10 min) en la clase mas larga
Serio;Mejorar su comunicación
Serio;nunca lo conocí
Serio;excelente docente, apoya a estudiantes, comprende sus situaciones y avanza según sus capacidades
Serio;Entregar notas con mayor antelación
No serio;holy
Serio;es un gran profesor, que inspira al estudio de la asignatura
Serio;responder prontamente los correos de los alumnos, enviar las notas cuando se le pida y subir las notas a tiempo.
Serio;el profe es perfecto
Serio;En general sus clases son interesantes y buenas
Serio;A modo de sugerencia, debería tener una pauta o rúbrica con puntajes a la hora de evaluar cada una de las actividades.
Serio;En líneas generales, un buen profesor. conocimientos sólidos, explica de la manera más simple. además de entregar un material de buena calidad para preparar las evaluaciones.
Serio;nada que decir
Serio;Poco empático con los alumnos
No serio;seco
Serio;Excelente profesor que promueve un clima de aprendizaje agradable y grato.
Serio;Excelente profesora de historia, sus clases son muy interesantes
Serio;Buen método de enseñanza
No serio;muy bien
Serio;Tener horario de consultas
Serio;buena profesora
Serio;Nada que agregar, ya que fue una asignatura eventual por el censo
Serio;Se nota planificación de cada clase y mucha responsabilidad a la hora de entregar notas y trabajos. Un ejemplo de docente.
Serio;Conoce el tema
Serio;Debería facilitarnos las clases o subirlas a la plataforma
Serio;Buena disposición para atender alumnos.
No serio;Muy bien
Serio;que realice en pizarra mas ejercicios con los cuales se pueda ver como proceder en cada ejercicio.
Serio;buena profesora
Serio;quizas un poco mas de compromiso
Serio;Hablar más lento
Serio;Profesor destacado y comprometido con el aprendizaje de sus alumnos, nada que decir
Serio;No me hace clases
No serio;Los jitts no sirven
Serio;tener otra metodología de enseñanza
Serio;Algunas cosas en esta asignatura las encontré sin mucha importancia y no llamaron el interés mio ni el de algunos de mis compañeros, se sugiere hacer un cambio en este curso y que sea más enfocado a herramientas como excel entre otras que actualmente se n
Serio;Excelente profesor, mucho manejo en el ramo
Serio;Es seca profe, siga así, cada  clase lograba que me enamorara aun mas de la psicología
Serio;profesor técnico y conciso
Serio;Falta interacción en sus clases
Serio;Muy grata experiencia haber realizado una feria de la salud (aún tengo muy claro lo que me correspondió exponer ese día)
Serio;Buena profesora, lo único fue que hubo una mala organización con su par que trabajaba con la otra sección para llevar a cabo las actividades iniciales de la asignatura.
No serio;Todo buen
Serio;Buen docente
Serio;buen ambiente dentro de la clase, es agradable asistir a ellas.
Serio;buena asignatura
Serio;evaluaciones correspondiente con el tiempo acordado, ya que son muy extensos y dudo que hasta el mismo profesor los termine.
Serio;Muy buen profesor
Serio;profesora con un amplio dominio de la asignatura Economia , explicando claramente cada detalle
Serio;Excelente profesor
Serio;Buen docente
Serio;las clases fueron muy pocas como para dar una opinión concreta sobre como enseña el docente
No serio;N sugerencia
Serio;es excelente en lo que se refiere a su asignatura
Serio;Excelente docente. utiliza múltiples recursos para que el contenido sea aprendido en totalidad, no solo refuerza lo académico sino los valores como futuros profesionales, alto dominio de los contenidos, entrega recursos que facilitan el estudio.
Serio;Buen profesional.
Serio;Muy buena profesora, y lo que enseña se entiende con mucha claridad
Serio;Didáctico al enseñar
Serio;gran profesora dispuesta a ayudar, enseñar mucho mas allá que otros docentes
Serio;La profesora utiliza una buena metodología de enseñanza, sus clases son muy didácticas.
Serio;No inicia las clases a la hora puntual y es exigente con la puntualidad de los alumnos, esto no genera interés por la clase a pesar de que es una asignatura con contenidos interesantes
Serio;Me gusto la forma de explicación de la materia
Serio;buen profe
Serio;solo falta un poco mas de caracter
Serio;un poco serio.
No serio;Ninguna
Serio;Excelente profesor
Serio;Sería interesante presentar aplicaciones de los contenidos teóricos a los espacios terapeuticos reales. Algo como exponer relatos de experiencias en donde determinados conocimientos fueron fundamentales.
Serio;Buen profesor, sugiero mas coordinación con la profesora jefe de la asignatura.
Serio;Buena profesora pero necesitamos guías para reforzar lo visto en clases
Serio;no tengo sugerencias
Serio;Muy buena profesora, con buena disposición.
Serio;La asignatura es esencial para lamformación del estudiante
Serio;Más volumen en la voz
Serio;Sin sugerencias
Serio;muy agradable para debatir
Serio;Muy estricto a la hora de corregir los informes.
Serio;buen docente, pero un poco llevado a sus ideas
Serio;Es muy cercano con sus alumnos y muy buen profesor.
Serio;Excelente profesora.
Serio;no hay comentarios
Serio;muy buen profesor
Serio;no curse la asignatura con el profesor
Serio;Evaluaciones rebuscadas y desmedidas comparado con el contenido visto en clases.
Serio;Se demora mucho en subir las notas.
Serio;Mas dinamica en clases, para que estas no sean tan lineales
Serio;excelente profesor
Serio;Debe mejorar temperamento. Debería habilitar mas problemas resueltos con la dificultad con que él evalua para prepararse de mejor manera (via Adecca)
Serio;muy buena profesora
Serio;Elegir una sala mas amplia para las clases
No serio;the best
Serio;Profesor muy metódico
Serio;Debería entregar guías de ejercicios
Serio;Buena profesora, sus clases son agradables.
Serio;un excelente profesor, maneja a la perfección los contenidos del ramo que imparte.
Serio;que se preocupe de ser un buen docente y sea menos arrogante
Serio;Buen profesor, explica bien los contenidos, y se asegura de que los alumnos entiendan
Serio;sin sugerencias
Serio;Sugerencia: El horario de la asignatura no sea el mismo día que Taller.
Serio;Agradecer su paciencia, cuando no se entendía algún contenido y por su pronta respuesta
Serio;maneja muy bien el idioma y sabe enseñar a los alumnos
Serio;metodo de enseñanza no es muy efectivo
Serio;excelente profesional
Serio;MUY BIEN HECHA LA CLASE
Serio;No era mi profesora
Serio;No tengo sugerencias
No serio;xd
Serio;Exclenete profesora, hace falta una geografa con aquellas caracteristicas en nuestra universidad y en nuestra carrera, genera empatia, simpatia y un ambiente grato a diferencia de distintos profesores del area geografica.
No serio;sin comentarios
Serio;Nada que sugerir, las clases son completas y bien explicadas.
Serio;como sugerencia debería establecer y promover horarios para consultas
No serio;Buen profesor, genera confianza en el grupo.
Serio;Debería entregar mas rapido las notas de los cértamenes, y realizar de mejor manera la corrección de éstos
Serio;Realiza rutinas de ejercicios un poco exigentes o inadecuadas para el nivel de los estudiantes.
Serio;Muy dedicado a su trabajo.
Serio;ser mas didactico
Serio;Mas tiempo para los certámenes.
Serio;excelente profesora trata todos los puntos a evaluar paso a paso
Serio;buen profesor. conocedor del tema
No serio;¡Siga así!
Serio;Asignatura bien desarrollada
Serio;buen profesor
Serio;excelente dominio de contenidos
Serio;mas estrategias didacticas
No serio;En general siempre tuvo la disposición para responder dudas
Serio;buen profesor
No serio;Muy buena maestra, se toma el tiempo para explicar de muy buena manera.
No serio;Profesor amable con sus alumnos, lo que agradaba asistir a sus clases
Serio;Buen profesor
Serio;Excelente taller, ayuda mucho, excelente metodologia de clases
Serio;su método de evaluación es malisimo, no tiene nada que ver respecto a guías propuestas o ejercicio en clase, el nivel de exigencia y de contenido de las evaluaciones supera con crece lo visto en clase.
Serio;Mucha utilización de guías , mucha perdida de clases
Serio;Escasa retroalimentación después fe una evaluación.
No serio;Excelente, todo claro <3
No serio;El profesor puchi debería pasar TODA la materia antes del certamen
Serio;buena profe
Serio;Mostrar mayor autoridad en la sala de clases
Serio;el profesor no es consistente en sus respuestas sobre contenidos estudiados, dando distintas respuestas a los estudiantes para una misma pregunta. en las evaluaciones considera una definicion erronea aunque esta este definida en el libro, entre otros.
Serio;Buena profesora
Serio;Buena profesora y da la confianza para consultar las dudas.
No serio;Realizar más inglés gramatical para tener un mejor manejo de vocabulario
Serio;pedir un poco de asistencia a sus alumnos ya que creo que esa es la causa de las tan bajas notas en todos los ramos
Serio;bueno
Serio;Realiza bien sus clases
No serio;no tuve clases con ella
Serio;Buen profesor
Serio;excelente profesora
Serio;Ninguna sugerencia
Serio;Enseña bien
Serio;buen profesor
Serio;Explica bien la materia
No serio;Ninguna
Serio;Dominador de la materia nada que decir pero yo no le entiendo nada al igual que otros compañeros , como critica constructiva que los ejercicios lo haga paso a paso ya que algunos quedamos con duda cuando se saltaba pasos.
Serio;Ninguna sugerencia.
No serio;Bien
Serio;sus clases son muy productivas
No serio;Me parece muy pertinente para la asignatura la evaluación mediante el proyecto de investigación, incluso yo aumentaría el porcentaje del poryecto a un 35%
Serio;no maneja conocimientos
Serio;Buena docente
No serio;Me encanta
Serio;Buena profesora
No serio;un buen docente, aunque siento que a veces es un tanto llevado a sus ideas, lo que no me parece mal, pero si es un tanto subjetivo.
Serio;Muy clara al momento de enseñar.
Serio;sus clases son dinamicas, entretenidas y facil de comprender
Serio;profesor cumple objetivos
No serio;n
Serio;Una clase más didáctica y evaluaciones con un nivel parecido a los ejercicios que entrega y enseña
Serio;muy bien
Serio;más compromiso
Serio;Se agradece la confianza que emplea con sus alumnos
Serio;No aplica
Serio;Excelente docente
No serio;muy expresiva
Serio;suspende las clases sin aviso previo
Serio;deberia contar con mayor tiempo para los estudiantes
Serio;Muy buen profesor, explica claramente los objetivos y contenidos, no se me ocurre una sugerencia por el momento
Serio;muy buen profesor
Serio;Hace clases entretenidas y mantiene viva la atención del estudiantee.
No serio;jajaja
No serio;Excelente.
Serio;bien aunque falta mas explicacion del tema y que no quiten tan rapido la informacion
Serio;El profesor domina muy bien sus conocimientos, se le entiende la materia y es dinamico en sus clases
No serio;Muy buen curso.
No serio;es un buen profesor esta todo bien
Serio;Es demasiado parcial para las reglas que da en el laboratorio, pareciera ser que facilita las cosas para algunos compañeros, es muy evidente.
No serio;buen profesor
Serio;Muy buen docente, buena confianza con alumnos
No serio;Fue una clase nomás, nada que decir.
No serio;excelente profesora, comprensiva y con mucha energia y ayuda a sus alumnas
Serio;una buena profesora
Serio;Comenzar las clases en la hora indicada
Serio;Preparar y realizar las clases
No serio;siga así
Serio;Contestar las preguntas en clases
Serio;clases muy didácticas y entretenidas de ver
Serio;Buena profesora, siempre dispuesta a ayudarnos en todo lo posible para que termináramos este ramo.
Serio;hacer todas las clases frente a un computador para un mejor desempeño de los alumnos
Serio;La profesora maneja la clase correctamente
Serio;Buen profe
Serio;La profesora debería tener mejores ayudantes.
No serio;A.
No serio;ninguna
Serio;Excelente docente, muy buen profesor, conocimiento y dominio total del tema el cual enseña
Serio;Planificar un poco más las clases
Serio;mas participacion de los alumnos le falta incluirlos en las clases
Serio;muy buen profesor
Serio;muy comprometido
Serio;Profesor que esta siempre dispuesto a ayudar a los alumnos.
Serio;No tengo criticas, es una profesora muy objetiva en su trabajo.
Serio;Muy buen profesor, dedicado y responsable, con notas, evaluaciones, etc. Clases didácticas y da la opción de aclarar todas las dudas.
Serio;Profesor comprometido con su asignatura.
No serio;Enseño super bien la materia.
Serio;No lograba transmitir todos sus conocimientos, pero igual aprendí.
Serio;Clases mas didácticas
Serio;sus clases didácticas fueron las que me apoyaron para poder aprender aun mas.
Serio;al ser los certámenes muy extensos, el tiempo en el cual se revisaban fue mayor a lo establecido por reglamento
No serio;Na
Serio;Buena profesora y colaboradora para el aprendizaje para cada alumno.
No serio;muy enrredado
Serio;EXCELENTE DOCENTE
Serio;Tener mejor relación entre profesor y alumno.
Serio;Es una buena profesora, con muy buena disposición para que el alumno aprenda.
No serio;good
No serio;G
Serio;usa buen material, pero lamento decir que no mostraba mucho dominio sobre la materia
No serio;bueno
Serio;siempre me gusto asistir a sus clases, por el motivo de que el porfesor sabia llevar bien sus clases y con esto hacia que el estudiantado pudiera estudiar con mas ganas su materia.
No serio;Sería positivo tener un mayor orden en el desarrollo de ejemplos
No serio;------
No serio;Sin comentarios.
Serio;El método de aprendizaje debería ser más didáctico para hacer las clases más entretenidas
Serio;no presenta la mejor disposicion para resolver dudas y explicar nuevamente
No serio;los practicos son los que dejan
Serio;Mejorar exposicion de clases
Serio;la profesora estaba abierta a escuchar y aclarar todas las dudas que surgían en clases
Serio;Excelente profesor, buena didactica para realizar las clases
Serio;muy buena dispocion para orientar alumnos y solucionar problematicas de los laboratorios
Serio;Explica super bien los contenidos, didáctico, carismático...seco el profe
Serio;Súper
Serio;Explicación claray comprensible
Serio;Es un poco enredado para enseñar
Serio;los horarios podrían ser más tempranos
Serio;profesor que no cumple con horarios establecidos por la institucion.
Serio;Desarrolla la clase con dominio de los temas pero, a veces no es totalmente clara a la hora de explicar consultas realizadas por alumnos.
No serio;No me hizo clases
Serio;Excelente disponibilidad para atender a los estudiantes
No serio;favor Ser mas flexible con la asistencia a las catedras
Serio;excelente profesor
Serio;buena disposición para enseñar
Serio;Explica bien a pesar de la complejidad de la asignatura
Serio;crear un ambiente de trabajo mas agradable y menos autoritario, renovar material como guias ya que para aquellos que repiten el ramo no es una retroalimentacion, mas bien es un aprendizaje estructurado en el paso a paso de como resolver un ejercicio
No serio;El mejor profe de inglés q he tenido
No serio;Nada que decir.
Serio;Conoce el contenido y explica de manera clara
Serio;excelente profesora, pero deberia respetar los plazos para la entrega de notas de las evaluaciones
Serio;Que se expliquen mas a fondo los contenidos.
Serio;clase mas dinamica
Serio;Profesor comprometido con su asignatura
Serio;Considero que en ocaciones le hace falta mas empatia con los estudiantes. Tambien considero que es imparcial para evaluar y tratar a los alumnos.
Serio;falta mas seriedad y real demostracion de lo que se esta enseñando
No serio;Que no haga más certámenes orales!!
Serio;buena profesora y lider
Serio;BUENA PROFESORA
Serio;No hay sugerencias
Serio;muy buen profesor.
No serio;0
Serio;Buen profesor
No serio;En general bien.
Serio;Lamentablemente no me pudo hacer clases este semestre por lisencia medica
Serio;No tomé ramo con ella
Serio;Entregar guía de ejercicios
Serio;mas asistencia a clases
Serio;buen profesor, buena interaccion con los estudiantes y enseña adecuadamente
Serio;totalmente en desacuerdo con que el profesor siga impartiendo algún ramo para nuestra carrera
Serio;Excelente profesor en su área especifica, tiende a explicar de forma sencilla.
Serio;Muy buen profesor
Serio;Buen profesor
Serio;excelente profesora, demuestra confianza frente a sus estudiantes.
Serio;clases muy didacticas
No serio;.........
Serio;El mejor
No serio;Asignatura inscrita por cupo.
Serio;Si quiere considerar asistencia como requisito para rendir certámenes, debería también recuperar las clases que suspende
Serio;SER MAS PUNTUAL
Serio;Mucha Disponibilidad para ayudar a los alumnos y muy profesional en su area
Serio;ser mas puntual en la entrega de notas
Serio;Que la profesora se enfoque más en ejercicios prácticos que más nos acerquen a la vida real.
Serio;Gran profesional, muy claro en sus clases, ojalá todos fueran así de claros.
Serio;Siga así
Serio;No tengo sugerencias ni comentarios
Serio;Nada que añadir
Serio;excelente en dominio de contenido y habilidades sociales y emocionales
Serio;sugiero realizar mas ejercicios prácticos y  crear una identidad como profesor
Serio;entrega de notas en plazo indicado
Serio;buen instructor
No serio;mas ejemplos
Serio;docente cercana a sus estudiantes
Serio;Excelente profesora, y excelente asignatura.
Serio;Excelente docente, muy dedicada
Serio;por  favor cumplir los horarios de llegada
Serio;Muy buena profesora
Serio;buen profesor
Serio;Mayor foco en la materia
No serio;Un poco mas dinámico
Serio;muy confiable y devota
Serio;Muy buen profesor
Serio;Clases dinámica.
No serio;Good
Serio;Muy buena profesora
Serio;mucho dominio en la materia
Serio;Buena disposición en la atención con sus alumnos.
Serio;solo presione tab y abajo para responder rapidamente y escribir ramos
Serio;Sabe explicar el contenido
Serio;No tirar bromas pesadas
Serio;Excelente profesor, preocupado por sus alumnos, dominio de conceptos evidente.
Serio;no ser tan enojona
Serio;Buena docente que maneja muy bien sus contenidos
Serio;deberia impartir siempre el ramo de econometria este profesor!!
Serio;Muy utiles sus clases
Serio;buen profesor
Serio;Sin comentarios
No serio;0
Serio;Que hable algo más fuerte y modulador... A veces no se entiende bien porque además habla muy rápido
Serio;Buen profesor
Serio;Excelente profesora, su método de enseñanza es muy didáctico
Serio;falta diferentes estrategias para interesarse en el ramo y tener una enseñanza mas didactica
Serio;Buen profesor
Serio;buen profesor
Serio;Buena profesora, pero deberia hacer sus clases un poco mas dinamicas
Serio;clases muy buenas y gratas. Felicitaciones.
Serio;La profesora Claudia tiene una forma de enseñar muy grata
Serio;no entrega las evaluaciones a el tiempo acordado
Serio;el curso es un gran aporte
Serio;Excelente profesor
No serio;es chistoso
Serio;es empatica con los alumnos
Serio;buen profe palmyers
Serio;No demuestra un interés en lo enseñar ni en lo que hace en general
Serio;Posee un muy buen dominio de la asignatura.
Serio;Mal profe
Serio;siempre preocupada por la asistencia y el rendimiento
Serio;buenas actividades practicas que hacen entender de mejor manera las unidades
Serio;buen profesor
No serio;NADA QUE DECIR
Serio;Excelente docente
Serio;Es un muy buen profesor, sabe mucho de lo que enseña.
No serio;NINGUNA
Serio;Enseña de manera práctica y eficaz el idioma en su nivel básico
Serio;Excelente
Serio;La profesora da a conocer los contenidos de manera clara, la cual somos capaces de comprender, sin embargo se demora mucho en subir las notas de evaluaciones.
Serio;excelente ramo integral, buena experiencia
Serio;Excelente profesional, faltan profesores de este standar en la escuela de trabajo social
Serio;profesor responsable y dedicado
Serio;Muy buen profesor. A pesar de la complejidad de la materia trataba de explicarla de manera mas sencilla.
Serio;Mejorar organización con los tiempos de reunión.
Serio;El profesor siempre tuvo interés para guiarnos.
Serio;dificil de tratar
Serio;Excelente profesora
Serio;la profesora cumple con la gran mayoría de los criterios establecidos pero por otro lado podría ser un poco mas alegre y no tan seria para tener un mayor agrado al momento de ir a sus clases.
No serio;ninguna
Serio;excelente profesora
Serio;buen profesor pero deberian aumentar las horas
No serio;No es mi profesor
Serio;Buen manejo de contenidos, clases claras y didácticas.
Serio;Es un profe regular
Serio;:)
Serio;Excelente desempeño
Serio;Buen profesor pero muy exigente a la hora de evaluaciones
Serio;gran entrega en su trabajo
No serio;Ninguno
Serio;Trate de no enredarse tanto al explicar, pero buen profesor y buena disposicion
No serio;ninguno
No serio;A
Serio;explica de una manera clara.
Serio;Muy buen método de enseñanza
No serio;Sin comentarios
Serio;Buena docente, con disposición y conocimiento de la asignatura.
Serio;la realizacion de mi HP no se realiza con este profesor
Serio;Debe ser puntual
Serio;mas practicas
Serio;más comprensión para los estudiantes
Serio;Buen profesor.
No serio;lkjhg
Serio;Buena metodología para enseñar
Serio;excelente profesora, dispuesta a enseñarnos todo, muy paciente y muy simpática, debería seguir potenciando este hermoso taller!
Serio;excelente profesor
Serio;motiva al estudiante con la asignatura. Gracias!
Serio;Especificar más la materia
No serio;Docente
Serio;hacer las clases mas entretenidas
Serio;Muy buen profesor, domina muy bien los temas ademas de tener completa disposicion para tratar con los alumnos
Serio;muy entretenida la clase
Serio;buena
Serio;Buena enseñanza
Serio;Excelente desempeño profesor
Serio;Gracias por lo enseñado profesora
Serio;excelente profesor
Serio;buen profesor
Serio;Conforme
Serio;no hay sugerencias
No serio;S/C
Serio;buen profesor
Serio;+
Serio;Podría hacer sus clases más dinámicas, así mantendría en él toda la atención de los estudiantes
Serio;buena profesora muy inteligente, con la capacidad de encantar a las alumnas con la carrera, pero seria mucho mejor sobre todo en este ramo que de mas instancias para conversar sobre las vivencias en nuestros días de practica.
No serio;irusfjkbnilursjkbncsilu
No serio;no tengo clases con el.
Serio;buena profesora, domina bien los contenidos
Serio;sus clases son buenas pero deberia conciderar , los ejercicios mas dinamicos
Serio;gran profesor
Serio;buen profe
Serio;Podría utilizar recursos como guías
Serio;buen profesor
Serio;explica muy bien los contenidos
Serio;excelente profesor con el cual se crea un ambiente muy grato en sus clases, incita a la participación de los alumnos en su clase.
Serio;con todo respeto no extravíe el material entregado por alumnos, me refiero a tareas porque  luego olvida la situación y eso perjudica al alumno.
Serio;Excelente profesora
Serio;Es un excelente profesor, me gusta mucho su tecnica de pasar la materia y luego pasar ejercicios.
Serio;se agradece su simpatia
Serio;Dio buenas clases
No serio;buigutf
Serio;buen profesor
Serio;Clases didactididácticas
Serio;Me gusta la metodología de las clases, y cumple al pie de la letra con los acuerdo de reuniones
Serio;Muy buena docente
Serio;Profesor altamente recomendable.
Serio;Muy buen profesor
Serio;entragar las notas a tiempo
Serio;Falta mejorar la empatía con los alumnos
Serio;buen profesor, domina su tema
No serio;nos vemos en el aire
Serio;Que utilice más el proyector. Y haga más ejerciocio que materia. Todo lo demás está muy bien.
Serio;Una sugerencia, que avise mediante correo o al encargado de clases cuando no podrá asistir
Serio;Es una de las mejores docentes que tuve este semestre. Cumple en todo sentido como profesora
Serio;Se desenvolvió bien, a pesar de algunas limitaciones de herramientas que hay
Serio;Excelente profesora
No serio;ninguno
Serio;bajar el nivel del ramo utiliza el tromba que es de avanzado igual que utilice larson o zill.
Serio;Excelente profesor y gran conocedor de la asignatura que imparte.
Serio;es el encargado del programa y no es aplicable a nuestra carrera
Serio;sin comentarios
Serio;Profesora atenta, preocupada, solo deberia mejorar en la puntualidad
Serio;buen profeson siempre explicando lo justo y necesario para la evaluacion y el conosimiento que nesesittamos como estudiantes
Serio;cambiar la forma de evaluacion
Serio;buena metodología de enseñanza
Serio;Como sugerencia de la asignatura, quizás pasar más rápidos los contenidos de principio de semestre y dedicar más tiempo en repasar lo último, ya que son fundamental para el desempeño futuro profesional y no se les dedicó el tiempo necesario.
Serio;Más amigable al momento de resolver dudas y dar a conocer su opinión después de las presentaciones, dejar que las exposiciones sean al azar y que de verdad sean según la participación en clases como se dijo a principio de año.
Serio;el profesor maneja perfectamente los contenidos de la asignatura, procura que todos sus estudiantes comprendan las instrucciones y con mucha paciencia nos explica la materia las veces que sea necesario.
Serio;Una casignatura muy completa
Serio;muy buena docente
Serio;"Le faltó más responsabilidad con el ramo; no realizaba las clases con motivación"
Serio;Entregar las notas en el plazo correspondiente
Serio;Buena profesora y responsable con las actividades de la clase
Serio;profesora metodológica pero no enseña los contenidos claramente
Serio;Maneja bien el tema
Serio;Que las clases sean mas dinamicas
Serio;muy buena la forma de evaluar ya que utiliza metodos muy ingeniosos y nuevos
Serio;Alto conocimiento y dedicado a enseñar
Serio;no tuve clases con él.
Serio;Creo que debería tener una retro alimentación de los casos que hacemos en clase
Serio;Poca dinámica de trabajo
Serio;Buenas clases
Serio;Sin comentarios negativos, muy buen profesor
Serio;Utilice una letra más legible y procedimiento más ordenado, al momento de realizar un ejemplo u ejercicio.
Serio;Excelente
Serio;buena disposición
Serio;profe
Serio;Comprometido con su asignatura y muy riguroso con disciplina y puntualidad.
Serio;explica bien
Serio;ninguna
Serio;Si no tiene tiempo para la clase mejor que no la imparta.
Serio;bien
Serio;Todo bien
Serio;trabajos mas didacticos
Serio;Siga así profe.
Serio;Entregar las notas dentro del plazo
Serio;nada que decir
Serio;sin comentarios y sugerencias
Serio;Muy clara al momento de exponer la clase, dispuesta a responder todas las dudas.
Serio;que sea mas accesible en los horarios de ayudantia
Serio;Buen profesor
Serio;Que hable mas fuerte
Serio;Más ejercicios y problemas en clases
Serio;No tuve la supervisión   de este docente
Serio;a pesar de ser un ramo fome, usted lo hace entretenido se agradece
Serio;Explicar la materia con mayor claridad
Serio;Excelente profesor, se espera mucho de él.
Serio;hacer ellas lo ejercicios no su esposo por que no tiene dominio de ello solo los copia.
Serio;no la conozco
Serio;buen profesor y muy exigente
Serio;Excelente docente
Serio;excelente docente, maneja profunda y extensamente los contenidos de las clases.
Serio;buen profesor
Serio;el profesor realiza clases donde hace participar a los alumnos lo cual es muy bueno y ejercita a los alumnos para las evaluaciones lo cual nos ayuda bastante
Serio;Mayor seguridad al responder dudas
Serio;ninguno
Serio;Mas flexible con los horarios de llegada por ciertos motivos de viajes
Serio;buena profesora, da instancias para participación en clases
Serio;Buena docente pero podría tener clases más didácticas.
Serio;Una asignatura que no aporta en el desarrollo y que hacer profesional de los alumnos
Serio;Profesor metódico y responsable con la programación de las actividades.
Serio;Debe modernizar su metodología de enseñar
Serio;fue muy buena la metodologia de este semestre de implementar Test cada 15 dias
Serio;ninguna
Serio;No aplica
Serio;Excelentes clases, buen clima en el aula y disponibilidad del profesor ante consultas.
Serio;Tratar de distribuir mejor los contenidos de las clases para no hacerlas tan densas
Serio;Buen profesor, el cual demuestra con confianza lo que sabe
Serio;Entiende las dificultades de sus alumnos
Serio;Es un buen, profesor, pero el gran problema de su laboratorio, es la corta duración, lo cual hace que sea inútil tenerlo, ya que en una hora y media, no se logra aprender lo suficiente.
Serio;todo ok
Serio;Una ecxelente profesora, siempre muy didáctica.
Serio;sin comentarios
Serio;Muy buenos laboratorios, nada que decir.
Serio;Experto en su área muy buen dominio de contenidos
Serio;sin comentarios
Serio;debe resolver los ejercicios siendo menos subjetivo
Serio;Entregar más confianza a sus alumnos.
Serio;Muy buena metodología de aprendizaje
Serio;ninguna sugerencia
Serio;Buen taller, nada que decir
Serio;eL PROFESOR ES MUY DEDICADO Y SE NOTA QUE  MaNEJA LO QUE ENSEÑA.
Serio;falta compromiso con el curso
Serio;es buena profesora y explica muy bien
Serio;gran capacidad de cautivar a sus alumnos con sus clases
Serio;Buen profesor, las pocas clases que tuvo fueron buenas, captaba la atención de los estudiantes. Si hubiera sido más comprometido con su labor, su evaluación sería mucho mejor.
Serio;Ninguno.
Serio;tiene un buen metodo para explicar
Serio;Muy clara y precisa al momento de enseñar
Serio;Buenas clases
Serio;muy buen profesor pero no sabe explicar hace los ejercisios para el
Serio;aplicar mas ejercicios prácticos en su programa
Serio;Buen profesor
Serio;no se realizaron clases
Serio;Buen profesor
Serio;sin comentarios
Serio;Maneja a la perfección los contenidos
No serio;buen profe.
Serio;muy buen profesor, posee muchos contactos los cuales al estudiante les permite tomar buenas practicas.
Serio;muy interactiva
No serio;n
Serio;No hay sugerencias
Serio;Todo bien
Serio;Excelente docente
Serio;excelente semestre con profesora jania bastías. trata de incluir a todos los estudiantes de su clase.
Serio;Buena profesora, ojalá la coordinadora la deje crecer como docente.
Serio;Buen profesor
Serio;exelente profesor sigua asi
No serio;nn
Serio;no me hizo clases
Serio;le  falta mejor trato hacia los alumnos
Serio;Buen profesional
Serio;buena profesora
Serio;ninguna sugerencia
Serio;Excelente docente, con mucho conocimiento y muy humana
No serio;Buena profesora, siempre transmitiendo buena onda
Serio;Realice esta asignatura en terreno.
Serio;Excelente profesor
Serio;La profesora Pamela es muy amistosa, entrega la confianza necesaria para expresar opiniones y sentimientos en las actividades que realizamos, es muy creativa y dinámica.
Serio;Buena profesora apasionada por lo que enseña
Serio;Falta que aveces explique un poco mas la forma de realizar algunos ejercicios
Serio;Buen profesor, con la paciencia para explicar las veces que sea necesario la materia que pasa
Serio;Clases participativas y didácticas
Serio;buen profesor
Serio;Excelente profesora
Serio;Profesor que se nota que sabe mucho, aunque un poco estricto en cuanto a los contenidos.
Serio;no era mi profe
Serio;Ninguno
Serio;como sugerencia que sea mas cercana con los alumnos
Serio;muy buen electivo
Serio;Mas tareas
Serio;Mejorar los plazos de entregas de notas
Serio;excelente profesor
Serio;la materia se entiende y la explica de buena forma, pero podria realizar las clases de manera más didáctica
Serio;es un buen profesor, sabe lo que está enseñando, tiene buena metodología de enseñar
Serio;Más disertaciones
Serio;El profesor es muy bueno, conoce muy bien la materia que expone y crea un muy buen ambiente de aprendizaje.
Serio;Profesor responsable
Serio;no tanto apoyo de las diapos y más diálogo
Serio;Me gusta su clase, aunque a veces parece muy monótona, es por que la materia talvez es plana
Serio;Realiza un buen trabajo con los estudiantes.
Serio;es muy simpatico y hace sentir confianza de poder preguntarle lo que sea
Serio;buen profesor
Serio;Subir algún material extra a las plataformas
Serio;ninguna
Serio;buen profesor
Serio;Buena profesora
Serio;buen profesor.
Serio;Mal docente.
Serio;Comprensivo y buen profesor
Serio;LA MEJOR PROFESORA DE LA ESCUELA
Serio;Profesora muy comprometida con la asignatura.
Serio;Excelente docente en el área práctica
Serio;Me parece innecesario pasar los casos largos a cortos
Serio;espero que este segundo semestre sea igual como lo fue en el primero
Serio;le falta ser mas pedagógica
Serio;Quizá podría pasar la materia de forma más pausada, aunque se entiende que al ser modular debe llevar un ritmo más acelerado.
Serio;buen profe.
Serio;buena e interactiva asignatura
Serio;Clara par a enseñar, proporciona confianza, podría ser más didáctica en clases para que no sean muy monótonas
Serio;Profesor interesado en lo que realiza , pero que en varias oportunidades no sabia escuchar a los alumnos
Serio;muy interactivas sus clases
Serio;Su forma de enseñar es bastante mala a decir verdad, debería mejorarla bastante.
Serio;el contenido de la asignatura deberia estar mas enfocado a lo que realizaremos en el campo laboral y en como enseñar lo aprendido
Serio;Ninguna
Serio;no hacer las clases de tanta lectura de power, sino mas didactica
No serio;dassdasad
Serio;Buen profesor, con muy buena disposición.
Serio;Bien profesor
Serio;muy buen profesor
No serio;Super buena profesora
Serio;Muy buen profesor, muy motivado
Serio;La profesora crea espacios de confianza y de buena disposición para enseñar
Serio;No asisti a sus clases
Serio;Se necesita ser más empático y un poco más flexible con los estudiantes
Serio;Buen electivo
Serio;Es una profesora que maneja su asignatura, sin embargo no supo cómo nivelarnos al nivel de su asignatura, ya que el ramo que le antecede (Termodinámica 1) fue muy básico para lo que debíamos saber.
Serio;Muy buena profesora y buena asignatura
No serio;Me encantan sus clases
Serio;bien
Serio;no explica muy bien
Serio;comprensiva
Serio;es muy bueno explicando en cada clases
Serio;muy buen profesor que siempre trata de ayudar con cualquier duda o inquietud que se tenga en la asignatura
Serio;Clase muy didáctica y interesante
No serio;buen profe
Serio;Es una profesora muy buena y muy atenta de las necesidades de sus alumnos.
Serio;excelente profesora
Serio;buen profesor
Serio;Ayudante que sea decente
Serio;profesor comprometido con enseñar a pesar de las dificultades de los alumnos y el entorno del diseño
Serio;Conoce lo que está enseñando.
Serio;La docente no demuestra dominio en los contenidos de la disciplina que enseña, puesto solo lee las presentaciones.
Serio;buena profesora, se preocupa del aprendizaje de sus alumnos
Serio;Demuestra paciencia,motivación,disponibilidad y firmeza.
Serio;buen profesor pero deberia mirar menos su celular en clases
Serio;posee dominio del tema y fluidez en las clases
Serio;Muy buen académico.
Serio;solo habla el
Serio;Un 70 como docente y como persona, muy responsable y preocupada. Siga así
Serio;Excelente profesor
Serio;Demuestra dominio en el el tema de su asignatura, sin embargo no logra satisfacer mis necesidades respecto a la asignatura
Serio;sin sugerencias
Serio;Clases dinámicas, están bien enfocadas al desarrollo del tema.
Serio;tiene mucha  vocación
Serio;Dar las notas cuando corresponde.
Serio;buen profesor
Serio;en realidad no es mi profesor de anteproyecto, por lo tanto no lo puedo evaluar
Serio;Sin comentarios.
No serio;asd
Serio;Sólo falta que ejemplifique mas en sus clases ya que la materia es complicada.
Serio;Todo bien
Serio;Buena profesora
Serio;buen desarrollo de la asignatura
Serio;que de ha conocer el programa de la asignatura
Serio;más dinamismo y practica de lo que teoriza para tener una vision holistica completa de su ramo en cuestion
Serio;Mucha demora en entregar notas, certámenes muy largos, contenidos de lectura no vistos en clases
Serio;El profesor tiene preferencias con ciertos alumnos....
Serio;Buen profesor, buen ramo
Serio;cuando vaya a las clases debería concentrarse en la clase y no estar haciendo otras cosas en su teléfono o su computador
Serio;Sugiero que las clases podrían ser un poco más interactivas para que así la materia sea mejor comprendida.
Serio;Gran dominio de asignatura, pero siempre tiene buenos tratos
Serio;excelente
No serio;Exelent
Serio;Profesora con muy buen disposición para responder dudas con respecto a los trabajos
No serio;Leer dabemos todos que utilice mas metodos de enseñanza..casos . Practicos. Etc
Serio;Cumplir con los horarios de clases
Serio;sin comentarios
Serio;Es necesario considerar que esta encuesta no aplica mucho a Actividad de Titulación, ya que el trabajo con el profesor es individuaizado, no se hacen clase sino reuniones.
Serio;sin comentarios
Serio;Buena disposición.
Serio;Excelente docente, la que demuestra uun interes notable por que los contenidos puedan quedar claro, incorporando en sus clases distintos tipos de metodologías para la enseñanza, no solo las tradicionales. Profesora muy organizada con todo los aspectos.
Serio;Excelente profesor, muy agradable y buen expositor, con vocación para enseñar, ayudar y apoyar al estudiante, muy responsable y sincero cuando se le presenta un problema, error o dificultad.
Serio;gracias por la ayuda que siempre nos brindo en nuestro anteproyecto
Serio;me encanto el taller, deberian crear mas secciones por semestre
Serio;Profesor muy didáctico y claro
Serio;Creo que el ejercicio de redibujar los planos de un edificio patrimonial no eran tan pertinentes al ramo. Mas bien nos sentimos utilizados por el fin de la publicación del libro.
Serio;Buen profesor
Serio;Al momento de citar a revisión se demora en presentarse
Serio;Nada que agregar
Serio;Excelente docente.
Serio;Excelente profesional
Serio;No motiva a estudiar con su metodo
Serio;interesante el electivo
Serio;Muy buen profesor
Serio;debe respetar las horas de clases
Serio;excelente docente
Serio;discriminación
Serio;Trabaje su paciencia y tolerancia... no todos somos expertos en todo y podemos errar en ciertas cosas, para lo cual usted debe estar dispuesta a corregir de la mejor forma, no de una manera altanera y despectiva...
Serio;Muy buena profesional y profesora .
Serio;Pasa materia y pocos ejercicios
Serio;muy buen profesor , explica muy bien la materia
Serio;Bibliografía complementaria
Serio;Profesor especializado en su asignatura resuelve dudas y ayuda a los alumnos
Serio;Buena profesora
Serio;buen profesor.
Serio;Muy buena profesora
Serio;Buen profesor. Profesional y muy empático con los estudiantes.
Serio;Encuentro que explica bien la materia y tiene mucho dominio del tema, pero al momento de las tareas, test y certámenes hace ejercicios mucho más difíciles y enredados que en la clase.
Serio;Ninguna sugerencia
Serio;Excelente profesional, muy comprometida con el aprendizaje de los estudiantes. Un ejemplo a seguir.
Serio;no tengo sugerencias
Serio;Buen profesor
Serio;Buena disposición en general, da buenas correcciones, aun que a veces es selectivo en cuanto a cual alumno corrige y cual no, condiciones de entrega demora en entregarlas
No serio;ninguno
Serio;Sin comentarios
No serio;Se sugiere que respete el horario de clases como el inició y término de la clase, no terminar la clase cuando venga el otro profesor a decir que tiene clases en ese instante y que realice actividades que se adecuen al horario que nos entrega
Serio;El profesor Sanchez es un muy buen academico. Sus clases son completas a pesar de que suele ser un poco disperso y nos cuesta un poco comprender algunas cosas en clases. A pesar de esto el profesor tiene buena disposicion a la hora de explicar nuevamente
Serio;muy buen profesor
Serio;Tiende a enojarse cuando le preguntan algo o le corrigen
Serio;Falta bibliografía para corroboración de datos, material complementario.
Serio;Sin comentarios
Serio;sus clases me gustaron bastante
No serio;ninguno
Serio;Buena profesora
Serio;Buenas clases
Serio;Un muy buen profesor
Serio;Excelente profesional, relaciona e integra los conceptos enfocados en la tematica de nuestra carrera
Serio;Buen profesor, buenas formas de enseñar, nada que decir.
Serio;profesora muy exigente y buena
Serio;buen profesor
Serio;excelente profesora, preocupada por el aprendizaje de todos los estudiantes y ademas propicia orientación adecuada  para el pronto desarrollo laboral.
Serio;Comenzar las clases puntualmente.
Serio;Un ejemplo a seguir, gran docente excelente dominio de su clase, amabilidad, tolerancia, disposición y respeto.
Serio;buena profe
Serio;Falta compromiso con sus estudiantes, no hay como ubicarlo fuera del horario de clases.
Serio;buena profe
Serio;No permite revisar todas las evaluaciones. En los laboratorios de soldadura evaluó como si fuéramos soldadores profesionales lo en 80 minutos es muy difícil deconseguir
Serio;informe mas a que se deben sus notas
Serio;Profesora dedicada
Serio;muy buen docente
Serio;Excelente
Serio;estar mas presente en clases
Serio;EXCELENTE PROFESORA, BUEN DOMINIO DEL CONTENIDO, CLASES DIDACTICAS QUE PERMITEN BUEN APRENDIZAJE
Serio;buen profesor