ninguno;Se demore menos en entregar las notas
ninguno;Posee manejo en el tema de asignatura
ninguno;No interrumpir a alumnos, tener mejor trato con ellos.
ninguno;Excelente profesor, explica claramente. Mejorar la ortografía y pronunciación al dictar o comentar
ninguno;Muy buen profesor, él debió ser el jefe de asignatura
ninguno;profesor con alto conocimiento en el ramo.
alegria;Docente con grandes expectativas, y una de las pocas que incentiva a sus alumnos
ninguno;buen profesor, siempre dispuesto a que aprendamos
ninguno;Dar más aplicación de la asignatura y no tanta teoría
ninguno;todo bien
ninguno;Buen profe
enojo;que no se pase del plazo establecido reglamentariamente para entregar las calificaciones
ninguno;No tuve clases con él
ninguno;Evalúe lo enseñado únicamente en el laboratorio
ninguno;buena clase
alegria;entusiasta
ninguno;Atento y preocupado por sus alumnos
ninguno;Muy bueno
ninguno;Ninguna
ninguno;Siga igual profe
ninguno;sabe mucho, mal académico
enojo;Intentar no distraerse con las preguntas que le hacen mis compañeros y que lo desvían del tema principal de la clase
ninguno;buen programa
ninguno;ninguna
ninguno;nada que decir
ninguno;No hay sugerencia
alegria;:)
ninguno;buen profesor
ninguno;Perfect
ninguno;La profesora es muy puntual, atenta, cercana, responsable, respetuosa y tiene mucho dominio sobre la materia.
ninguno;Falta motivación con horarios, puntualidad y revisión de certámenes en su ramo.
ninguno;manejo de los contenidos, pero poco claro al momentos de explicar ejercicios
ninguno;demasiada exigencia en el momento de la evaluacion
ninguno;mal profesor, no tiene paciencia para explicar
ninguno;utilizar herramientas mas didácticas para sus clases
ninguno;111
ninguno;Exelente sus clases.
ninguno;sin comentarios
ninguno;Buen profe
ninguno;mayor organizacion
ninguno;sdgfbaadfb
enojo;No me parece un profesor preparado para dar clases no explica materias, es muy monótono, no ejerce interacción con estudiantes, solo lee textos. No se preocupa de que los alumnos estén aprendiendo o no, sólo se preocupa de cumplir su hora de clases.
ninguno;Muy capaz, pero a veces inentendible.
ninguno;No hay sugerencias
ninguno;Tiene una buena metodología de clases
ninguno;necsita mayor libertad para impartir contenidos
ninguno;Bien.
ninguno;continuar
ninguno;no asiste a clases
ninguno;domina muy bien sus conocimientos
ninguno;le falta ser objetiva.
ninguno;Excelente profesora
ninguno;Dentro de todos los problemas que se causaron en el curso , pudo manejar la situación y dar cuenta de su profesionalidad
ninguno;Buen profesor
ninguno;sin comentarios
ninguno;Muy llevado a sus ideas
ninguno;excelente profesor
ninguno;Muy buena disposición a ayudar
ninguno;good
tristeza;Es una persona muy arrogante, que podria mejorar mucho
ninguno;Buen profe
ninguno;excelente docente
ninguno;ninguna
ninguno;Buen Profesor
ninguno;Con 1 o 30 alumnos se debe realizar clases igual.
ninguno;Buena profesora
ninguno;nada que decir
enojo;No entrega notas en plazos establecidos, no evalúa lo mismo que enseña, sus evaluaciones son ambiguas, pregunta cosas que jamáz pasó en clases.
ninguno;muy bien
ninguno;Excelente profesor
ninguno;debería presentar la asignatura, así como a si mismo a la hora de comenzar el semestre, aclarando objetivos y deberes de los estudiantes
alegria;Muy buenas clases. Material didáctico y actualizado. Buen desempeño en aula
ninguno;las clases podrian ser mas dinamica
alegria;es un excelente academico maneja muy bien la información presentada, ademas esta al dia con las tendencias actuales y requerimientos del mercado.Sus clases son muy didacticas, entretenidas y motivadoras.Siempre apoya e incentiva a sus alumnos a ser mejor.
ninguno;profesora empatica, buena disposición
ninguno;excelente profesor
ninguno;Podrían ser un poco más interesantes las clases
ninguno;supo sobrellevar al grupo y beneficiarle
ninguno;amigable y profesional
ninguno;hacer las clases mas dinámicas
alegria;ufff que semestre jajaja
ninguno;que utilice lenguaje menos técnico en sus clases ya que cuesta comprender los contenidos.
ninguno;Excelente profesor
ninguno;exelente profesor
ninguno;nada que decir
ninguno;Tiene manejo del área de impresión, debería ser un poco más estricta para que los alumnos no tomen para la chacota su clase.
ninguno;muy buena profesora, dedicada y sirven de mucho sus simulaciones
ninguno;profesor dinamico en su enseñanza
ninguno;ninguno
ninguno;muy buenas sus clases y entretenidas
ninguno;Muy buen docente
ninguno;Se da el tiempo de explicar de la mejor forma la materia, tal vez podría ser un poco mas dinámica la asignatura pero esta en bien general.
ninguno;Excelente profesor
ninguno;Un gran profesor, sabe de lo que habla su metodología de enseñanza es certera.
ninguno;ampliar plazo de entregas
ninguno;muy buen profesor
alegria;Muy buena profesor. Aprendi ingles gracias a su buen uso de la tecnologia
ninguno;La generalización debe separarse siempre de la docencia, mas aún cuando se educa a los sujetos en formación del área.
ninguno;buen sistema de enseñanza
ninguno;Exelente profesora de orientacion
ninguno;correcto profesor
ninguno;una mejora en la explicación de los contenidos, para que el estudiante aproveche al máximo la asignatura
ninguno;detallar mas las trabajos a evaluar.
ninguno;Muy enredado para explicar. Y debería explicar también para los que no sabemos nada de ilustracion, no todos manejan el tema
ninguno;ayuda a entender lo que es en si la ICI
ninguno;no hay comentarios
ninguno;nunca falto a ninguna clase
ninguno;Buen profe
ninguno;Bastante conocimientos de los contenidos, expone de excelente manera, podría responder consultas de los alumnos con mejor disposición .
ninguno;La profesora es muy amable, responsable y cercana con los alumnos.
alegria;ella es un amor de profe, nos permite desarrollar las actividades con el mejor ambiente posible.
ninguno;Sin comentarios
ninguno;Faltó entregar material biliográfico y fuentes para respaldar la materia presentada y tambien para que el alumno pudiera profundizar los temas expuestos. En lo personal, la falta de esto hizo que no tuviera plena confianza en la veracidad de la materia.
ninguno;buenas clases
ninguno;muy buena profesora,
ninguno;Buen profesor
ninguno;s/c
ninguno;Siga asi
ninguno;sus clases son entretenidas
ninguno;Buen profesor
ninguno;Buena técnica de aprendizaje
ninguno;Pdf
ninguno;subir las guias con anticipación
ninguno;mas al enfoque matemático con practico
ninguno;buen profesor
ninguno;Excelente profesora
ninguno;Buen profesor, quizá si aplicara otros instrumentos de aprendizaje los alumnos tendrían mas interés en participar.
ninguno;Debió escoger y supervisar mejor el contenido del curso, ya que algunos de estos no parecieran tener mucha relacion con la carrera Ingenieria civil.
ninguno;buen académico, sin embargo el trato hacia los estudiantes no es tan bueno
ninguno;buena profesora
ninguno;Profesor demuestra motivación al realiza sus clases transmitiendo interés en los alumnos por la asignatura
ninguno;Sin sugerencia
ninguno;utilizar formas mas didácticas para realizar la clases, hablar mas alto
ninguno;Realiza muy buenas clases aclarando dudas de sus estudiantes y también entregando lo máximo de sí para todos nosotros.
ninguno;la metodología es sencilla y de gran ayuda para la comprensión de los contenidos
ninguno;ninguna
ninguno;explicar con mayor claridad los ejercicios propuestos en clases
alegria;Gracias por las clases
ninguno;exelente profesor
ninguno;Es una persona muy negativa, por lo que no genera interés en la asignatura a los estudiantes.
ninguno;Profesora que se destaca por su buena voluntad y disposición al momento de responder dudas dentro o fuera del horario de clases. Además muy preocupada por que todos aprendamos.
ninguno;buen profe
ninguno;buen profesor pero le falta mas dinamismo en sus clases (son un poco aburridas y monotomas)
ninguno;DEBERIa tener horario definido de consulta sobre
ninguno;entretenidos los laboratorios
ninguno;buena profesora
ninguno;Al termino de la practica entrega las calificaciones sin retroalimentar la información
ninguno;Clases muy completas, coherentes y creadoras de opinión crítica
ninguno;buen docente
ninguno;Ser mas claro y organizado en la clase
ninguno;gran ayuda para nuestra formación docente.
ninguno;ninguna
ninguno;Buen profesor con buena disposición en todo aspecto
ninguno;Buen docente
ninguno;Excelente docente, buen guia.
ninguno;Excelente profesora, su método de enseñanza y su orden a la hora de dictar la materia es muy bueno.
ninguno;Ninguna
ninguno;Suele no tener mucho tiempo para atención alumnos
ninguno;docente muy aplicada, me siento conforme con su labor ejercido
ninguno;Buenas clases
ninguno;Muy profesional
ninguno;no hay sugerencia
alegria;En este taller de confidencialidad el profesor Félix  enseña muy bien y explica el objetivo al principio y final de cada clase, para que así los alumnos empiecen a practicar la confidencialidad que hay que tener en la carrera de psicología.
ninguno;Buena profesional
ninguno;el mejor profesor
ninguno;no estuve en su sección
ninguno;su metodología es buena no creo que se necesite cambios
ninguno;Más ejercicios en clases
alegria;Excelente profesor desde mi perspectiva deberia seguir ocupando el metodo de cierre de circulo ya que en lo personal me ayudo bastante a cerrar una etapa
ninguno;Continue con su metodologia de evaluacion
ninguno;nada que decir
alegria;Gracias por su ciencia y dedicación. Cómo crítica constructiva: si quiere que aprendamos revit, quizás la clase podría ser distinta.
ninguno;No he tenido clases con el
alegria;tiene una metodología de enseñanza muy buena y clara, simpatiza mucho con los estudiantes
ninguno;entrega un buen material de apoyo
ninguno;Ninguna
ninguno;Que no nos dé tanta materia para un mismo certamen
ninguno;Muy buen profesora
ninguno;maneja muy bien los contenidos de la asignatura, responde claramente las dudas
ninguno;un poco estricto pero explica bien la materia
ninguno;Que las clases sean más dinámicas
ninguno;Se agradece el interés de la profesora por el avance de cada uno de sus estudiantes.
ninguno;Conoce bastante su especialidad y transmite de buena manera las enseñanzas
ninguno;siga vivo
ninguno;m
ninguno;Excelente profesor, creaba un ambiente grato y tenia toda la disposición ante cualquier duda
ninguno;Que fue primero, el huevo o la gallina?
ninguno;no aplica
ninguno;la manera de explicar y como desarrolla sus clases es adecuada
ninguno;Quizá debería participar de las actividades junto con los alumnos.
ninguno;Ninguna
ninguno;Dar mas tiempo en los trabajos porque nos llena la semana de muchas cosas y no es la unica asignatura
ninguno;Buenas clases
ninguno;Muy buenas clases solo falta algo de practica
ninguno;no tenia clases con este profesor
ninguno;Centrar las clases más en explicar contenidos
ninguno;Las clases en aula se desarrollan de forma clara, atingente y logran aclarar las dudas respecto de la exposición, de esta manera permite que el estudio y aprendizaje sea más productivo.
ninguno;Buen buena la clase
alegria;Profesor con alto conocimiento de la asignatura y grato ambiente en sus clases, lo mejor son los laboratorios donde se exponen y enseñan los diferentes tipos de rocas y sus características.
alegria;Me gusta que realizara diferentes formas de evaluaciones
ninguno;ser mas comprensible con los alumnos
ninguno;bien
ninguno;Buen profesor, motiva a los estudiantes y genera un ambiente de confianza. Sin embargo la entrega de calificaciones es tardía.
ninguno;Ninguna
ninguno;Nada que decir
alegria;Muy buen profesor
alegria;Buenas enseñanzas y un muy buen profesor
alegria;Entregar a tiempo las notas para poder revisar con tiempo los certámenes.
ninguno;escuche opiniones sobre su ramo.
alegria;Un 7.0 el profe
enojo;Le falta desarrollar y profundizar las clases
ninguno;asd
alegria;Excelente docente, muy empática y responsable con sus alumnos. Maneja muy bien los contenidos
sorpresa;Domina muy bien la asignatura, pero falta más motivación y además que sea puntual en las clases
alegria;Genera dinamica de aprendizaje e interés por la materia
tristeza;Podría ser más amable
enojo;Ser más puntual con la entrega de calificaciones
sorpresa;Usar más material didactico
alegria;Buen profesor
ninguno;O
ninguno;jajaja
sorpresa;Hace falta un poco más de responsabilidad en lala llegada a clases
miedo;buen profesor, mejorar la comunicacion alumno profesor
miedo;Menos rigidez al momento de evaluar, si bien no deberíamos ser nuevos en el inglés pero algo menos de rigidez es bueno para los nuevos estudiantes.
alegria;Buen profe
alegria;Muy buen profesor, tiene mucha paciencia
alegria;Un excelente profesor, se da el tiempo para responder cada duda que tiene el alumno.
alegria;Súper buena profe
sorpresa;Sin comentarios
sorpresa;buen académico, solo falta hacer ejercicios que clarifiquen las ideas.
alegria;Exelente profesora
enojo;Debe mejorar
alegria;Excelente profesor, demuestra de muy buena manera su total manejo de los conocimientos que nos entrega y lo hace de la mejor manera.
enojo;criterio de evaluacion
ninguno;Sin comentarios
alegria;Buen profesor, explica claramente
sorpresa;enseñar mas programacion de diseño
ninguno;a
alegria;su método de enseñanza es muy efectivo
enojo;Qué los certámenes sean basados en lo que explica en clases, no de comprensión lectora.
alegria;Excelente profesor que proporciona un ambiente adecuado para ?el aprendizaje
alegria;buen profesor
enojo;no me gusto el ramo no lo entendi no aprendi nada
alegria;siga asi
enojo;organizar sus clases con anticipación y no en el momento
alegria;crea un buen ambiente en la sala y esta siempre dispuesto a ayudar
ninguno;sin comentarios
enojo;buen profesor, falta un poco de claridad en sus explicaciones
alegria;ejemplo a seguir
alegria;muy comprometida con el aprendizaje del estudiante
alegria;Profesor con experiencia y gran dominio del tema
ninguno;Ninguna.
alegria;muy buen profesor, nada que reprochar.
alegria;buen profesor
enojo;Falta puntualidad con la entrega de calificaciones.
enojo;Subir las notas a tiempo, no cuando finalice el semestre, hacer los certámenes de acuerdo a lo pasado en todas las clases anteriores y no basado en la última clase, donde enseña lo más difícil y el que entendio, entendió, el que no, jodio
alegria;me entretuve y aprendí mucho del ramo
alegria;buen profesor, muy preocupado por los estudiantes
alegria;muy buena profesora
alegria;Docente excelente, con grandes conocimientos y ademas vocacion por enseñar
alegria;excelente docente
tristeza;Entusiasmar mas a los estudiantes, pues muchas veces se vuelven aburridas las clases.
alegria;Excelente profesora, dedicada en su labor de enseñar .
ninguno;No tengo sugerencias
ninguno;ninguno
alegria;buen profesor
enojo;mas responsabilidad totalmente
ninguno;Sin Comentarios
alegria;Buen profesor
alegria;Muy buena profesora
sorpresa;Explica muy bien los contenidos, lo único que me hacia sentir incomoda era que las clases las terminaba el ayudante a veces.
ninguno;jij
alegria;Muy buen docente
enojo;Podria ser mas empatico con sus alumnos y entregar las notas en su respectivo plazo.
asco;es buena ondi usted
ninguno;No hay comentarios
ninguno;ewe2
alegria;es una clase activa y didactica
tristeza;Deberia cambiar su forma de evaluar
alegria;Profesor didáctico , con grandes conocimientos , sabe transmitirlos , y empático con sus alumnos ,  ami no me gusta economía , pero su manera de enseñar hace mas digerible el aprendizaje.
ninguno;sin sugerencias
alegria;Muy buen profesor!! aprendí mucho sobre uso de herramientas en el computador ademas de word, excel, ppt entre otras cosas muy amable y con mucha paciencia responde todas las dudas
alegria;Buena profe
ninguno;Otros
ninguno;No fue mi profesor
alegria;Buen profesor
alegria;Gran tutora
alegria;Buenas clases
alegria;El mejor profe del mundo
alegria;Buenas clases, ningñun problema
enojo;Mas actividades en sus clases, no enfocarsr solo en un tipo de material para explicar la materia sino que recurrir a otras opciones.
alegria;Muy buen profesor, nada que decir
ninguno;naaaada
ninguno;Si bien las clases, son en la mayoria de participación de los alumnos, y de cooaprendizaje entre los mismos, falta que la docente realice mas clases teoricas, ya que no todos los alumnos manejan el idioma ingles al mismo nivel.
alegria;Muy bien
alegria;las clases  son muy didácticas y participativas lo que promueven la confianza de grupo
ninguno;sin comentario
alegria;buen profesor
alegria;es bueno
sorpresa;podria hacer sus clases mas entretenidas, utilizar mas evaluaciones distintas, ya sea trabajos, etc y no solo certamenes.
alegria;muy buena profesora
alegria;Buen profesor
ninguno;Ninguna
alegria;Clases didáctica
sorpresa;Clases mas interactivas
alegria;El profesor es muy bacan, es seco para bailar. me encantaban sus clases.
alegria;Mejorar el tiempo de entrega de evaluaciones
sorpresa;Cercania con los estudiantes
enojo;mayor dedicación a la hora de entregar notas y revisar certámenes.
ninguno;Ninguna
alegria;se agradece el gran manejo del taller
alegria;Buen manejo de su área
ninguno;no aplica
alegria;buen profe
alegria;es el mejor profesor de la Castilla
alegria;tengo buenas recomendaciones, sin embargo, por temas personales no rendí el ramo.
alegria;Muy buena profesora
ninguno;Sin sugerencias
alegria;Buena disposición
alegria;Excelente docente
ninguno;a
enojo;le falta mas variedad a sus clases, que no sean tan monotonas
enojo;No hubo concenso en algunos temas con el otro profesor de ramo
alegria;excelente profesor.
alegria;buen manejo de la materia
alegria;Ojala siga manteniendo su buen trato y cercanía hacia los alumnos, ya que crea un ambiente muy amigable y da gusto asistir a sus clases, además de que desarrolla temas que son de gran interés de los estudiantes de diseño. Que sea Jefe de carrera otra vez!
ninguno;Sin comentarios
alegria;Es nuevo asi que no tengo mucho que decir
alegria;Buen profesor, pero en las evaluaciones consideró contenidos no revisados.
alegria;Profesor muy responsable y hace las clases muy gratas
enojo;Clases poco didacticas
ninguno;no hay sugerencias
tristeza;Muy buen profesor, pero muy poco empático
sorpresa;Realizar la clase de forma mas lenta
sorpresa;buen profesor, falta más dinámica, es muy pasivo
alegria;buen profesor
alegria;Buena profesora, responsable muy profesional
alegria;bastante didácticas las clases, se nota que maneja muy bien los temas a tratar.
enojo;sugiero que los contenidos se relacionen con nuestra carrera.
alegria;agradable profesor, simpático con los estudiantes
ninguno;ninguna
alegria;Evaluaciones con notas referenciales
alegria;muy buen profesor, sabe como enseñar.
enojo;puntualidad
enojo;mayor desarrollo de ejercicios propuestos
enojo;dar a respetar su postura como docente
ninguno;Ninguna
ninguno;no tengo sugerencias
tristeza;no posee oficina
alegria;tiene buena disposición al responder dudas
alegria;El tiempo para aplicar las evaluaciones era poco, en relación con el requerido para el desarrollo de este
alegria;El profesor desde un principio de la asignatura intentó que el curso fuera lo más ameno posible, intengrando tanto teoría como ejercicios prácticos que hicieron de la asignatura una instancia agradable.
enojo;habla como metralleta pero los power apañan :like:
enojo;Debe hablar más fuerte porque muchas veces no se escucha lo que dice
alegria;Ayuda con todas las consultas o preguntas a los alumnos
alegria;Buen docente, pendiente de las clases y siempre dispuesto a explicar
alegria;Excelente desempeño
alegria;Genera un ambiente de confianza e interes por la asignatura.
alegria;Genera un ambiente grato y de confianza
enojo;aumentar las salidas a terreno en clases
ninguno;ninguno
alegria;buen profe
alegria;buena profesora
alegria;Sus clases son muy importantes para futuros profesores, ya que nos demuestra y nos aconseja como va a ser en la vida escolar real y esto nos ayudará para en un futuro ser mejores profesionales.
ninguno;no sugerencias
alegria;Muy buena profesora
ninguno;L
alegria;Dedicado, atento.
alegria;Retroalimentación de certámenes
alegria;Excelente docente explica los contenidos de una forma práctica que ayuda al aprendizaje eficaz de la materia.
alegria;Buen dominio de la materia expuesta en clases, ademas de complementarse con fuentes pertinentes a la asignatura.
alegria;Aunque es una buena profesora, en los últimos días de clases hizo muy rápidamente todas las actividades junto a los trabajos perjudicándonos a algunos con las notas al adelantarse muy rápidamente sin explicar bien el último trabajo.
alegria;innovador, empatico
alegria;es un profesor que ama lo que enseña
enojo;Mejorar la puntualidad
enojo;Que si tiene algún inconveniente con algún personal de la UBB que lo conversen afuera del aula
alegria;Muchas gracias
alegria;Excelente profesora
alegria;Muy ben profesor, siempre da oportunidades cuando se tiene algùn problema
alegria;excelente profesor y mejor persona.
enojo;Me gustaría un poco más de disposición y simpatía a la hora de hablar o atender al estudiante.
ninguno;bhjvjgvhgv
alegria;Muy buen profesor siempre apoyando y dando los tips para estudiar
alegria;exelente profesor,un gran motivador
ninguno;Ninguno
ninguno;sin comentario
alegria;Muy buena profesora, explica la materia como corresponde en el tiempo correspondiente.
enojo;Debería probar con otros métodos de enseñanza
alegria;Es una clase muy practica en la que se logra comprender muy bien los contenidos
enojo;las clases deberían realizarse temprano para prestar mas atención a la asignatura
alegria;Buena profe
alegria;una profesora impecable
ninguno;ninguna
ninguno;no se
alegria;NADA QUE DECIR, EXCELENTE PROFESIONAL.
alegria;excelente profesora, nada que decir.
ninguno;sin comentarios
alegria;Buen dominó y manejo de las clases
enojo;la realización de sus certámenes contienen mucha información de memoria los cuales prefiero que sean mas de aplicación en casos clínicos.
alegria;Profesor dedicado a la materia que enseña
alegria;Buen profesional
alegria;Profesor que crea un ambiente de confianza y libertad entre alumnos.
enojo;Docente con buena disposición, organizada para la realización de clases. Se sugiere horarios establecidos para la corrección de certámenes en esta asignatura.
ninguno;sin comentarios
alegria;excelente profesora con gran disposición
alegria;clases muy entretenidas y completas
alegria;Muy buenas sus clases
ninguno;Profesor con muy buen manejo de contenidos.
enojo;mas plazo para proyecto
enojo;esta asignatura presenta muchos problemas a nivel de contenidos y organizacion de parte de  profesora Elsa Martinez
alegria;buen profesor
tristeza;podria hacer que los estudiantes participen mas en el desarrollo de ejercicios
enojo;Podría ser más flexible para modificar fecha en los test que sólo valen un 2,5% cada uno
alegria;las clases eran bastante entretenidas, por tanto teníamos mas motivación para seguir asistiendo
alegria;Clases muy llamativas y agradables. Excelente manejo del contenido
enojo;al momento de hacer retroalimentación o comentarios , que sea mas empático
enojo;Que de mas plazo para la ejecución de los trabajos
enojo;solo presentar las calificaciones a tiempo
alegria;buena docente, establece buena comunicacion con los alumnos
alegria;buena
enojo;haga clases didacticas
ninguno;buen profesor,
alegria;Optima docente que ayuda a enriquecer la entrega de conocimientos gracias a su experiencia
alegria;Docente que maneja el ramo.
sorpresa;no estoy segura si es mi profe de lab
alegria;El profesor siempre crea condiciones para generar el interés de todos los alumnos
alegria;Siempre dispuesto a ayudar
enojo;que explique mejor en clases, aveces no se le entiende nada de lo que él dice
ninguno;ninguno
alegria;excelente profesora, se demuestra interes de parte de la profesora para que los alumnos aprendan
alegria;buen profesor
alegria;buena clase
tristeza;Es un docente destacado por sus muchos conocimientos en su asignatura, pero le falta la parte didáctica en sus clases.
tristeza;Demuestra mucho dominio de la tematica pero algo monotono lo que produce un poco de desinteres a la larga
ninguno;Ninguna
sorpresa;buen profesor pero en los laboratorios pierde mucho tiempo conversando en vez de realizar bien las actividades
alegria;excelente profesora.
alegria;demuestra suu conocimiento y sus años de experiencia en clases
alegria;una de las mejores docentes con un criterio claro y explicación simples a contenido complejo.
alegria;Profesor enérgico y con muy buena disposición
alegria;Buen profesor
alegria;Excelente profesor
ninguno;ninguna
enojo;Excelente profesor. Solo falta dedicar mas tiempo a la revisión de certámenes que para mi es muy importante.
tristeza;Opino que la clase debería ser más didáctica ya que en algunas ocaciones llega a ser aburrida
sorpresa;Buena profesora, muy irresponsable.
enojo;- Realizar ejercicios en clase más complejos, ya que algunos son demasiados simples.- Entregar la pauta de las tareas u otra actividad realizada.
alegria;muy buen profesor
alegria;Buena profesora
ninguno;sin comentarios
ninguno;Sin comentarios
alegria;explica detalladamente lo que se realizará en el laboratorio para lograr un entendimiento y desarrollo completo
tristeza;Debe ser mas asertiva
alegria;Explica bien
ninguno;ninguna
alegria;Excelente docente
alegria;mantiene en clases un ambiente de respeto dando lugar a dudas y conversacion sobre los temas de clase. lo que me parece ayuda al aprendzaje
alegria;buen profesor
enojo;Que las clases sean didacticas
enojo;Buen profesor, falta un poco de responsabilidad para subir a la fecha las notas
ninguno;no aplica. No tuve clases con este docente
ninguno;Ninguna
enojo;es muy enojon XD
enojo;falta de puntualidad en horarios de clases
alegria;Muy creativa y amplio abanico de ideas en gastronomia
alegria;buen profesor y sus formas de enseñar la materia son muy buenas y constructivas
alegria;Profesor con buena disposicion para enseñar y con mucha preocupacion
alegria;Profesora muy clara al momento de explicar una idea o concepto.
enojo;Presenta buen dominio de la asignatura pero tarda demasiado en publicar las calificaciones, impidiendo la retroalimentación adecuada
alegria;BUEN PROFESOR
alegria;Excelente Profesora
alegria;excelente profesora
alegria;Puntual, organizado y coherente con los contenidos
alegria;sus clases son didácticas
alegria;Buena Docente
tristeza;sólo me hizo laboratorios y me gustaron casi todos excepto curaciones que creo que falto profundizar muchísimo
alegria;muy buen profesor al momento de enseñar
alegria;explica de forma clara y precisa los temas en trabajo
alegria;Es una gran profesora
ninguno;ninguna sugerencia
enojo;Como dije anteriormente, últimamente tuvo problemas con la puntualidad, pero en sí, es buena profesora.
alegria;Excelente profesora con buena disposición
alegria;Muy dedicada a la preparacion de las clases, muy comprometida con los alumnos
enojo;aprender el contenido y las unidades del ramo
alegria;excelente profesora
alegria;Excelente docente siempre dispuesta a ayudar y resolver dudas.
enojo;clases más didacticas
alegria;se destaca la buena disposición que tiene para atender a las distintas problemáticas  que se presentan dentro de la asignatura, dando con ello soluciones oportunas.
ninguno;No tengo clases con ella
enojo;Falta mas teoria
alegria;Buena docente
tristeza;Clases más dinámicas
ninguno;Ninguna sugerencia
ninguno;----
alegria;Buen dominio y conocimiento en la asignatura
enojo;Falga pra tica oara enseñar
enojo;pararse y leer los ppt en absolutamente todas las clases no considero que sea un buen manejo de sus temas a tratar en cada clase.
enojo;Que pase mas tiempo en las clases
alegria;Profesor buena onda, de preocupa por el aprendizaje
tristeza;Buen profesor solo falta mejor explicación de las actividades
enojo;realizar clases con mayor motivacion y dinamismo
alegria;son motivantes
tristeza;Clases aburridas y monótonas.
sorpresa;seca
alegria;Excelente docente explica muy bien y se preocupa de que cada uno aprenda
alegria;exelente
alegria;Excelente profesor, siempre atiende con buena disposicion, sus clases son didacticas por lo tanto capta mi atencion
ninguno;Ninguna
alegria;Bien
alegria;Buenas clases
alegria;Prfesor carismatico
alegria;todo ok
asco;debe mejorar las habilidades sociales
tristeza;En proceso de docente
alegria;Profesor con muy buena disposición para enseñar y responder consultas
alegria;excelente profesional
alegria;Profesor con gran experiencia en el ámbito clínico, con métodos de enseñanza que permiten aprender de un manera adecuada cada contenido propuesto.
alegria;Muy buena profesora, sus clases son agradables y favorece mucho el aprendizaje
alegria;buen docente
enojo;El profesor debería explicar como realizar cada actividad al inicio de la clase y además tener en cuenta  que no todos podemos enviar los trabajos  a la hora ya que algunos no tienen Internet o computador y aveces el tiempo no alcanza en la U.
alegria;Muy buen Profesor el cual su metodología de enseñanza es muy buena.
sorpresa;Valoro mucho la preocupación de la profesora para formar buenas educadoras de párvulos.
alegria;Se explica muy bien en clases.
alegria;buen profesor
alegria;Buena profesora nos hizo salir y trabajar con gente externa a la universidad, eso se agradece y motiva cada vez más
alegria;Excelente profesor
alegria;Motiva a los alumnos en su futuro laboral
alegria;Enseña claramente, las lecturas y lo enseñado en clases es muy consecuente.
alegria;Todo bien
ninguno;Sin comentarios
alegria;Buena metodología y disposición
enojo;falta un poco más de compromiso con las asistencias a clases
ninguno;no tengo
alegria;un gran profesor, impecable desempeño.
ninguno;Nada que sumar.
alegria;Me encantaban sus clases, me hacían pensar mucho en la forma en que se dan las cosas en las empresas, y la deficiencia que tenemos como país, y como podemos cambiarlo, así que no cambie su forma de enseñar, aprendí muchísimo
ninguno;sin comentario
tristeza;Falta motivar más a los alumnos por aprender la asignatura.
alegria;Excelente desempeño
ninguno;Responsable
sorpresa;Se deberia tener mas clases con el profe pablo, su metodologia de trabajo es interesante y es grato aprender con el, las clases no se hacen tediosas.
alegria;muy buena profesora
ninguno;No tengo comentarios
alegria;Buena profesora
tristeza;clases mas dinamicas, para mantener la concentracion de los alunmos, mas claro y mejorar las diapositivas
alegria;EXCELENTE profesora, la mejor de este primer semestre, un ejemplo de docente... muy preocupada por los estudiantes y muy comprometida con la asignatura
alegria;Excelente profesora y con mucha disponibilidad
ninguno;hola
ninguno;No hay sugerencias
ninguno;nada que sugerir
tristeza;Hacer clases mas didácticas y ludicas
alegria;Excelente profesora, demuestra dominio de todo tema tratado en clases.
enojo;por favor entregar las notas dentro de los plazos establecidos
ninguno;Ninguna
alegria;clases muy didácticas lo que ayudó a un mejor rendimiento
alegria;Perfecto
ninguno;Poco tiempo de clases con ella, no existe opinion formada.
alegria;Buen profesor
ninguno;.....
ninguno;ninguno
alegria;muy buena proefesora
alegria;Me gusta su manera de aprendizaje
ninguno;s
alegria;Buen profesor
alegria;Es un excelente Profesional, muy humano y comprometido con la salud de los pacientes.  Sólo siento que le falta pedagogía (falta simplificar lo expuesto, y organizar mejor la forma en que entrega la información)
alegria;excelente profesor
sorpresa;profesor comprometido con su trabajo
enojo;entregar una mejor retroalimentaciòn de los contenidos entregados en clases.
sorpresa;Es una asignatura esencial para lamformación del estudiante
ninguno;ninguna.
ninguno;No tengo sugerencias ni comentarios
alegria;muy buen profesor, excelente dominio del tema y de sus conocimientos
alegria;Un poco desordenado, pero excelente profesional.
alegria;Es un muy buen profesor y didáctico a la hora de enseñar, además crea un clima de confianza y respeto en la sala de clases.
ninguno;no tengo comentarios que hacer
enojo;Respetar la opinión de los demás.
alegria;Buena profesora
tristeza;Profesora con buen carisma dentro del aula. Entrega contenidos de la asignatura de forma clara pero aún así en mi caso hubo dificultad de comprensión
alegria;Buena docente
sorpresa;Muy intuitivo.
alegria;Buena docente clara al entregar los  contenidos
alegria;tiene buena disposición frente a cualquier problemática
enojo;le falta ser mas respetuoso
enojo;Organizar mejor el tiempo
ninguno;no tuve clases con este profesor
alegria;tela la estela
ninguno;Buen profesor, buen manejo de contenidos, en ocasiones poca claridad en la entrega, pero se entiende que es por la dificultad de la asignatura.
asco;podria ser mas imparcial en sus enseñanzas
tristeza;Clases fomes
tristeza;ramo botado
alegria;buena profesora
enojo;Profesor, intente controlar su sentido del humor o ironía cuando corrija proyectos, recuerde que hay personas mas sensibles que otras y se toman muy enserio su trabajo, sobre todo lo que usted les comenta sobre el. Muy buenas sus clases en el auditorio!
alegria;Buen profesor
ninguno;1
enojo;Tratar de avisar cuando llegara demasiado tarde a la clase
alegria;dispuesto a ayudar, atento
alegria;su ramo es muy util y explica de buena manera, tiene buena disposición
alegria;es buena tela el weñe!
alegria;es buena profesora adapta a la enfermería a la actualidad
alegria;Buen profesor
alegria;buen profesor
ninguno;ninguna
ninguno;ninguno
ninguno;La docente tiene buena disponibilidad para resolver dudas
ninguno;siga asi
ninguno;Profesora
ninguno;Buena organización ddel ramo
ninguno;Ninguna
enojo;green energy is bullshit
ninguno;Muy buen profesor
ninguno;nada que comentar
ninguno;Exclente docente. Preocupada de motivarnos como estudiantes y promueve a una mentalidad critica y objetiva.
ninguno;Ord nada mejor los tiempos, pues se hacen Muchas actividades
ninguno;excelente
ninguno;Cada vez que uno requiere resolver una duda y recurre a su oficina, no está o simplemente no quiere atender, siendo este su horario de atención a estudiantes .
ninguno;Organizar mejor los tiempos de la asignatura en general
ninguno;Buen profesor buen disposición
ninguno;redunda en detalles, cuando lo importante son otros aspectos.
ninguno;Puntualidad
ninguno;es buen profe hace artos ejemplos lo unico que demora mucho en entregar las notas de las evaluaciones
alegria;su versión de profesor malvado es divertida
alegria;EXPLICA BIEN, TIENE PACIENCIA Y BUENA DISPOSICION
ninguno;mas dinamico
ninguno;mejorar tono de voz
ninguno;ninguna
ninguno;Mas ejercicios en clases
ninguno;Buena profe
ninguno;ninguna sugerencia
ninguno;Bien
ninguno;Creo que falta un poco de organización en sus clases. A veces, se va por las ramas, olvidando la importancia de las ideas y contenidos principales de su asignatura. Además, no se sabe si está hablando o dictando y cambia de tema a cada rato en sus clases.
ninguno;exelente profesor
ninguno;Mejorar la manera en que expone los contenidos correspondientes a la asignatura ya que en muchas ocasionas las clases se hacían aburridas y monotonas.
ninguno;Demasiada demora en la entrega de notas, sobretodo las últimas que son las más importantes.
ninguno;No es mi caso, pero algunos compañeros dicen que se sienten desdeñados o insultados de forma pasivo-agresiva durante su clase.
ninguno;Excelente academico
ninguno;Entrega la información de forma muy clara y precisa, además de buena disposición para consultas fuera del horario de clases
ninguno;Realiza bien las clases
ninguno;0
ninguno;más entendimiento
ninguno;me hizo como 4 o 5 clases
ninguno;Contenidos bien explicados
tristeza;:(
ninguno;Excelente profesor con gran conocimiento en la materia.
ninguno;Me gustaron sus clases
ninguno;buen profesor
ninguno;Me gusta como realiza sus clases
ninguno;excelente docente, gran manejo del tema
alegria;bien profe siga así.
ninguno;Las clases centradas netamente en lo expositivo tienden a ser menos efectivas, agregar dinamismo y motivación a la participación activa de los estudiantes es algo que personalmente suele motivarme
ninguno;Se le pidió pauta de evaluación de un certamen y respondió con fotos de una hoja que decía ejercicio realizado en clases, siendo que no fue el mismo ejercicio, solo parecido
ninguno;falta que realice ejemplos o casos mas complejos ya que siempre realiza casos basicos. el ramo es demasiado idealizado y falta aterrizarlo a la realidad, aplicando normas (nch). la planificacion del curso debe integrar la realizacion de casos reales
ninguno;Falta dominio de tema
ninguno;No era de su sección
ninguno;Buen docente, comprometido con que sus estudiantes comprendan la materia
ninguno;Buena forma de hacer el ramo ya que se evaluaba la compresion de la materia y no la memorizacion de ella.
ninguno;buen profe
ninguno;Buen Jefe de carrera
ninguno;La asignatura me pareció muy interesante e importante, ya que nos prepara para estar preparados cuando nos toque interactuar con niños con capacidades diferentes.
ninguno;Se sugiere la visita al centro de practica y contacto regular con supervisora en terreno
ninguno;no me hizo clases
ninguno;No hay comentarios
ninguno;sin sugerencias
ninguno;buena miss
enojo;Estoy molesta por que en la cuesta de presenta la profesora corvalan siendo que en clases estaba el profesor Rodolfo que siempre evaluó nuestros trabajos, mi queja es por que evaluaba el profesorado Rodolfo si la clase lo hacia la profesora corvalan .
ninguno;preguntas de test de entrada no tan especificas
ninguno;Tiene bien sentido del humor como para ser profesor de física.
ninguno;Explica bien el contenido
ninguno;no tengo sugerencias, ni comentarios
ninguno;buena profesora
ninguno;A veces iba muy rápido cuando explicaba la materia, igualmente muy buen profesor.
ninguno;excelente profesor
ninguno;enseñanza adecuada y fácil de comprender, faltan mas horas para desarrollar bien los prácticos
ninguno;no me hiso clases me tocaba con pamela chavarría la cual es muy buena profesora
ninguno;Hacer más ejemplos
ninguno;No hay sugerencias, las clases son excelentes.
ninguno;una profesora muy exigente y comprometida con su asignatura
ninguno;Buen docente
ninguno;ñmhk
ninguno;defgh
ninguno;limitarse a los objetivos de la clase, (definirlos)
ninguno;Excelente disponibilidad con sus alumnos, escucha y comprende las diversas situaciones que se le planteen.
ninguno;enfatizar mas
ninguno;Buena profesora, con buena disposición para aclarar dudas
ninguno;Domina los contenidos. El aprendizaje no se logra hablando la hora (cada sagundo) completa de clases.
ninguno;Utiliza diversos mecanismos para explicar
ninguno;bien
ninguno;no me hizo clases
ninguno;Enseña de buena manera
ninguno;Docente generalmente muy clara en sus explicaciones
ninguno;sin comentarios
ninguno;esperamos que haga ingles IV el próximo semestre, ya que por lo que dicen mis otros compañeros respecto a la otro profesora que dicta la asignatura, no aprendieron nada durante todo el semestre, solo se dedicaban a realizar las nubes de la plataforma
ninguno;buenas clases, prácticas
ninguno;La clase estaba interesante
ninguno;Muy buen profesor de practica
ninguno;No debería hacer los certámenes tan extensos
ninguno;entrega buen clima en la realizacion de clase
ninguno;hacer las clases mas rapidas
ninguno;encuentro muy bueno su modo de enseñanza
ninguno;Excelente profesor, demuestra que sabe el contenido.
alegria;Me parecen muy entretenidas sus clases,ya que es un ambiente agradable.
ninguno;excelente
ninguno;Profesor dinámico
ninguno;Buenas clases profesor
ninguno;No fui a su clase :(
ninguno;dsaf
ninguno;excelente docente, tiene dominio de la materia y la trasmite con amor
ninguno;Excelente docente que genera un espacio para cada estudiante dando a conocer su conocimiento,.
ninguno;grf lo mejor
ninguno;buen profesor
ninguno;Buena profesora, explica los contenidos de buena forma
ninguno;es una persona muy preparada, comprometida
ninguno;buena onda
ninguno;Sin sugerencia
ninguno;Buen manejo de contenidos, exelente disposicion para responder dudas en clases, no asi fuera del horario de ellas.
ninguno;Tiene gran conocimiento de lo que enseña
ninguno;Hshdhd
ninguno;Buen profesor
ninguno;le falta mas motivación
ninguno;No profundizar tanto en la introducción de la asignatura, y comenzar de manera mas directa con esta pues es bastante.
ninguno;Sin  comentarios
ninguno;excelente profesora
ninguno;todo bien
ninguno;No es mi profesor supervisor
ninguno;Falta que sus clases sean mas dinámicas
ninguno;No puedo entregar ninguna
ninguno;Calidad de docente, sus clases son un agrado de asistir porque se nota que le gusta lo que hace y enseña de la forma más clara hasta que todos los alumnos comprendan.
ninguno;Buena profesora
ninguno;Agregar juegos relacionados con la materia para hacer la clase más dinámica
ninguno;me gustaban sus clases
ninguno;más actitud frente a los alumnos.
ninguno;El profesor no genera un lazo con los estudiantes en el sentido de preguntar consultas en clases dado que si el considera que la pegunta es tonta responde de mala forma y a veces insultando a los alumnos.
ninguno;No refiere
ninguno;profesora interesada en la asignatura, motivando a los alumnos
ninguno;excelente profesor, pero se demora mucho en subir las notas.
ninguno;no conozco a la docente
ninguno;Nada que agregar
ninguno;Debería ponerle un poco más de dificultad a los test
ninguno;Excelente disposición con sus estudiantes.
ninguno;muy claro al explicar una materia difícil de entender
ninguno;Ninguna
ninguno;bien
ninguno;Establecer un programa para cada opción de evaluación dentro del curso
ninguno;profesor con muy buena disposición en clases y en sus consultas
ninguno;Mejor organizacion en las mesas redondas.
ninguno;debe ser mas estricto
ninguno;Le falta manejar más los contenidos y motivar a sus alumnos
ninguno;excelente profesor
ninguno;realizar actividades ligeramente más didácticas ayudaría a mantener la atención de la clase
ninguno;muy buen profesor
ninguno;muy puntual
ninguno;excelentes clases
ninguno;Encuentro interesante la forma de enseñanza del profesor
ninguno;Creo que la realización de sus clases fueron muy efectiva, al igual que los prácticos.
ninguno;la mejor profe de inglés de todas
ninguno;simpatico
ninguno;Buena onda
ninguno;Ninguno
ninguno;el profesor realiza la clase, pero no asegura el entendimiento de la materia al cien porciento
ninguno;Hacer mas presencia con los estudiantes, pero aun asi al momento de solicitarlo tiene muy buena disposicion.
ninguno;Nada.
ninguno;buen profesor
ninguno;Buen profesor, tiene toda la disposición para enseñar, se nota su grado de academico
ninguno;ok
ninguno;No se quien es
ninguno;le falta actualización de contenidos y métodos de enseñanza
ninguno;Excelente clase
ninguno;Mas comunicación con los alumnos
ninguno;bien
ninguno;ninguno
ninguno;Siempre dispuesto a ayudar y responder consultas.
ninguno;Buen profesor
ninguno;Se sugiere no pasar la materia de forma tan acelerada
ninguno;Excelente Docente, comprometido con sus estudiantes y preocupado de las situaciones que suceden con ellos.
ninguno;No curse este ramo porque hubo una equivocacion al tomarlo
ninguno;buen profe
ninguno;Excelente docente, siempre con la disposición de enseñar hasta fuera del horario de clases, muy comprometido con que sus alumnos aprendan todo y más.
ninguno;no lo conosco
ninguno;Mejores ppt
ninguno;Podría revisar a tiempo los certámenes
ninguno;Muy buen profesional
ninguno;la primera metodologia que uso en el curso era la mejor
ninguno;el profesor debiera hacer un mejor uso del pizarron (mas ordenado), mejorar su letra y apoyarse con diapositivas que resuman el contenido.
ninguno;buen docente
ninguno;No le interesa enseñar
ninguno;Exponer de forma más clara las instrucciones  de los trabajos a realizar
ninguno;excelente docente, excelente asignatura
ninguno;excelente profesor
ninguno;que no se enoje tan rapido
ninguno;Sin sugerencias
ninguno;The best
alegria;Atenta, cariñosa y exigente. Le amo<3
ninguno;el profesor deberia ser mas dinamico, lamentablemente su forma de enseñar no logra captar la atencion de los estudiantes
ninguno;Mas horas de práctica.
ninguno;la forma de enseñar es buena, pero en la forma de evaluar debería mejorar.
tristeza;jamas tuve clases con la profesora Cristina, que mala organización de sus paginas web por parte de la UBB, que triste
ninguno;Muy buen profesor, enseña los contenidos de forma clara y precisa, entrega las notas en los plazos establecidos, lo que si, al subir las notas debería ser por intranet y no por correo, ya que siento que al subirlas al correo se vulnera la privacidad.
ninguno;Buen profesor, aunque le hace falta ser mas creativo al momento de realizar sus clases para que los alumnos no se aburran y al momento de realizar las preguntas de dudas que sea mas amplio en sus respuestas no lo que el espera que entendamos
ninguno;buena metodologia
ninguno;Profesor con pensamiento crítico desarrollado, pero muy disperso.
ninguno;Excelente docente.
alegria;Buena profesora
ninguno;ningunoa
alegria;bueno
alegria;Buen profesor, materia explicada de forma correcta y fácil de entender.
ninguno;no saque las cosas de la tablet  es aburrido
alegria;divertida espontanea y demuestra felicidad
alegria;Buena profesora
alegria;buena profesora, clara en sus explicaciones,puntual con entrega de notas
alegria;el mejor meteorólogo del mundo
alegria;buen profesor
ninguno;muy buenas clases, pero no es muy abierto en el debate de temas tan subjetivos como la ética en las evaluaciones
ninguno;Me gustaria que en clases se realizaran mas temaricas psicologicas como test de personalidad y esas cosas.
alegria;Excelente trabajo
ninguno;seguir con la metodologia
ninguno;buen profesor, debería explicar ejercicios el mismo nivel de dificultad que aparecen en el examen en clases
enojo;Muy didácticas las clases para entender mejor, pero debería entregar las notas en el plazo correspondiente
ninguno;Demuestra alto dominio del tema, las clases son didacticas, explica muy bien la materia. Buena disposicion ante dudas y consultas, ya sea en su oficina como en clases. Bastante exigente a la hora de evaluar.
tristeza;sus métodos no motivan
enojo;"Sabe bastante y por ello explica bien y detallada la materia; sin embargo, sus certámenes son imposibles, la cantidad de alumnos que logran obtener una nota azul en un certamen es muy baja y los que aprueban el ramo es gracias al laboratorio"
enojo;muy poco didactico, cerrado
ninguno;contenidos necesarios dentro de la carrera
enojo;Dedicarse a realizar su clases y no distraerse con compañeros que no tienen intereses en ella
alegria;Todo bien
alegria;Buen profesor
ninguno;Explica contenidos claramente, pero falta apoyo más didáctico para la concentración de los alumnos
enojo;Es una profesora muy desorganizada, no llega a la hora a las clases, no tiene una pauta de evaluación con el que nos podamos guiar del porque nos sacamos tal nota, no explica bien los trabajos que tenemos que realizas y se contradice con lo escrito en moo
alegria;Dispuesto a enseñar siempre, explicar nuevamente.
ninguno;No tuve clases con el profesor
alegria;Excelente metodologia de enseñanza
alegria;excelente profesora
alegria;un muy buen profesor
ninguno;Regular
enojo;Le falta saber enseñar
enojo;Debería asegurarse de que los contenidos sean aprendidos, no memorizados.
enojo;disminuir la cantidad de informes durante el semestre
alegria;excelente profesora.
ninguno;no me hiso clases
alegria;Muy buen profesor
alegria;Buen profesor
alegria;Buen profesor
tristeza;la profesora domina el tema pero su método de enseñar podría ser mas didáctico.
enojo;Mal dominio de la materia. No explica bien. Poca empatía con sus alumnos.
ninguno;No hay sugerencias
ninguno;El profesor debería entregar notas y evaluaciones a tiempo y a medida que avanza el semestre, al contrario de hacer esto, el profesor entrega solo dos notas a final de semestre, impidiéndonos llevar un seguimiento de estas.
ninguno;ninguna
enojo;Como sugerencia podría decir que quizás debería trabajar en otra cosa y no como profesora, para ser profesora de calidad en una universidad tan prestigiosa, primero debe asistir a clases, mostrar algo de compromiso y pasión por su trabajo. Una verguenza
ninguno;Ninguna sugerencia
alegria;las clases son entretenidas
alegria;muy buen docente y profesional
ninguno;asista
enojo;debería ser más puntual
ninguno;nad
alegria;Se maneja muy bien en su área
alegria;el mejor profe de calculo
alegria;Muy buen profesor
alegria;Excelente profesor
enojo;Hace demaciadas evaluaciones innesesarias, y sus certamenes son muy extensos
alegria;clases teoricas y practicas motivadoras
ninguno;tiene mucho conocimiento, pero al enseñar se complica mucho.
alegria;excelente profesor
alegria;la importancia de que nosotros sus alumnos aprendamos o mejorar nuestras notas es nula, no le importa si nos va bien o mal, cero motivación, además siempre estuvo dependiendo del  profesor de la otra sección al momento de evaluar o tomar alguna decisión
enojo;Encuentro que se equivoca en el desarrollo de los ejercicios
alegria;Profesor que maneja lo que enseña
enojo;Que aprenda a explicar
alegria;buen profesor
ninguno;a la altura
alegria;genera un buen ambiente para realizar las clases
ninguno;dadssad
alegria;muy buena disposición y metodología de  enseñanza
ninguno;Buen profesor,el horario que tenia no acomodaba a nosotros
alegria;Excelente profesor, sus clases son muy interesantes, logra captar la atención de los estudiantes.
enojo;Revisar mas su gmail
alegria;me gusta su forma de explicar, a demás sus certámenes concuerdan muy bien con los ejercicios realizados en clases.
alegria;un profesor jugado por los alumnos
enojo;Falta más responsabilidad como docente
alegria;No tengo ninguna sugerencia para dar, es una excelente profesora.
alegria;buena metodología de enseñanza
enojo;por mi parte no le podría llamar profesor.no sabe hacer clases.sus pautas de años anteriores estaban malas.no respeta el plazo de entrega de notas.
alegria;muy buena profesora , buena disposicion
alegria;buena profesora
ninguno;Ninguno
enojo;señor desagradable que le gusta humillar a sus alumnos
enojo;buen profesor, pero debería cambiar  la actitud de no dar permiso para salir al baño a los alumnos.
ninguno;bien
ninguno;La cercanía o lo que proyecta hacia el alumno, suele hacer que este sienta rechazo tanto hacia la docente como la asignatura
enojo;falta mas horas teoricas en algunas asignaturas , por lo que los alumnos al momento de la practica quedan al debe
enojo;complementar la asignatura con uso de software
alegria;Excelente profesor, muy humano
ninguno;dtfyiguon
ninguno;0
ninguno;jfvhkdf
alegria;Las clases son muy buenas y motivan al alumno a poner atencion
ninguno;Sin comentarios ni sugerencias
ninguno;un poco mas de material de apoyo
alegria;muy buen profesor.
alegria;Gran docente
ninguno;bien
ninguno;dar espacios de recreo (5-10 min) en la clase mas larga
ninguno;Mejorar su comunicación
ninguno;nunca lo conocí
alegria;excelente docente, apoya a estudiantes, comprende sus situaciones y avanza según sus capacidades
ninguno;Entregar notas con mayor antelación
ninguno;holy
alegria;es un gran profesor, que inspira al estudio de la asignatura
enojo;responder prontamente los correos de los alumnos, enviar las notas cuando se le pida y subir las notas a tiempo.
alegria;el profe es perfecto
alegria;En general sus clases son interesantes y buenas
ninguno;A modo de sugerencia, debería tener una pauta o rúbrica con puntajes a la hora de evaluar cada una de las actividades.
alegria;En líneas generales, un buen profesor. conocimientos sólidos, explica de la manera más simple. además de entregar un material de buena calidad para preparar las evaluaciones.
ninguno;nada que decir
enojo;Poco empático con los alumnos
ninguno;seco
alegria;Excelente profesor que promueve un clima de aprendizaje agradable y grato.
alegria;Excelente profesora de historia, sus clases son muy interesantes
alegria;Buen método de enseñanza
ninguno;muy bien
ninguno;Tener horario de consultas
alegria;buena profesora
ninguno;Nada que agregar, ya que fue una asignatura eventual por el censo
alegria;Se nota planificación de cada clase y mucha responsabilidad a la hora de entregar notas y trabajos. Un ejemplo de docente.
ninguno;Conoce el tema
ninguno;Debería facilitarnos las clases o subirlas a la plataforma
alegria;Buena disposición para atender alumnos.
ninguno;Muy bien
enojo;que realice en pizarra mas ejercicios con los cuales se pueda ver como proceder en cada ejercicio.
alegria;buena profesora
tristeza;quizas un poco mas de compromiso
ninguno;Hablar más lento
alegria;Profesor destacado y comprometido con el aprendizaje de sus alumnos, nada que decir
ninguno;No me hace clases
ninguno;Los jitts no sirven
enojo;tener otra metodología de enseñanza
enojo;Algunas cosas en esta asignatura las encontré sin mucha importancia y no llamaron el interés mio ni el de algunos de mis compañeros, se sugiere hacer un cambio en este curso y que sea más enfocado a herramientas como excel entre otras que actualmente se n
alegria;Excelente profesor, mucho manejo en el ramo
alegria;Es seca profe, siga así, cada  clase lograba que me enamorara aun mas de la psicología
ninguno;profesor técnico y conciso
ninguno;Falta interacción en sus clases
alegria;Muy grata experiencia haber realizado una feria de la salud (aún tengo muy claro lo que me correspondió exponer ese día)
ninguno;Buena profesora, lo único fue que hubo una mala organización con su par que trabajaba con la otra sección para llevar a cabo las actividades iniciales de la asignatura.
ninguno;Todo buen
alegria;Buen docente
alegria;buen ambiente dentro de la clase, es agradable asistir a ellas.
alegria;buena asignatura
enojo;evaluaciones correspondiente con el tiempo acordado, ya que son muy extensos y dudo que hasta el mismo profesor los termine.
alegria;Muy buen profesor
alegria;profesora con un amplio dominio de la asignatura Economia , explicando claramente cada detalle
alegria;Excelente profesor
alegria;Buen docente
ninguno;las clases fueron muy pocas como para dar una opinión concreta sobre como enseña el docente
ninguno;N sugerencia
alegria;es excelente en lo que se refiere a su asignatura
alegria;Excelente docente. utiliza múltiples recursos para que el contenido sea aprendido en totalidad, no solo refuerza lo académico sino los valores como futuros profesionales, alto dominio de los contenidos, entrega recursos que facilitan el estudio.
alegria;Buen profesional.
alegria;Muy buena profesora, y lo que enseña se entiende con mucha claridad
alegria;Didáctico al enseñar
alegria;gran profesora dispuesta a ayudar, enseñar mucho mas allá que otros docentes
alegria;La profesora utiliza una buena metodología de enseñanza, sus clases son muy didácticas.
enojo;No inicia las clases a la hora puntual y es exigente con la puntualidad de los alumnos, esto no genera interés por la clase a pesar de que es una asignatura con contenidos interesantes
alegria;Me gusto la forma de explicación de la materia
alegria;buen profe
ninguno;solo falta un poco mas de caracter
ninguno;un poco serio.
ninguno;Ninguna
alegria;Excelente profesor
ninguno;Sería interesante presentar aplicaciones de los contenidos teóricos a los espacios terapeuticos reales. Algo como exponer relatos de experiencias en donde determinados conocimientos fueron fundamentales.
ninguno;Buen profesor, sugiero mas coordinación con la profesora jefe de la asignatura.
enojo;Buena profesora pero necesitamos guías para reforzar lo visto en clases
ninguno;no tengo sugerencias
alegria;Muy buena profesora, con buena disposición.
ninguno;La asignatura es esencial para lamformación del estudiante
enojo;Más volumen en la voz
ninguno;Sin sugerencias
alegria;muy agradable para debatir
ninguno;Muy estricto a la hora de corregir los informes.
enojo;buen docente, pero un poco llevado a sus ideas
alegria;Es muy cercano con sus alumnos y muy buen profesor.
alegria;Excelente profesora.
ninguno;no hay comentarios
alegria;muy buen profesor
ninguno;no curse la asignatura con el profesor
enojo;Evaluaciones rebuscadas y desmedidas comparado con el contenido visto en clases.
enojo;Se demora mucho en subir las notas.
enojo;Mas dinamica en clases, para que estas no sean tan lineales
alegria;excelente profesor
enojo;Debe mejorar temperamento. Debería habilitar mas problemas resueltos con la dificultad con que él evalua para prepararse de mejor manera (via Adecca)
alegria;muy buena profesora
ninguno;Elegir una sala mas amplia para las clases
alegria;the best
ninguno;Profesor muy metódico
enojo;Debería entregar guías de ejercicios
alegria;Buena profesora, sus clases son agradables.
alegria;un excelente profesor, maneja a la perfección los contenidos del ramo que imparte.
enojo;que se preocupe de ser un buen docente y sea menos arrogante
alegria;Buen profesor, explica bien los contenidos, y se asegura de que los alumnos entiendan
ninguno;sin sugerencias
enojo;Sugerencia: El horario de la asignatura no sea el mismo día que Taller.
alegria;Agradecer su paciencia, cuando no se entendía algún contenido y por su pronta respuesta
alegria;maneja muy bien el idioma y sabe enseñar a los alumnos
enojo;metodo de enseñanza no es muy efectivo
alegria;excelente profesional
alegria;MUY BIEN HECHA LA CLASE
ninguno;No era mi profesora
ninguno;No tengo sugerencias
alegria;xd
alegria;Exclenete profesora, hace falta una geografa con aquellas caracteristicas en nuestra universidad y en nuestra carrera, genera empatia, simpatia y un ambiente grato a diferencia de distintos profesores del area geografica.
enojo;sin comentarios
ninguno;Nada que sugerir, las clases son completas y bien explicadas.
alegria;como sugerencia debería establecer y promover horarios para consultas
sorpresa;Buen profesor, genera confianza en el grupo.
enojo;Debería entregar mas rapido las notas de los cértamenes, y realizar de mejor manera la corrección de éstos
sorpresa;Realiza rutinas de ejercicios un poco exigentes o inadecuadas para el nivel de los estudiantes.
alegria;Muy dedicado a su trabajo.
enojo;ser mas didactico
ninguno;Mas tiempo para los certámenes.
alegria;excelente profesora trata todos los puntos a evaluar paso a paso
sorpresa;buen profesor. conocedor del tema
alegria;¡Siga así!
ninguno;Asignatura bien desarrollada
sorpresa;buen profesor
alegria;excelente dominio de contenidos
ninguno;mas estrategias didacticas
ninguno;En general siempre tuvo la disposición para responder dudas
ninguno;buen profesor
alegria;Muy buena maestra, se toma el tiempo para explicar de muy buena manera.
alegria;Profesor amable con sus alumnos, lo que agradaba asistir a sus clases
sorpresa;Buen profesor
alegria;Excelente taller, ayuda mucho, excelente metodologia de clases
enojo;su método de evaluación es malisimo, no tiene nada que ver respecto a guías propuestas o ejercicio en clase, el nivel de exigencia y de contenido de las evaluaciones supera con crece lo visto en clase.
enojo;Mucha utilización de guías , mucha perdida de clases
sorpresa;Escasa retroalimentación después fe una evaluación.
alegria;Excelente, todo claro <3
enojo;El profesor puchi debería pasar TODA la materia antes del certamen
sorpresa;buena profe
ninguno;Mostrar mayor autoridad en la sala de clases
sorpresa;el profesor no es consistente en sus respuestas sobre contenidos estudiados, dando distintas respuestas a los estudiantes para una misma pregunta. en las evaluaciones considera una definicion erronea aunque esta este definida en el libro, entre otros.
sorpresa;Buena profesora
alegria;Buena profesora y da la confianza para consultar las dudas.
ninguno;Realizar más inglés gramatical para tener un mejor manejo de vocabulario
sorpresa;pedir un poco de asistencia a sus alumnos ya que creo que esa es la causa de las tan bajas notas en todos los ramos
alegria;bueno
alegria;Realiza bien sus clases
ninguno;no tuve clases con ella
alegria;Buen profesor
alegria;excelente profesora
ninguno;Ninguna sugerencia
alegria;Enseña bien
alegria;buen profesor
alegria;Explica bien la materia
ninguno;Ninguna
sorpresa;Dominador de la materia nada que decir pero yo no le entiendo nada al igual que otros compañeros , como critica constructiva que los ejercicios lo haga paso a paso ya que algunos quedamos con duda cuando se saltaba pasos.
sorpresa;Ninguna sugerencia.
ninguno;Bien
alegria;sus clases son muy productivas
ninguno;Me parece muy pertinente para la asignatura la evaluación mediante el proyecto de investigación, incluso yo aumentaría el porcentaje del poryecto a un 35%
enojo;no maneja conocimientos
alegria;Buena docente
alegria;Me encanta
alegria;Buena profesora
ninguno;un buen docente, aunque siento que a veces es un tanto llevado a sus ideas, lo que no me parece mal, pero si es un tanto subjetivo.
alegria;Muy clara al momento de enseñar.
alegria;sus clases son dinamicas, entretenidas y facil de comprender
alegria;profesor cumple objetivos
ninguno;n
alegria;Una clase más didáctica y evaluaciones con un nivel parecido a los ejercicios que entrega y enseña
alegria;muy bien
sorpresa;más compromiso
sorpresa;Se agradece la confianza que emplea con sus alumnos
ninguno;No aplica
alegria;Excelente docente
ninguno;muy expresiva
enojo;suspende las clases sin aviso previo
sorpresa;deberia contar con mayor tiempo para los estudiantes
sorpresa;Muy buen profesor, explica claramente los objetivos y contenidos, no se me ocurre una sugerencia por el momento
alegria;muy buen profesor
sorpresa;Hace clases entretenidas y mantiene viva la atención del estudiantee.
alegria;jajaja
alegria;Excelente.
alegria;bien aunque falta mas explicacion del tema y que no quiten tan rapido la informacion
sorpresa;El profesor domina muy bien sus conocimientos, se le entiende la materia y es dinamico en sus clases
sorpresa;Muy buen curso.
alegria;es un buen profesor esta todo bien
enojo;Es demasiado parcial para las reglas que da en el laboratorio, pareciera ser que facilita las cosas para algunos compañeros, es muy evidente.
alegria;buen profesor
alegria;Muy buen docente, buena confianza con alumnos
ninguno;Fue una clase nomás, nada que decir.
sorpresa;excelente profesora, comprensiva y con mucha energia y ayuda a sus alumnas
sorpresa;una buena profesora
sorpresa;Comenzar las clases en la hora indicada
ninguno;Preparar y realizar las clases
sorpresa;siga así
sorpresa;Contestar las preguntas en clases
sorpresa;clases muy didácticas y entretenidas de ver
alegria;Buena profesora, siempre dispuesta a ayudarnos en todo lo posible para que termináramos este ramo.
alegria;hacer todas las clases frente a un computador para un mejor desempeño de los alumnos
sorpresa;La profesora maneja la clase correctamente
alegria;Buen profe
tristeza;La profesora debería tener mejores ayudantes.
ninguno;A.
ninguno;ninguna
alegria;Excelente docente, muy buen profesor, conocimiento y dominio total del tema el cual enseña
enojo;Planificar un poco más las clases
tristeza;mas participacion de los alumnos le falta incluirlos en las clases
alegria;muy buen profesor
sorpresa;muy comprometido
alegria;Profesor que esta siempre dispuesto a ayudar a los alumnos.
ninguno;No tengo criticas, es una profesora muy objetiva en su trabajo.
alegria;Muy buen profesor, dedicado y responsable, con notas, evaluaciones, etc. Clases didácticas y da la opción de aclarar todas las dudas.
alegria;Profesor comprometido con su asignatura.
sorpresa;Enseño super bien la materia.
tristeza;No lograba transmitir todos sus conocimientos, pero igual aprendí.
sorpresa;Clases mas didácticas
alegria;sus clases didácticas fueron las que me apoyaron para poder aprender aun mas.
enojo;al ser los certámenes muy extensos, el tiempo en el cual se revisaban fue mayor a lo establecido por reglamento
enojo;Na
sorpresa;Buena profesora y colaboradora para el aprendizaje para cada alumno.
enojo;muy enrredado
alegria;EXCELENTE DOCENTE
ninguno;Tener mejor relación entre profesor y alumno.
alegria;Es una buena profesora, con muy buena disposición para que el alumno aprenda.
ninguno;good
ninguno;G
sorpresa;usa buen material, pero lamento decir que no mostraba mucho dominio sobre la materia
ninguno;bueno
sorpresa;siempre me gusto asistir a sus clases, por el motivo de que el porfesor sabia llevar bien sus clases y con esto hacia que el estudiantado pudiera estudiar con mas ganas su materia.
sorpresa;Sería positivo tener un mayor orden en el desarrollo de ejemplos
ninguno;------
enojo;Sin comentarios.
tristeza;El método de aprendizaje debería ser más didáctico para hacer las clases más entretenidas
enojo;no presenta la mejor disposicion para resolver dudas y explicar nuevamente
ninguno;los practicos son los que dejan
enojo;Mejorar exposicion de clases
sorpresa;la profesora estaba abierta a escuchar y aclarar todas las dudas que surgían en clases
sorpresa;Excelente profesor, buena didactica para realizar las clases
alegria;muy buena dispocion para orientar alumnos y solucionar problematicas de los laboratorios
alegria;Explica super bien los contenidos, didáctico, carismático...seco el profe
alegria;Súper
sorpresa;Explicación claray comprensible
sorpresa;Es un poco enredado para enseñar
tristeza;los horarios podrían ser más tempranos
enojo;profesor que no cumple con horarios establecidos por la institucion.
sorpresa;Desarrolla la clase con dominio de los temas pero, a veces no es totalmente clara a la hora de explicar consultas realizadas por alumnos.
ninguno;No me hizo clases
alegria;Excelente disponibilidad para atender a los estudiantes
ninguno;favor Ser mas flexible con la asistencia a las catedras
alegria;excelente profesor
sorpresa;buena disposición para enseñar
sorpresa;Explica bien a pesar de la complejidad de la asignatura
tristeza;crear un ambiente de trabajo mas agradable y menos autoritario, renovar material como guias ya que para aquellos que repiten el ramo no es una retroalimentacion, mas bien es un aprendizaje estructurado en el paso a paso de como resolver un ejercicio
alegria;El mejor profe de inglés q he tenido
enojo;Nada que decir.
alegria;Conoce el contenido y explica de manera clara
sorpresa;excelente profesora, pero deberia respetar los plazos para la entrega de notas de las evaluaciones
sorpresa;Que se expliquen mas a fondo los contenidos.
tristeza;clase mas dinamica
alegria;Profesor comprometido con su asignatura
sorpresa;Considero que en ocaciones le hace falta mas empatia con los estudiantes. Tambien considero que es imparcial para evaluar y tratar a los alumnos.
sorpresa;falta mas seriedad y real demostracion de lo que se esta enseñando
ninguno;Que no haga más certámenes orales!!
sorpresa;buena profesora y lider
alegria;BUENA PROFESORA
ninguno;No hay sugerencias
alegria;muy buen profesor.
tristeza;0
alegria;Buen profesor
miedo;En general bien.
tristeza;Lamentablemente no me pudo hacer clases este semestre por lisencia medica
miedo;No tomé ramo con ella
alegria;Entregar guía de ejercicios
sorpresa;mas asistencia a clases
alegria;buen profesor, buena interaccion con los estudiantes y enseña adecuadamente
tristeza;totalmente en desacuerdo con que el profesor siga impartiendo algún ramo para nuestra carrera
alegria;Excelente profesor en su área especifica, tiende a explicar de forma sencilla.
alegria;Muy buen profesor
alegria;Buen profesor
alegria;excelente profesora, demuestra confianza frente a sus estudiantes.
alegria;clases muy didacticas
ninguno;.........
alegria;El mejor
ninguno;Asignatura inscrita por cupo.
enojo;Si quiere considerar asistencia como requisito para rendir certámenes, debería también recuperar las clases que suspende
sorpresa;SER MAS PUNTUAL
alegria;Mucha Disponibilidad para ayudar a los alumnos y muy profesional en su area
sorpresa;ser mas puntual en la entrega de notas
sorpresa;Que la profesora se enfoque más en ejercicios prácticos que más nos acerquen a la vida real.
alegria;Gran profesional, muy claro en sus clases, ojalá todos fueran así de claros.
alegria;Siga así
ninguno;No tengo sugerencias ni comentarios
ninguno;Nada que añadir
alegria;excelente en dominio de contenido y habilidades sociales y emocionales
sorpresa;sugiero realizar mas ejercicios prácticos y  crear una identidad como profesor
sorpresa;entrega de notas en plazo indicado
sorpresa;buen instructor
sorpresa;mas ejemplos
alegria;docente cercana a sus estudiantes
alegria;Excelente profesora, y excelente asignatura.
alegria;Excelente docente, muy dedicada
enojo;por  favor cumplir los horarios de llegada
alegria;Muy buena profesora
alegria;buen profesor
ninguno;Mayor foco en la materia
sorpresa;Un poco mas dinámico
sorpresa;muy confiable y devota
alegria;Muy buen profesor
alegria;Clases dinámica.
ninguno;Good
sorpresa;Muy buena profesora
alegria;mucho dominio en la materia
sorpresa;Buena disposición en la atención con sus alumnos.
ninguno;solo presione tab y abajo para responder rapidamente y escribir ramos
alegria;Sabe explicar el contenido
sorpresa;No tirar bromas pesadas
sorpresa;Excelente profesor, preocupado por sus alumnos, dominio de conceptos evidente.
miedo;no ser tan enojona
alegria;Buena docente que maneja muy bien sus contenidos
alegria;deberia impartir siempre el ramo de econometria este profesor!!
alegria;Muy utiles sus clases
alegria;buen profesor
tristeza;Sin comentarios
ninguno;0
enojo;Que hable algo más fuerte y modulador... A veces no se entiende bien porque además habla muy rápido
alegria;Buen profesor
alegria;Excelente profesora, su método de enseñanza es muy didáctico
tristeza;falta diferentes estrategias para interesarse en el ramo y tener una enseñanza mas didactica
alegria;Buen profesor
alegria;buen profesor
tristeza;Buena profesora, pero deberia hacer sus clases un poco mas dinamicas
alegria;clases muy buenas y gratas. Felicitaciones.
alegria;La profesora Claudia tiene una forma de enseñar muy grata
enojo;no entrega las evaluaciones a el tiempo acordado
alegria;el curso es un gran aporte
alegria;Excelente profesor
sorpresa;es chistoso
alegria;es empatica con los alumnos
alegria;buen profe palmyers
enojo;No demuestra un interés en lo enseñar ni en lo que hace en general
sorpresa;Posee un muy buen dominio de la asignatura.
enojo;Mal profe
miedo;siempre preocupada por la asistencia y el rendimiento
alegria;buenas actividades practicas que hacen entender de mejor manera las unidades
alegria;buen profesor
enojo;NADA QUE DECIR
alegria;Excelente docente
alegria;Es un muy buen profesor, sabe mucho de lo que enseña.
ninguno;NINGUNA
alegria;Enseña de manera práctica y eficaz el idioma en su nivel básico
alegria;Excelente
enojo;La profesora da a conocer los contenidos de manera clara, la cual somos capaces de comprender, sin embargo se demora mucho en subir las notas de evaluaciones.
alegria;excelente ramo integral, buena experiencia
sorpresa;Excelente profesional, faltan profesores de este standar en la escuela de trabajo social
alegria;profesor responsable y dedicado
sorpresa;Muy buen profesor. A pesar de la complejidad de la materia trataba de explicarla de manera mas sencilla.
enojo;Mejorar organización con los tiempos de reunión.
alegria;El profesor siempre tuvo interés para guiarnos.
enojo;dificil de tratar
alegria;Excelente profesora
tristeza;la profesora cumple con la gran mayoría de los criterios establecidos pero por otro lado podría ser un poco mas alegre y no tan seria para tener un mayor agrado al momento de ir a sus clases.
ninguno;ninguna
alegria;excelente profesora
alegria;buen profesor pero deberian aumentar las horas
ninguno;No es mi profesor
alegria;Buen manejo de contenidos, clases claras y didácticas.
enojo;Es un profe regular
alegria;:)
alegria;Excelente desempeño
enojo;Buen profesor pero muy exigente a la hora de evaluaciones
alegria;gran entrega en su trabajo
ninguno;Ninguno
enojo;Trate de no enredarse tanto al explicar, pero buen profesor y buena disposicion
ninguno;ninguno
ninguno;A
alegria;explica de una manera clara.
alegria;Muy buen método de enseñanza
ninguno;Sin comentarios
alegria;Buena docente, con disposición y conocimiento de la asignatura.
ninguno;la realizacion de mi HP no se realiza con este profesor
enojo;Debe ser puntual
enojo;mas practicas
enojo;más comprensión para los estudiantes
alegria;Buen profesor.
ninguno;lkjhg
alegria;Buena metodología para enseñar
alegria;excelente profesora, dispuesta a enseñarnos todo, muy paciente y muy simpática, debería seguir potenciando este hermoso taller!
alegria;excelente profesor
sorpresa;motiva al estudiante con la asignatura. Gracias!
enojo;Especificar más la materia
ninguno;Docente
tristeza;hacer las clases mas entretenidas
alegria;Muy buen profesor, domina muy bien los temas ademas de tener completa disposicion para tratar con los alumnos
alegria;muy entretenida la clase
alegria;buena
alegria;Buena enseñanza
alegria;Excelente desempeño profesor
alegria;Gracias por lo enseñado profesora
alegria;excelente profesor
alegria;buen profesor
ninguno;Conforme
ninguno;no hay sugerencias
ninguno;S/C
alegria;buen profesor
alegria;+
tristeza;Podría hacer sus clases más dinámicas, así mantendría en él toda la atención de los estudiantes
alegria;buena profesora muy inteligente, con la capacidad de encantar a las alumnas con la carrera, pero seria mucho mejor sobre todo en este ramo que de mas instancias para conversar sobre las vivencias en nuestros días de practica.
ninguno;irusfjkbnilursjkbncsilu
ninguno;no tengo clases con el.
alegria;buena profesora, domina bien los contenidos
tristeza;sus clases son buenas pero deberia conciderar , los ejercicios mas dinamicos
alegria;gran profesor
alegria;buen profe
tristeza;Podría utilizar recursos como guías
alegria;buen profesor
alegria;explica muy bien los contenidos
sorpresa;excelente profesor con el cual se crea un ambiente muy grato en sus clases, incita a la participación de los alumnos en su clase.
enojo;con todo respeto no extravíe el material entregado por alumnos, me refiero a tareas porque  luego olvida la situación y eso perjudica al alumno.
alegria;Excelente profesora
alegria;Es un excelente profesor, me gusta mucho su tecnica de pasar la materia y luego pasar ejercicios.
alegria;se agradece su simpatia
alegria;Dio buenas clases
ninguno;buigutf
alegria;buen profesor
ninguno;Clases didactididácticas
alegria;Me gusta la metodología de las clases, y cumple al pie de la letra con los acuerdo de reuniones
alegria;Muy buena docente
alegria;Profesor altamente recomendable.
alegria;Muy buen profesor
ninguno;entragar las notas a tiempo
ninguno;Falta mejorar la empatía con los alumnos
ninguno;buen profesor, domina su tema
ninguno;nos vemos en el aire
ninguno;Que utilice más el proyector. Y haga más ejerciocio que materia. Todo lo demás está muy bien.
ninguno;Una sugerencia, que avise mediante correo o al encargado de clases cuando no podrá asistir
ninguno;Es una de las mejores docentes que tuve este semestre. Cumple en todo sentido como profesora
ninguno;Se desenvolvió bien, a pesar de algunas limitaciones de herramientas que hay
alegria;Excelente profesora
ninguno;ninguno
ninguno;bajar el nivel del ramo utiliza el tromba que es de avanzado igual que utilice larson o zill.
ninguno;Excelente profesor y gran conocedor de la asignatura que imparte.
ninguno;es el encargado del programa y no es aplicable a nuestra carrera
ninguno;sin comentarios
ninguno;Profesora atenta, preocupada, solo deberia mejorar en la puntualidad
alegria;buen profeson siempre explicando lo justo y necesario para la evaluacion y el conosimiento que nesesittamos como estudiantes
ninguno;cambiar la forma de evaluacion
alegria;buena metodología de enseñanza
enojo;Como sugerencia de la asignatura, quizás pasar más rápidos los contenidos de principio de semestre y dedicar más tiempo en repasar lo último, ya que son fundamental para el desempeño futuro profesional y no se les dedicó el tiempo necesario.
enojo;Más amigable al momento de resolver dudas y dar a conocer su opinión después de las presentaciones, dejar que las exposiciones sean al azar y que de verdad sean según la participación en clases como se dijo a principio de año.
alegria;el profesor maneja perfectamente los contenidos de la asignatura, procura que todos sus estudiantes comprendan las instrucciones y con mucha paciencia nos explica la materia las veces que sea necesario.
alegria;Una casignatura muy completa
alegria;muy buena docente
enojo;"Le faltó más responsabilidad con el ramo; no realizaba las clases con motivación"
enojo;Entregar las notas en el plazo correspondiente
alegria;Buena profesora y responsable con las actividades de la clase
enojo;profesora metodológica pero no enseña los contenidos claramente
alegria;Maneja bien el tema
enojo;Que las clases sean mas dinamicas
alegria;muy buena la forma de evaluar ya que utiliza metodos muy ingeniosos y nuevos
alegria;Alto conocimiento y dedicado a enseñar
ninguno;no tuve clases con él.
ninguno;Creo que debería tener una retro alimentación de los casos que hacemos en clase
enojo;Poca dinámica de trabajo
alegria;Buenas clases
alegria;Sin comentarios negativos, muy buen profesor
enojo;Utilice una letra más legible y procedimiento más ordenado, al momento de realizar un ejemplo u ejercicio.
alegria;Excelente
alegria;buena disposición
ninguno;profe
alegria;Comprometido con su asignatura y muy riguroso con disciplina y puntualidad.
alegria;explica bien
ninguno;ninguna
enojo;Si no tiene tiempo para la clase mejor que no la imparta.
alegria;bien
alegria;Todo bien
enojo;trabajos mas didacticos
alegria;Siga así profe.
enojo;Entregar las notas dentro del plazo
ninguno;nada que decir
ninguno;sin comentarios y sugerencias
alegria;Muy clara al momento de exponer la clase, dispuesta a responder todas las dudas.
enojo;que sea mas accesible en los horarios de ayudantia
alegria;Buen profesor
enojo;Que hable mas fuerte
enojo;Más ejercicios y problemas en clases
ninguno;No tuve la supervisión   de este docente
alegria;a pesar de ser un ramo fome, usted lo hace entretenido se agradece
enojo;Explicar la materia con mayor claridad
alegria;Excelente profesor, se espera mucho de él.
enojo;hacer ellas lo ejercicios no su esposo por que no tiene dominio de ello solo los copia.
ninguno;no la conozco
alegria;buen profesor y muy exigente
alegria;Excelente docente
alegria;excelente docente, maneja profunda y extensamente los contenidos de las clases.
alegria;buen profesor
alegria;el profesor realiza clases donde hace participar a los alumnos lo cual es muy bueno y ejercita a los alumnos para las evaluaciones lo cual nos ayuda bastante
enojo;Mayor seguridad al responder dudas
ninguno;ninguno
enojo;Mas flexible con los horarios de llegada por ciertos motivos de viajes
alegria;buena profesora, da instancias para participación en clases
tristeza;Buena docente pero podría tener clases más didácticas.
enojo;Una asignatura que no aporta en el desarrollo y que hacer profesional de los alumnos
alegria;Profesor metódico y responsable con la programación de las actividades.
enojo;Debe modernizar su metodología de enseñar
sorpresa;fue muy buena la metodologia de este semestre de implementar Test cada 15 dias
ninguno;ninguna
ninguno;No aplica
alegria;Excelentes clases, buen clima en el aula y disponibilidad del profesor ante consultas.
enojo;Tratar de distribuir mejor los contenidos de las clases para no hacerlas tan densas
alegria;Buen profesor, el cual demuestra con confianza lo que sabe
alegria;Entiende las dificultades de sus alumnos
tristeza;Es un buen, profesor, pero el gran problema de su laboratorio, es la corta duración, lo cual hace que sea inútil tenerlo, ya que en una hora y media, no se logra aprender lo suficiente.
alegria;todo ok
alegria;Una ecxelente profesora, siempre muy didáctica.
ninguno;sin comentarios
alegria;Muy buenos laboratorios, nada que decir.
alegria;Experto en su área muy buen dominio de contenidos
ninguno;sin comentarios
enojo;debe resolver los ejercicios siendo menos subjetivo
enojo;Entregar más confianza a sus alumnos.
alegria;Muy buena metodología de aprendizaje
ninguno;ninguna sugerencia
alegria;Buen taller, nada que decir
alegria;eL PROFESOR ES MUY DEDICADO Y SE NOTA QUE  MaNEJA LO QUE ENSEÑA.
enojo;falta compromiso con el curso
alegria;es buena profesora y explica muy bien
alegria;gran capacidad de cautivar a sus alumnos con sus clases
tristeza;Buen profesor, las pocas clases que tuvo fueron buenas, captaba la atención de los estudiantes. Si hubiera sido más comprometido con su labor, su evaluación sería mucho mejor.
ninguno;Ninguno.
alegria;tiene un buen metodo para explicar
alegria;Muy clara y precisa al momento de enseñar
alegria;Buenas clases
tristeza;muy buen profesor pero no sabe explicar hace los ejercisios para el
enojo;aplicar mas ejercicios prácticos en su programa
alegria;Buen profesor
ninguno;no se realizaron clases
alegria;Buen profesor
ninguno;sin comentarios
ninguno;Maneja a la perfección los contenidos
alegria;buen profe.
ninguno;muy buen profesor, posee muchos contactos los cuales al estudiante les permite tomar buenas practicas.
ninguno;muy interactiva
ninguno;n
ninguno;No hay sugerencias
ninguno;Todo bien
alegria;Excelente docente
alegria;excelente semestre con profesora jania bastías. trata de incluir a todos los estudiantes de su clase.
ninguno;Buena profesora, ojalá la coordinadora la deje crecer como docente.
ninguno;Buen profesor
ninguno;exelente profesor sigua asi
ninguno;nn
enojo;no me hizo clases
enojo;le  falta mejor trato hacia los alumnos
ninguno;Buen profesional
ninguno;buena profesora
ninguno;ninguna sugerencia
ninguno;Excelente docente, con mucho conocimiento y muy humana
alegria;Buena profesora, siempre transmitiendo buena onda
ninguno;Realice esta asignatura en terreno.
alegria;Excelente profesor
alegria;La profesora Pamela es muy amistosa, entrega la confianza necesaria para expresar opiniones y sentimientos en las actividades que realizamos, es muy creativa y dinámica.
ninguno;Buena profesora apasionada por lo que enseña
enojo;Falta que aveces explique un poco mas la forma de realizar algunos ejercicios
ninguno;Buen profesor, con la paciencia para explicar las veces que sea necesario la materia que pasa
ninguno;Clases participativas y didácticas
ninguno;buen profesor
alegria;Excelente profesora
enojo;Profesor que se nota que sabe mucho, aunque un poco estricto en cuanto a los contenidos.
ninguno;no era mi profe
ninguno;Ninguno
enojo;como sugerencia que sea mas cercana con los alumnos
alegria;muy buen electivo
ninguno;Mas tareas
enojo;Mejorar los plazos de entregas de notas
ninguno;excelente profesor
ninguno;la materia se entiende y la explica de buena forma, pero podria realizar las clases de manera más didáctica
ninguno;es un buen profesor, sabe lo que está enseñando, tiene buena metodología de enseñar
ninguno;Más disertaciones
alegria;El profesor es muy bueno, conoce muy bien la materia que expone y crea un muy buen ambiente de aprendizaje.
ninguno;Profesor responsable
enojo;no tanto apoyo de las diapos y más diálogo
ninguno;Me gusta su clase, aunque a veces parece muy monótona, es por que la materia talvez es plana
ninguno;Realiza un buen trabajo con los estudiantes.
alegria;es muy simpatico y hace sentir confianza de poder preguntarle lo que sea
alegria;buen profesor
ninguno;Subir algún material extra a las plataformas
ninguno;ninguna
ninguno;buen profesor
ninguno;Buena profesora
ninguno;buen profesor.
enojo;Mal docente.
ninguno;Comprensivo y buen profesor
alegria;LA MEJOR PROFESORA DE LA ESCUELA
ninguno;Profesora muy comprometida con la asignatura.
alegria;Excelente docente en el área práctica
enojo;Me parece innecesario pasar los casos largos a cortos
ninguno;espero que este segundo semestre sea igual como lo fue en el primero
ninguno;le falta ser mas pedagógica
ninguno;Quizá podría pasar la materia de forma más pausada, aunque se entiende que al ser modular debe llevar un ritmo más acelerado.
ninguno;buen profe.
ninguno;buena e interactiva asignatura
ninguno;Clara par a enseñar, proporciona confianza, podría ser más didáctica en clases para que no sean muy monótonas
ninguno;Profesor interesado en lo que realiza , pero que en varias oportunidades no sabia escuchar a los alumnos
ninguno;muy interactivas sus clases
enojo;Su forma de enseñar es bastante mala a decir verdad, debería mejorarla bastante.
ninguno;el contenido de la asignatura deberia estar mas enfocado a lo que realizaremos en el campo laboral y en como enseñar lo aprendido
ninguno;Ninguna
enojo;no hacer las clases de tanta lectura de power, sino mas didactica
ninguno;dassdasad
alegria;Buen profesor, con muy buena disposición.
ninguno;Bien profesor
alegria;muy buen profesor
alegria;Super buena profesora
alegria;Muy buen profesor, muy motivado
ninguno;La profesora crea espacios de confianza y de buena disposición para enseñar
ninguno;No asisti a sus clases
enojo;Se necesita ser más empático y un poco más flexible con los estudiantes
ninguno;Buen electivo
ninguno;Es una profesora que maneja su asignatura, sin embargo no supo cómo nivelarnos al nivel de su asignatura, ya que el ramo que le antecede (Termodinámica 1) fue muy básico para lo que debíamos saber.
alegria;Muy buena profesora y buena asignatura
alegria;Me encantan sus clases
ninguno;bien
enojo;no explica muy bien
ninguno;comprensiva
ninguno;es muy bueno explicando en cada clases
ninguno;muy buen profesor que siempre trata de ayudar con cualquier duda o inquietud que se tenga en la asignatura
ninguno;Clase muy didáctica y interesante
ninguno;buen profe
alegria;Es una profesora muy buena y muy atenta de las necesidades de sus alumnos.
alegria;excelente profesora
ninguno;buen profesor
enojo;Ayudante que sea decente
ninguno;profesor comprometido con enseñar a pesar de las dificultades de los alumnos y el entorno del diseño
ninguno;Conoce lo que está enseñando.
enojo;La docente no demuestra dominio en los contenidos de la disciplina que enseña, puesto solo lee las presentaciones.
ninguno;buena profesora, se preocupa del aprendizaje de sus alumnos
ninguno;Demuestra paciencia,motivación,disponibilidad y firmeza.
ninguno;buen profesor pero deberia mirar menos su celular en clases
enojo;posee dominio del tema y fluidez en las clases
ninguno;Muy buen académico.
ninguno;solo habla el
alegria;Un 70 como docente y como persona, muy responsable y preocupada. Siga así
ninguno;Excelente profesor
ninguno;Demuestra dominio en el el tema de su asignatura, sin embargo no logra satisfacer mis necesidades respecto a la asignatura
ninguno;sin sugerencias
ninguno;Clases dinámicas, están bien enfocadas al desarrollo del tema.
ninguno;tiene mucha  vocación
enojo;Dar las notas cuando corresponde.
ninguno;buen profesor
ninguno;en realidad no es mi profesor de anteproyecto, por lo tanto no lo puedo evaluar
ninguno;Sin comentarios.
ninguno;asd
ninguno;Sólo falta que ejemplifique mas en sus clases ya que la materia es complicada.
ninguno;Todo bien
ninguno;Buena profesora
ninguno;buen desarrollo de la asignatura
ninguno;que de ha conocer el programa de la asignatura
enojo;más dinamismo y practica de lo que teoriza para tener una vision holistica completa de su ramo en cuestion
enojo;Mucha demora en entregar notas, certámenes muy largos, contenidos de lectura no vistos en clases
enojo;El profesor tiene preferencias con ciertos alumnos....
ninguno;Buen profesor, buen ramo
enojo;cuando vaya a las clases debería concentrarse en la clase y no estar haciendo otras cosas en su teléfono o su computador
ninguno;Sugiero que las clases podrían ser un poco más interactivas para que así la materia sea mejor comprendida.
ninguno;Gran dominio de asignatura, pero siempre tiene buenos tratos
ninguno;excelente
ninguno;Exelent
ninguno;Profesora con muy buen disposición para responder dudas con respecto a los trabajos
ninguno;Leer dabemos todos que utilice mas metodos de enseñanza..casos . Practicos. Etc
enojo;Cumplir con los horarios de clases
ninguno;sin comentarios
ninguno;Es necesario considerar que esta encuesta no aplica mucho a Actividad de Titulación, ya que el trabajo con el profesor es individuaizado, no se hacen clase sino reuniones.
ninguno;sin comentarios
ninguno;Buena disposición.
alegria;Excelente docente, la que demuestra uun interes notable por que los contenidos puedan quedar claro, incorporando en sus clases distintos tipos de metodologías para la enseñanza, no solo las tradicionales. Profesora muy organizada con todo los aspectos.
alegria;Excelente profesor, muy agradable y buen expositor, con vocación para enseñar, ayudar y apoyar al estudiante, muy responsable y sincero cuando se le presenta un problema, error o dificultad.
ninguno;gracias por la ayuda que siempre nos brindo en nuestro anteproyecto
alegria;me encanto el taller, deberian crear mas secciones por semestre
ninguno;Profesor muy didáctico y claro
enojo;Creo que el ejercicio de redibujar los planos de un edificio patrimonial no eran tan pertinentes al ramo. Mas bien nos sentimos utilizados por el fin de la publicación del libro.
ninguno;Buen profesor
enojo;Al momento de citar a revisión se demora en presentarse
ninguno;Nada que agregar
ninguno;Excelente docente.
ninguno;Excelente profesional
enojo;No motiva a estudiar con su metodo
ninguno;interesante el electivo
alegria;Muy buen profesor
enojo;debe respetar las horas de clases
ninguno;excelente docente
enojo;discriminación
enojo;Trabaje su paciencia y tolerancia... no todos somos expertos en todo y podemos errar en ciertas cosas, para lo cual usted debe estar dispuesta a corregir de la mejor forma, no de una manera altanera y despectiva...
alegria;Muy buena profesional y profesora .
ninguno;Pasa materia y pocos ejercicios
ninguno;muy buen profesor , explica muy bien la materia
ninguno;Bibliografía complementaria
ninguno;Profesor especializado en su asignatura resuelve dudas y ayuda a los alumnos
ninguno;Buena profesora
ninguno;buen profesor.
alegria;Muy buena profesora
alegria;Buen profesor. Profesional y muy empático con los estudiantes.
ninguno;Encuentro que explica bien la materia y tiene mucho dominio del tema, pero al momento de las tareas, test y certámenes hace ejercicios mucho más difíciles y enredados que en la clase.
ninguno;Ninguna sugerencia
ninguno;Excelente profesional, muy comprometida con el aprendizaje de los estudiantes. Un ejemplo a seguir.
ninguno;no tengo sugerencias
ninguno;Buen profesor
ninguno;Buena disposición en general, da buenas correcciones, aun que a veces es selectivo en cuanto a cual alumno corrige y cual no, condiciones de entrega demora en entregarlas
ninguno;ninguno
ninguno;Sin comentarios
enojo;Se sugiere que respete el horario de clases como el inició y término de la clase, no terminar la clase cuando venga el otro profesor a decir que tiene clases en ese instante y que realice actividades que se adecuen al horario que nos entrega
ninguno;El profesor Sanchez es un muy buen academico. Sus clases son completas a pesar de que suele ser un poco disperso y nos cuesta un poco comprender algunas cosas en clases. A pesar de esto el profesor tiene buena disposicion a la hora de explicar nuevamente
ninguno;muy buen profesor
enojo;Tiende a enojarse cuando le preguntan algo o le corrigen
ninguno;Falta bibliografía para corroboración de datos, material complementario.
ninguno;Sin comentarios
alegria;sus clases me gustaron bastante
ninguno;ninguno
ninguno;Buena profesora
ninguno;Buenas clases
alegria;Un muy buen profesor
ninguno;Excelente profesional, relaciona e integra los conceptos enfocados en la tematica de nuestra carrera
ninguno;Buen profesor, buenas formas de enseñar, nada que decir.
ninguno;profesora muy exigente y buena
ninguno;buen profesor
ninguno;excelente profesora, preocupada por el aprendizaje de todos los estudiantes y ademas propicia orientación adecuada  para el pronto desarrollo laboral.
ninguno;Comenzar las clases puntualmente.
alegria;Un ejemplo a seguir, gran docente excelente dominio de su clase, amabilidad, tolerancia, disposición y respeto.
ninguno;buena profe
enojo;Falta compromiso con sus estudiantes, no hay como ubicarlo fuera del horario de clases.
ninguno;buena profe
enojo;No permite revisar todas las evaluaciones. En los laboratorios de soldadura evaluó como si fuéramos soldadores profesionales lo en 80 minutos es muy difícil deconseguir
enojo;informe mas a que se deben sus notas
ninguno;Profesora dedicada
alegria;muy buen docente
ninguno;Excelente
ninguno;estar mas presente en clases
ninguno;EXCELENTE PROFESORA, BUEN DOMINIO DEL CONTENIDO, CLASES DIDACTICAS QUE PERMITEN BUEN APRENDIZAJE
ninguno;buen profesor