alegria	Ojala siga manteniendo su buen trato y cercanía hacia los alumnos, ya que crea un ambiente muy amigable y da gusto asistir a sus clases, además de que desarrolla temas que son de gran interés de los estudiantes de diseño. Que sea Jefe de carrera otra vez!
enojo	Revisar mas su gmail
ninguno	Excelente academico
ninguno	falta que realice ejemplos o casos mas complejos ya que siempre realiza casos basicos. el ramo es demasiado idealizado y falta aterrizarlo a la realidad, aplicando normas (nch). la planificacion del curso debe integrar la realizacion de casos reales
enojo	Falta compromiso con sus estudiantes, no hay como ubicarlo fuera del horario de clases.
ninguno	Excelente profesor, explica claramente. Mejorar la ortografía y pronunciación al dictar o comentar
ninguno	el profesor deberia ser mas dinamico, lamentablemente su forma de enseñar no logra captar la atencion de los estudiantes
enojo	Mal dominio de la materia. No explica bien. Poca empatía con sus alumnos.
ninguno	sin comentario
alegria	Me gusta su manera de aprendizaje
sorpresa	Buen profesor, genera confianza en el grupo.
enojo	Que las clases sean mas dinamicas
sorpresa	Explicación claray comprensible
alegria	Buen profesor, materia explicada de forma correcta y fácil de entender.
ninguno	no hay comentarios
ninguno	Excelente disponibilidad con sus alumnos, escucha y comprende las diversas situaciones que se le planteen.
ninguno	No refiere
ninguno	Encuentro interesante la forma de enseñanza del profesor
ninguno	Nada que decir
alegria	EXCELENTE profesora, la mejor de este primer semestre, un ejemplo de docente... muy preocupada por los estudiantes y muy comprometida con la asignatura
alegria	Buen profesor, explica claramente
alegria	son motivantes
ninguno	muy interactiva
ninguno	Buen electivo
enojo	hacer ellas lo ejercicios no su esposo por que no tiene dominio de ello solo los copia.
alegria	excelente profesora.
ninguno	no curse la asignatura con el profesor
ninguno	Buena profesora
sorpresa	buena profe
ninguno	buena onda
ninguno	Realiza muy buenas clases aclarando dudas de sus estudiantes y también entregando lo máximo de sí para todos nosotros.
tristeza	Demuestra mucho dominio de la tematica pero algo monotono lo que produce un poco de desinteres a la larga
ninguno	Excelente Docente, comprometido con sus estudiantes y preocupado de las situaciones que suceden con ellos.
ninguno	Que las clases sean más dinámicas
alegria	Todo bien
ninguno	no tengo sugerencias
alegria	Profesor comprometido con su asignatura.
alegria	En este taller de confidencialidad el profesor Félix  enseña muy bien y explica el objetivo al principio y final de cada clase, para que así los alumnos empiecen a practicar la confidencialidad que hay que tener en la carrera de psicología.
alegria	Excelente docente, muy buen profesor, conocimiento y dominio total del tema el cual enseña
ninguno	muy buena profesora, dedicada y sirven de mucho sus simulaciones
alegria	Excelente profesora, dedicada en su labor de enseñar .
ninguno	Calidad de docente, sus clases son un agrado de asistir porque se nota que le gusta lo que hace y enseña de la forma más clara hasta que todos los alumnos comprendan.
alegria	La profesora utiliza una buena metodología de enseñanza, sus clases son muy didácticas.
enojo	Estoy molesta por que en la cuesta de presenta la profesora corvalan siendo que en clases estaba el profesor Rodolfo que siempre evaluó nuestros trabajos, mi queja es por que evaluaba el profesorado Rodolfo si la clase lo hacia la profesora corvalan .
tristeza	crear un ambiente de trabajo mas agradable y menos autoritario, renovar material como guias ya que para aquellos que repiten el ramo no es una retroalimentacion, mas bien es un aprendizaje estructurado en el paso a paso de como resolver un ejercicio
alegria	excelente semestre con profesora jania bastías. trata de incluir a todos los estudiantes de su clase.
ninguno	Sin  comentarios
tristeza	Es una persona muy arrogante, que podria mejorar mucho
ninguno	Buen profesor
alegria	Buenas enseñanzas y un muy buen profesor
ninguno	Asignatura bien desarrollada
alegria	excelente profesor
enojo	Hace demaciadas evaluaciones innesesarias, y sus certamenes son muy extensos
alegria	Clases didáctica
alegria	Muy buena profesora
ninguno	Sin sugerencias
ninguno	que utilice lenguaje menos técnico en sus clases ya que cuesta comprender los contenidos.
alegria	Buen profesor
sorpresa	Que se expliquen mas a fondo los contenidos.
alegria	sus clases didácticas fueron las que me apoyaron para poder aprender aun mas.
ninguno	ayuda a entender lo que es en si la ICI
ninguno	buena e interactiva asignatura
ninguno	Se le pidió pauta de evaluación de un certamen y respondió con fotos de una hoja que decía ejercicio realizado en clases, siendo que no fue el mismo ejercicio, solo parecido
miedo	Menos rigidez al momento de evaluar, si bien no deberíamos ser nuevos en el inglés pero algo menos de rigidez es bueno para los nuevos estudiantes.
ninguno	muy buenas clases, pero no es muy abierto en el debate de temas tan subjetivos como la ética en las evaluaciones
enojo	su método de evaluación es malisimo, no tiene nada que ver respecto a guías propuestas o ejercicio en clase, el nivel de exigencia y de contenido de las evaluaciones supera con crece lo visto en clase.
alegria	buen profe
alegria	buen profesor
ninguno	Nada que agregar
alegria	se destaca la buena disposición que tiene para atender a las distintas problemáticas  que se presentan dentro de la asignatura, dando con ello soluciones oportunas.
alegria	Conoce el contenido y explica de manera clara
alegria	Siempre dispuesto a ayudar
miedo	En general bien.
ninguno	buena clase
ninguno	es el encargado del programa y no es aplicable a nuestra carrera
alegria	tiene una metodología de enseñanza muy buena y clara, simpatiza mucho con los estudiantes
alegria	buen profesor
ninguno	Creo que debería tener una retro alimentación de los casos que hacemos en clase
alegria	Excelente profesor
enojo	Muy didácticas las clases para entender mejor, pero debería entregar las notas en el plazo correspondiente
ninguno	Conoce lo que está enseñando.
ninguno	El profesor Sanchez es un muy buen academico. Sus clases son completas a pesar de que suele ser un poco disperso y nos cuesta un poco comprender algunas cosas en clases. A pesar de esto el profesor tiene buena disposicion a la hora de explicar nuevamente
ninguno	Entrega la información de forma muy clara y precisa, además de buena disposición para consultas fuera del horario de clases
alegria	explica de forma clara y precisa los temas en trabajo
sorpresa	Posee un muy buen dominio de la asignatura.
ninguno	Sin comentarios
alegria	eL PROFESOR ES MUY DEDICADO Y SE NOTA QUE  MaNEJA LO QUE ENSEÑA.
alegria	Buena profe
enojo	sugiero que los contenidos se relacionen con nuestra carrera.
ninguno	Continue con su metodologia de evaluacion
alegria	mucho dominio en la materia
ninguno	N sugerencia
ninguno	Es necesario considerar que esta encuesta no aplica mucho a Actividad de Titulación, ya que el trabajo con el profesor es individuaizado, no se hacen clase sino reuniones.
ninguno	Establecer un programa para cada opción de evaluación dentro del curso
ninguno	Buen manejo de contenidos, exelente disposicion para responder dudas en clases, no asi fuera del horario de ellas.
ninguno	buen profesor
ninguno	buena profe
enojo	Mal profe
ninguno	buen profesor
ninguno	Excelente profesor
sorpresa	Usar más material didactico
alegria	Exclenete profesora, hace falta una geografa con aquellas caracteristicas en nuestra universidad y en nuestra carrera, genera empatia, simpatia y un ambiente grato a diferencia de distintos profesores del area geografica.
sorpresa	Sin comentarios
ninguno	no aplica
alegria	Muy buen profesor
ninguno	no estuve en su sección
ninguno	redunda en detalles, cuando lo importante son otros aspectos.
alegria	Muy buen profesor, tiene mucha paciencia
ninguno	Profesor con muy buen manejo de contenidos.
alegria	Un 7.0 el profe
ninguno	Buena profesora
enojo	Cumplir con los horarios de clases
ninguno	Ninguna sugerencia
ninguno	tiene mucha  vocación
miedo	siempre preocupada por la asistencia y el rendimiento
alegria	Muy buenos laboratorios, nada que decir.
enojo	informe mas a que se deben sus notas
ninguno	Falta bibliografía para corroboración de datos, material complementario.
enojo	Mejorar los plazos de entregas de notas
ninguno	me gustaban sus clases
alegria	muy buen profesor al momento de enseñar
alegria	buen profe
sorpresa	buen académico, solo falta hacer ejercicios que clarifiquen las ideas.
alegria	buena profesora, domina bien los contenidos
ninguno	muy puntual
ninguno	comprensiva
sorpresa	no estoy segura si es mi profe de lab
ninguno	No es mi caso, pero algunos compañeros dicen que se sienten desdeñados o insultados de forma pasivo-agresiva durante su clase.
enojo	Mal docente.
alegria	Muy buena profesora
alegria	Excelente docente, muy empática y responsable con sus alumnos. Maneja muy bien los contenidos
enojo	organizar sus clases con anticipación y no en el momento
alegria	excelente docente, apoya a estudiantes, comprende sus situaciones y avanza según sus capacidades
alegria	Puntual, organizado y coherente con los contenidos
ninguno	Hacer mas presencia con los estudiantes, pero aun asi al momento de solicitarlo tiene muy buena disposicion.
enojo	debe resolver los ejercicios siendo menos subjetivo
alegria	profesor responsable y dedicado
ninguno	buena profe
enojo	Que pase mas tiempo en las clases
sorpresa	excelente profesora, pero deberia respetar los plazos para la entrega de notas de las evaluaciones
enojo	Más ejercicios y problemas en clases
ninguno	Muy buena disposición a ayudar
sorpresa	buena profesora y lider
enojo	Profesor, intente controlar su sentido del humor o ironía cuando corrija proyectos, recuerde que hay personas mas sensibles que otras y se toman muy enserio su trabajo, sobre todo lo que usted les comenta sobre el. Muy buenas sus clases en el auditorio!
alegria	Me parecen muy entretenidas sus clases,ya que es un ambiente agradable.
ninguno	excelente docente, tiene dominio de la materia y la trasmite con amor
ninguno	le falta ser objetiva.
ninguno	Centrar las clases más en explicar contenidos
ninguno	buena profesora
alegria	agradable profesor, simpático con los estudiantes
tristeza	Clases aburridas y monótonas.
enojo	Entregar más confianza a sus alumnos.
ninguno	el mejor profesor
alegria	excelente profesor
ninguno	utilizar herramientas mas didácticas para sus clases
alegria	Excelente disponibilidad para atender a los estudiantes
alegria	sus clases son didácticas
alegria	buen docente
alegria	Muy buen Profesor el cual su metodología de enseñanza es muy buena.
ninguno	Excelente profesor
alegria	buen profesor
ninguno	Se sugiere la visita al centro de practica y contacto regular con supervisora en terreno
ninguno	Mayor foco en la materia
ninguno	simpatico
ninguno	subir las guias con anticipación
ninguno	sin comentarios
ninguno	Excelente profesor con gran conocimiento en la materia.
sorpresa	pedir un poco de asistencia a sus alumnos ya que creo que esa es la causa de las tan bajas notas en todos los ramos
ninguno	Mas horas de práctica.
ninguno	es buen profe hace artos ejemplos lo unico que demora mucho en entregar las notas de las evaluaciones
ninguno	Las clases centradas netamente en lo expositivo tienden a ser menos efectivas, agregar dinamismo y motivación a la participación activa de los estudiantes es algo que personalmente suele motivarme
enojo	NADA QUE DECIR
alegria	exelente profesor,un gran motivador
tristeza	quizas un poco mas de compromiso
ninguno	No fue mi profesor
ninguno	explicar con mayor claridad los ejercicios propuestos en clases
tristeza	La profesora debería tener mejores ayudantes.
ninguno	no me hiso clases me tocaba con pamela chavarría la cual es muy buena profesora
alegria	muy buena profesora
alegria	buen profesor
ninguno	Dentro de todos los problemas que se causaron en el curso , pudo manejar la situación y dar cuenta de su profesionalidad
tristeza	Clases más dinámicas
alegria	es empatica con los alumnos
alegria	Buen profesor
alegria	Sabe explicar el contenido
alegria	gran capacidad de cautivar a sus alumnos con sus clases
alegria	Es una gran profesora
ninguno	No hay sugerencia
alegria	buen profesor
enojo	Algunas cosas en esta asignatura las encontré sin mucha importancia y no llamaron el interés mio ni el de algunos de mis compañeros, se sugiere hacer un cambio en este curso y que sea más enfocado a herramientas como excel entre otras que actualmente se n
enojo	El profesor puchi debería pasar TODA la materia antes del certamen
alegria	muy comprometida con el aprendizaje del estudiante
alegria	Docente con grandes expectativas, y una de las pocas que incentiva a sus alumnos
alegria	Muy buen profesor, domina muy bien los temas ademas de tener completa disposicion para tratar con los alumnos
ninguno	exelente profesor
alegria	Buen dominó y manejo de las clases
ninguno	No tengo clases con ella
enojo	Nada que decir.
ninguno	Muy buen profesor de practica
alegria	demuestra suu conocimiento y sus años de experiencia en clases
sorpresa	es chistoso
ninguno	excelente docente, gran manejo del tema
alegria	es un profesor que ama lo que enseña
alegria	Buena profesora, siempre dispuesta a ayudarnos en todo lo posible para que termináramos este ramo.
alegria	buen profesor, muy preocupado por los estudiantes
alegria	Muy buen profesor siempre apoyando y dando los tips para estudiar
enojo	muy enrredado
alegria	Es una buena profesora, con muy buena disposición para que el alumno aprenda.
ninguno	Clase muy didáctica y interesante
ninguno	muy claro al explicar una materia difícil de entender
alegria	Buen docente, pendiente de las clases y siempre dispuesto a explicar
alegria	Gran docente
ninguno	todo bien
alegria	como sugerencia debería establecer y promover horarios para consultas
alegria	El mejor profe del mundo
alegria	el mejor meteorólogo del mundo
ninguno	Excelente disposición con sus estudiantes.
ninguno	a la altura
alegria	muy bien
ninguno	no tuve clases con él.
enojo	Dar las notas cuando corresponde.
tristeza	Buena profesora, pero deberia hacer sus clases un poco mas dinamicas
enojo	Como dije anteriormente, últimamente tuvo problemas con la puntualidad, pero en sí, es buena profesora.
alegria	excelente profesora, dispuesta a enseñarnos todo, muy paciente y muy simpática, debería seguir potenciando este hermoso taller!
alegria	Siga así profe.
enojo	El profesor debería explicar como realizar cada actividad al inicio de la clase y además tener en cuenta  que no todos podemos enviar los trabajos  a la hora ya que algunos no tienen Internet o computador y aveces el tiempo no alcanza en la U.
alegria	Profesor metódico y responsable con la programación de las actividades.
alegria	excelente profesora, se demuestra interes de parte de la profesora para que los alumnos aprendan
ninguno	No tuve la supervisión   de este docente
ninguno	muy bien
sorpresa	Realizar la clase de forma mas lenta
ninguno	Buen profesor,el horario que tenia no acomodaba a nosotros
alegria	buen profesor y muy exigente
ninguno	Pasa materia y pocos ejercicios
sorpresa	Muy buena profesora
enojo	no entrega las evaluaciones a el tiempo acordado
tristeza	sus métodos no motivan
alegria	Muy bien
enojo	Es una profesora muy desorganizada, no llega a la hora a las clases, no tiene una pauta de evaluación con el que nos podamos guiar del porque nos sacamos tal nota, no explica bien los trabajos que tenemos que realizas y se contradice con lo escrito en moo
alegria	Un poco desordenado, pero excelente profesional.
ninguno	realizar actividades ligeramente más didácticas ayudaría a mantener la atención de la clase
alegria	Sin comentarios negativos, muy buen profesor
sorpresa	excelente profesora, comprensiva y con mucha energia y ayuda a sus alumnas
sorpresa	una buena profesora
ninguno	El profesor no genera un lazo con los estudiantes en el sentido de preguntar consultas en clases dado que si el considera que la pegunta es tonta responde de mala forma y a veces insultando a los alumnos.
ninguno	Cada vez que uno requiere resolver una duda y recurre a su oficina, no está o simplemente no quiere atender, siendo este su horario de atención a estudiantes .
alegria	Un ejemplo a seguir, gran docente excelente dominio de su clase, amabilidad, tolerancia, disposición y respeto.
alegria	Buena profesora
ninguno	un poco estricto pero explica bien la materia
ninguno	Sin comentarios ni sugerencias
sorpresa	Desarrolla la clase con dominio de los temas pero, a veces no es totalmente clara a la hora de explicar consultas realizadas por alumnos.
ninguno	Creo que falta un poco de organización en sus clases. A veces, se va por las ramas, olvidando la importancia de las ideas y contenidos principales de su asignatura. Además, no se sabe si está hablando o dictando y cambia de tema a cada rato en sus clases.
ninguno	No curse este ramo porque hubo una equivocacion al tomarlo
ninguno	buena metodologia
ninguno	buen profesor.
tristeza	Es un buen, profesor, pero el gran problema de su laboratorio, es la corta duración, lo cual hace que sea inútil tenerlo, ya que en una hora y media, no se logra aprender lo suficiente.
alegria	Buen docente
alegria	es un gran profesor, que inspira al estudio de la asignatura
ninguno	muy buen profesor
alegria	sus clases son dinamicas, entretenidas y facil de comprender
enojo	por favor entregar las notas dentro de los plazos establecidos
alegria	Muy clara al momento de enseñar.
sorpresa	usa buen material, pero lamento decir que no mostraba mucho dominio sobre la materia
ninguno	Me gustaria que en clases se realizaran mas temaricas psicologicas como test de personalidad y esas cosas.
ninguno	La generalización debe separarse siempre de la docencia, mas aún cuando se educa a los sujetos en formación del área.
sorpresa	buen profesor pero en los laboratorios pierde mucho tiempo conversando en vez de realizar bien las actividades
sorpresa	Enseño super bien la materia.
tristeza	Podría ser más amable
ninguno	Exponer de forma más clara las instrucciones  de los trabajos a realizar
alegria	El profesor es muy bacan, es seco para bailar. me encantaban sus clases.
alegria	sus clases me gustaron bastante
enojo	Planificar un poco más las clases
ninguno	Excelente docente, siempre con la disposición de enseñar hasta fuera del horario de clases, muy comprometido con que sus alumnos aprendan todo y más.
alegria	buena profesora
alegria	Agradecer su paciencia, cuando no se entendía algún contenido y por su pronta respuesta
enojo	Dedicarse a realizar su clases y no distraerse con compañeros que no tienen intereses en ella
ninguno	EXCELENTE PROFESORA, BUEN DOMINIO DEL CONTENIDO, CLASES DIDACTICAS QUE PERMITEN BUEN APRENDIZAJE
ninguno	la manera de explicar y como desarrolla sus clases es adecuada
alegria	muy buen profesor.
enojo	cuando vaya a las clases debería concentrarse en la clase y no estar haciendo otras cosas en su teléfono o su computador
ninguno	buen profesor
alegria	Muy buena profesora
alegria	Dispuesto a enseñar siempre, explicar nuevamente.
ninguno	ninguna sugerencia
alegria	Muy buen profesor, muy motivado
ninguno	cambiar la forma de evaluacion
tristeza	muy buen profesor pero no sabe explicar hace los ejercisios para el
tristeza	clase mas dinamica
alegria	Muy buen profesor, dedicado y responsable, con notas, evaluaciones, etc. Clases didácticas y da la opción de aclarar todas las dudas.
ninguno	No me hace clases
sorpresa	enseñar mas programacion de diseño
ninguno	ninguno
alegria	Muy buena maestra, se toma el tiempo para explicar de muy buena manera.
alegria	Profesor muy responsable y hace las clases muy gratas
enojo	Entregar las notas dentro del plazo
enojo	Profesor que se nota que sabe mucho, aunque un poco estricto en cuanto a los contenidos.
alegria	Buen taller, nada que decir
alegria	Buen profesor
ninguno	no saque las cosas de la tablet  es aburrido
ninguno	Sin comentarios
enojo	profesora metodológica pero no enseña los contenidos claramente
ninguno	sin sugerencias
enojo	mayor desarrollo de ejercicios propuestos
ninguno	Excelente profesora
enojo	con todo respeto no extravíe el material entregado por alumnos, me refiero a tareas porque  luego olvida la situación y eso perjudica al alumno.
enojo	buen docente, pero un poco llevado a sus ideas
alegria	Super buena profesora
enojo	no me gusto el ramo no lo entendi no aprendi nada
enojo	Mucha demora en entregar notas, certámenes muy largos, contenidos de lectura no vistos en clases
ninguno	la forma de enseñar es buena, pero en la forma de evaluar debería mejorar.
ninguno	excelente profesor
ninguno	Más ejercicios en clases
alegria	NADA QUE DECIR, EXCELENTE PROFESIONAL.
ninguno	Se da el tiempo de explicar de la mejor forma la materia, tal vez podría ser un poco mas dinámica la asignatura pero esta en bien general.
ninguno	Buena profesora, explica los contenidos de buena forma
ninguno	enseñanza adecuada y fácil de comprender, faltan mas horas para desarrollar bien los prácticos
alegria	Dedicado, atento.
ninguno	No puedo entregar ninguna
enojo	No demuestra un interés en lo enseñar ni en lo que hace en general
alegria	buena asignatura
ninguno	Buen profesor
ninguno	Profesora dedicada
alegria	gran profesor
ninguno	nada que decir
ninguno	Buen profesor, aunque le hace falta ser mas creativo al momento de realizar sus clases para que los alumnos no se aburran y al momento de realizar las preguntas de dudas que sea mas amplio en sus respuestas no lo que el espera que entendamos
enojo	Debe mejorar
ninguno	Creo que la realización de sus clases fueron muy efectiva, al igual que los prácticos.
enojo	la realización de sus certámenes contienen mucha información de memoria los cuales prefiero que sean mas de aplicación en casos clínicos.
ninguno	buena profesora
enojo	Evaluaciones rebuscadas y desmedidas comparado con el contenido visto en clases.
ninguno	Preparar y realizar las clases
ninguno	Que no nos dé tanta materia para un mismo certamen
enojo	Subir las notas a tiempo, no cuando finalice el semestre, hacer los certámenes de acuerdo a lo pasado en todas las clases anteriores y no basado en la última clase, donde enseña lo más difícil y el que entendio, entendió, el que no, jodio
ninguno	Buena organización ddel ramo
alegria	Dio buenas clases
alegria	Excelente profesora con buena disposición
ninguno	Muy enredado para explicar. Y debería explicar también para los que no sabemos nada de ilustracion, no todos manejan el tema
ninguno	Buen profe
ninguno	buen profesor
ninguno	Se demore menos en entregar las notas
ninguno	nada que comentar
alegria	Muy buena profesora, explica la materia como corresponde en el tiempo correspondiente.
ninguno	Nada que añadir
ninguno	Explica bien el contenido
ninguno	nunca falto a ninguna clase
alegria	clases muy didacticas
ninguno	no tengo clases con el.
ninguno	sin comentarios
enojo	mas responsabilidad totalmente
sorpresa	más compromiso
enojo	es muy enojon XD
ninguno	interesante el electivo
ninguno	profesor técnico y conciso
ninguno	no lo conosco
alegria	buen profe
ninguno	Sólo falta que ejemplifique mas en sus clases ya que la materia es complicada.
alegria	Excelente docente siempre dispuesta a ayudar y resolver dudas.
ninguno	solo falta un poco mas de caracter
ninguno	Muy buen docente
sorpresa	Buena profesora
alegria	La profesora Pamela es muy amistosa, entrega la confianza necesaria para expresar opiniones y sentimientos en las actividades que realizamos, es muy creativa y dinámica.
enojo	Mejorar organización con los tiempos de reunión.
ninguno	excelente profesor
ninguno	excelentes clases
alegria	Buen profesor
alegria	muy buena proefesora
alegria	Buen profesor
ninguno	Muy profesional
ninguno	Realizar más inglés gramatical para tener un mejor manejo de vocabulario
ninguno	Muy estricto a la hora de corregir los informes.
ninguno	profesora interesada en la asignatura, motivando a los alumnos
ninguno	es un buen profesor, sabe lo que está enseñando, tiene buena metodología de enseñar
tristeza	ramo botado
alegria	Excelente profesor
alegria	buen profesor
alegria	Explica super bien los contenidos, didáctico, carismático...seco el profe
alegria	Buena profesora nos hizo salir y trabajar con gente externa a la universidad, eso se agradece y motiva cada vez más
asco	debe mejorar las habilidades sociales
enojo	haga clases didacticas
alegria	excelente profesora
ninguno	Me parece muy pertinente para la asignatura la evaluación mediante el proyecto de investigación, incluso yo aumentaría el porcentaje del poryecto a un 35%
enojo	Se demora mucho en subir las notas.
ninguno	sin comentarios
ninguno	No hay comentarios
alegria	Buen profesor
ninguno	hacer las clases mas dinámicas
alegria	buen ambiente dentro de la clase, es agradable asistir a ellas.
alegria	LA MEJOR PROFESORA DE LA ESCUELA
enojo	Buena profesora pero necesitamos guías para reforzar lo visto en clases
alegria	Buen profesor, con muy buena disposición.
alegria	EXPLICA BIEN, TIENE PACIENCIA Y BUENA DISPOSICION
ninguno	Bastante conocimientos de los contenidos, expone de excelente manera, podría responder consultas de los alumnos con mejor disposición .
ninguno	Quizá podría pasar la materia de forma más pausada, aunque se entiende que al ser modular debe llevar un ritmo más acelerado.
alegria	se agradece el gran manejo del taller
alegria	Buen profesor.
alegria	Muy grata experiencia haber realizado una feria de la salud (aún tengo muy claro lo que me correspondió exponer ese día)
alegria	Es nuevo asi que no tengo mucho que decir
ninguno	Es una de las mejores docentes que tuve este semestre. Cumple en todo sentido como profesora
alegria	excelente profesor
miedo	No tomé ramo con ella
ninguno	Sin comentarios
ninguno	Clases dinámicas, están bien enfocadas al desarrollo del tema.
ninguno	Buen profe
alegria	Excelente profesor en su área especifica, tiende a explicar de forma sencilla.
ninguno	entrega buen clima en la realizacion de clase
ninguno	no hay sugerencias
ninguno	Dar mas tiempo en los trabajos porque nos llena la semana de muchas cosas y no es la unica asignatura
alegria	explica detalladamente lo que se realizará en el laboratorio para lograr un entendimiento y desarrollo completo
tristeza	Podría hacer sus clases más dinámicas, así mantendría en él toda la atención de los estudiantes
ninguno	buen académico, sin embargo el trato hacia los estudiantes no es tan bueno
sorpresa	Dominador de la materia nada que decir pero yo no le entiendo nada al igual que otros compañeros , como critica constructiva que los ejercicios lo haga paso a paso ya que algunos quedamos con duda cuando se saltaba pasos.
ninguno	Leer dabemos todos que utilice mas metodos de enseñanza..casos . Practicos. Etc
alegria	Muy buena profesora, y lo que enseña se entiende con mucha claridad
alegria	Todo bien
ninguno	nada que sugerir
enojo	Utilice una letra más legible y procedimiento más ordenado, al momento de realizar un ejemplo u ejercicio.
ninguno	Muy capaz, pero a veces inentendible.
alegria	Excelente profesora.
ninguno	Siempre dispuesto a ayudar y responder consultas.
alegria	Excelente docente
alegria	bastante didácticas las clases, se nota que maneja muy bien los temas a tratar.
alegria	Buen manejo de su área
alegria	Optima docente que ayuda a enriquecer la entrega de conocimientos gracias a su experiencia
ninguno	siga asi
alegria	Excelente profesor, muy agradable y buen expositor, con vocación para enseñar, ayudar y apoyar al estudiante, muy responsable y sincero cuando se le presenta un problema, error o dificultad.
ninguno	Agregar juegos relacionados con la materia para hacer la clase más dinámica
alegria	Muy buen profesor
enojo	falta compromiso con el curso
alegria	muy buen docente y profesional
sorpresa	motiva al estudiante con la asignatura. Gracias!
sorpresa	Escasa retroalimentación después fe una evaluación.
ninguno	Buen profesor
ninguno	sin sugerencias
sorpresa	Sería positivo tener un mayor orden en el desarrollo de ejemplos
sorpresa	Es una asignatura esencial para lamformación del estudiante
ninguno	Buena profesional
alegria	buen profesor pero deberian aumentar las horas
alegria	profesora con un amplio dominio de la asignatura Economia , explicando claramente cada detalle
alegria	su ramo es muy util y explica de buena manera, tiene buena disposición
alegria	Profesor dedicado a la materia que enseña
ninguno	Mas comunicación con los alumnos
ninguno	Mejor organizacion en las mesas redondas.
alegria	Muy buena docente
alegria	Excelente profesor
ninguno	Nada que sumar.
ninguno	Asignatura inscrita por cupo.
enojo	sin comentarios
ninguno	Buen profesor
enojo	Su forma de enseñar es bastante mala a decir verdad, debería mejorarla bastante.
alegria	el curso es un gran aporte
ninguno	Realiza bien las clases
alegria	Excelente desempeño
alegria	excelente profesional
ninguno	Excelente profesora, su método de enseñanza y su orden a la hora de dictar la materia es muy bueno.
ninguno	Ord nada mejor los tiempos, pues se hacen Muchas actividades
alegria	la importancia de que nosotros sus alumnos aprendamos o mejorar nuestras notas es nula, no le importa si nos va bien o mal, cero motivación, además siempre estuvo dependiendo del  profesor de la otra sección al momento de evaluar o tomar alguna decisión
alegria	Buen manejo de contenidos, clases claras y didácticas.
ninguno	las clases podrian ser mas dinamica
ninguno	sin comentarios
ninguno	no hay sugerencia
ninguno	Ninguna sugerencia
ninguno	no tuve clases con ella
alegria	Buen profesor. Profesional y muy empático con los estudiantes.
ninguno	Buena profesora apasionada por lo que enseña
ninguno	ser mas comprensible con los alumnos
alegria	Muy dedicada a la preparacion de las clases, muy comprometida con los alumnos
enojo	complementar la asignatura con uso de software
enojo	Debería entregar guías de ejercicios
ninguno	todo bien
alegria	docente cercana a sus estudiantes
alegria	Muy buen profesor
ninguno	No aplica
ninguno	Demuestra alto dominio del tema, las clases son didacticas, explica muy bien la materia. Buena disposicion ante dudas y consultas, ya sea en su oficina como en clases. Bastante exigente a la hora de evaluar.
alegria	Comprometido con su asignatura y muy riguroso con disciplina y puntualidad.
ninguno	Mas tiempo para los certámenes.
ninguno	Clara par a enseñar, proporciona confianza, podría ser más didáctica en clases para que no sean muy monótonas
ninguno	Docente generalmente muy clara en sus explicaciones
enojo	Mas actividades en sus clases, no enfocarsr solo en un tipo de material para explicar la materia sino que recurrir a otras opciones.
tristeza	Es un docente destacado por sus muchos conocimientos en su asignatura, pero le falta la parte didáctica en sus clases.
alegria	excelente profesor
alegria	Muy buen profesor, nada que decir
ninguno	Buen profesor buen disposición
ninguno	solo presione tab y abajo para responder rapidamente y escribir ramos
enojo	Mejorar exposicion de clases
alegria	Excelente taller, ayuda mucho, excelente metodologia de clases
ninguno	buen profesor, siempre dispuesto a que aprendamos
ninguno	Gran dominio de asignatura, pero siempre tiene buenos tratos
alegria	Es muy cercano con sus alumnos y muy buen profesor.
ninguno	excelente profesor
ninguno	Me gusta su clase, aunque a veces parece muy monótona, es por que la materia talvez es plana
enojo	dar a respetar su postura como docente
tristeza	falta diferentes estrategias para interesarse en el ramo y tener una enseñanza mas didactica
ninguno	profesor dinamico en su enseñanza
alegria	Excelente docente explica los contenidos de una forma práctica que ayuda al aprendizaje eficaz de la materia.
enojo	Organizar mejor el tiempo
ninguno	nada que decir
enojo	disminuir la cantidad de informes durante el semestre
alegria	Profesor destacado y comprometido con el aprendizaje de sus alumnos, nada que decir
alegria	Profesor que crea un ambiente de confianza y libertad entre alumnos.
ninguno	no hay sugerencias
alegria	Me gusta que realizara diferentes formas de evaluaciones
ninguno	entretenidos los laboratorios
enojo	No entrega notas en plazos establecidos, no evalúa lo mismo que enseña, sus evaluaciones son ambiguas, pregunta cosas que jamáz pasó en clases.
ninguno	Al termino de la practica entrega las calificaciones sin retroalimentar la información
sorpresa	buen profesor. conocedor del tema
alegria	es buena tela el weñe!
ninguno	Buen profesor
alegria	Se nota planificación de cada clase y mucha responsabilidad a la hora de entregar notas y trabajos. Un ejemplo de docente.
alegria	Profesor buena onda, de preocupa por el aprendizaje
ninguno	Muy buen profesor
ninguno	No fui a su clase :(
alegria	Buen profesional.
ninguno	excelente profesora
alegria	buen profesor
ninguno	Muy buen profesional
alegria	muy buen profesor
ninguno	muy bien
enojo	que no se pase del plazo establecido reglamentariamente para entregar las calificaciones
alegria	Se explica muy bien en clases.
alegria	Excelente profesora
enojo	Debería asegurarse de que los contenidos sean aprendidos, no memorizados.
alegria	Buen profesor
enojo	entregar una mejor retroalimentaciòn de los contenidos entregados en clases.
tristeza	Buen profesor, las pocas clases que tuvo fueron buenas, captaba la atención de los estudiantes. Si hubiera sido más comprometido con su labor, su evaluación sería mucho mejor.
enojo	No me parece un profesor preparado para dar clases no explica materias, es muy monótono, no ejerce interacción con estudiantes, solo lee textos. No se preocupa de que los alumnos estén aprendiendo o no, sólo se preocupa de cumplir su hora de clases.
ninguno	no conozco a la docente
enojo	no explica muy bien
alegria	Buenas clases
ninguno	debe ser mas estricto
ninguno	bajar el nivel del ramo utiliza el tromba que es de avanzado igual que utilice larson o zill.
ninguno	Se agradece el interés de la profesora por el avance de cada uno de sus estudiantes.
ninguno	Encuentro que explica bien la materia y tiene mucho dominio del tema, pero al momento de las tareas, test y certámenes hace ejercicios mucho más difíciles y enredados que en la clase.
alegria	Docente excelente, con grandes conocimientos y ademas vocacion por enseñar
enojo	le  falta mejor trato hacia los alumnos
alegria	me encanto el taller, deberian crear mas secciones por semestre
enojo	Debe hablar más fuerte porque muchas veces no se escucha lo que dice
ninguno	Sin comentarios.
ninguno	mas al enfoque matemático con practico
tristeza	Profesora con buen carisma dentro del aula. Entrega contenidos de la asignatura de forma clara pero aún así en mi caso hubo dificultad de comprensión
alegria	me entretuve y aprendí mucho del ramo
ninguno	enfatizar mas
ninguno	excelente docente
enojo	La profesora da a conocer los contenidos de manera clara, la cual somos capaces de comprender, sin embargo se demora mucho en subir las notas de evaluaciones.
ninguno	sin comentarios
alegria	todo ok
ninguno	le falta mas motivación
enojo	falta de puntualidad en horarios de clases
enojo	No motiva a estudiar con su metodo
ninguno	Siga igual profe
ninguno	no se realizaron clases
ninguno	Buen Profesor
alegria	Muy utiles sus clases
ninguno	Buen Jefe de carrera
ninguno	Que fue primero, el huevo o la gallina?
sorpresa	Domina muy bien la asignatura, pero falta más motivación y además que sea puntual en las clases
ninguno	el contenido de la asignatura deberia estar mas enfocado a lo que realizaremos en el campo laboral y en como enseñar lo aprendido
ninguno	Se sugiere no pasar la materia de forma tan acelerada
alegria	Clases muy llamativas y agradables. Excelente manejo del contenido
ninguno	Buen profesor
ninguno	es muy bueno explicando en cada clases
enojo	no me hizo clases
alegria	Excelente profesor
ninguno	Hablar más lento
alegria	Excelente docente
alegria	excelente profesor y mejor persona.
alegria	Las clases son muy buenas y motivan al alumno a poner atencion
sorpresa	Cercania con los estudiantes
ninguno	Buenas clases
alegria	El profesor desde un principio de la asignatura intentó que el curso fuera lo más ameno posible, intengrando tanto teoría como ejercicios prácticos que hicieron de la asignatura una instancia agradable.
ninguno	utilizar formas mas didácticas para realizar la clases, hablar mas alto
enojo	Intentar no distraerse con las preguntas que le hacen mis compañeros y que lo desvían del tema principal de la clase
alegria	muy buen profesor.
ninguno	buen profesor
ninguno	buena profesora
alegria	divertida espontanea y demuestra felicidad
ninguno	Domina los contenidos. El aprendizaje no se logra hablando la hora (cada sagundo) completa de clases.
ninguno	no me hizo clases
sorpresa	Considero que en ocaciones le hace falta mas empatia con los estudiantes. Tambien considero que es imparcial para evaluar y tratar a los alumnos.
alegria	El tiempo para aplicar las evaluaciones era poco, en relación con el requerido para el desarrollo de este
ninguno	Profesor responsable
enojo	buen profesor, pero debería cambiar  la actitud de no dar permiso para salir al baño a los alumnos.
alegria	Profesor que esta siempre dispuesto a ayudar a los alumnos.
ninguno	Buen profesor, buen manejo de contenidos, en ocasiones poca claridad en la entrega, pero se entiende que es por la dificultad de la asignatura.
alegria	buen profesor
alegria	Es un muy buen profesor y didáctico a la hora de enseñar, además crea un clima de confianza y respeto en la sala de clases.
ninguno	grf lo mejor
ninguno	buen profesor
alegria	Retroalimentación de certámenes
tristeza	Opino que la clase debería ser más didáctica ya que en algunas ocaciones llega a ser aburrida
alegria	Excelente profesora
ninguno	Buen profesor
ninguno	entragar las notas a tiempo
ninguno	ampliar plazo de entregas
enojo	Debe ser puntual
ninguno	sin comentario
alegria	Alto conocimiento y dedicado a enseñar
ninguno	Excelente docente, con mucho conocimiento y muy humana
enojo	Qué los certámenes sean basados en lo que explica en clases, no de comprensión lectora.
enojo	Tratar de distribuir mejor los contenidos de las clases para no hacerlas tan densas
tristeza	Muy buen profesor, pero muy poco empático
alegria	Excelente profesor, se espera mucho de él.
enojo	Le falta saber enseñar
ninguno	Falta mejorar la empatía con los alumnos
enojo	Buen profesor pero muy exigente a la hora de evaluaciones
alegria	muy buena profesora , buena disposicion
ninguno	buen profe
enojo	por  favor cumplir los horarios de llegada
ninguno	sin comentarios
alegria	Buen profesional
tristeza	no posee oficina
ninguno	que no se enoje tan rapido
ninguno	Mejorar la manera en que expone los contenidos correspondientes a la asignatura ya que en muchas ocasionas las clases se hacían aburridas y monotonas.
ninguno	detallar mas las trabajos a evaluar.
alegria	Buenas clases
ninguno	No hay sugerencias, las clases son excelentes.
ninguno	Realice esta asignatura en terreno.
ninguno	Buena profesora
ninguno	buenas clases
enojo	Al momento de citar a revisión se demora en presentarse
tristeza	la profesora cumple con la gran mayoría de los criterios establecidos pero por otro lado podría ser un poco mas alegre y no tan seria para tener un mayor agrado al momento de ir a sus clases.
alegria	las clases eran bastante entretenidas, por tanto teníamos mas motivación para seguir asistiendo
ninguno	hacer las clases mas rapidas
alegria	muy buena profesora
alegria	Buen profe
sorpresa	Es un poco enredado para enseñar
ninguno	Más disertaciones
ninguno	buen profesor
ninguno	Profesor especializado en su asignatura resuelve dudas y ayuda a los alumnos
alegria	Excelente profesor
ninguno	buen profesor pero le falta mas dinamismo en sus clases (son un poco aburridas y monotomas)
enojo	green energy is bullshit
alegria	buen profesor
sorpresa	fue muy buena la metodologia de este semestre de implementar Test cada 15 dias
ninguno	La asignatura es esencial para lamformación del estudiante
ninguno	No tengo sugerencias
alegria	Muy clara y precisa al momento de enseñar
enojo	Especificar más la materia
ninguno	Ninguna sugerencia
enojo	Ayudante que sea decente
ninguno	Faltó entregar material biliográfico y fuentes para respaldar la materia presentada y tambien para que el alumno pudiera profundizar los temas expuestos. En lo personal, la falta de esto hizo que no tuviera plena confianza en la veracidad de la materia.
alegria	Excelente docente
alegria	es buena profesora adapta a la enfermería a la actualidad
ninguno	buen profesor
ninguno	Organizar mejor los tiempos de la asignatura en general
ninguno	los practicos son los que dejan
alegria	innovador, empatico
ninguno	no me hizo clases
sorpresa	buena disposición para enseñar
alegria	Buena profesora
alegria	El profesor siempre tuvo interés para guiarnos.
alegria	Buena docente que maneja muy bien sus contenidos
ninguno	seguir con la metodologia
alegria	Excelentes clases, buen clima en el aula y disponibilidad del profesor ante consultas.
enojo	realizar clases con mayor motivacion y dinamismo
ninguno	docente muy aplicada, me siento conforme con su labor ejercido
ninguno	Quizá debería participar de las actividades junto con los alumnos.
sorpresa	podria hacer sus clases mas entretenidas, utilizar mas evaluaciones distintas, ya sea trabajos, etc y no solo certamenes.
ninguno	Debería facilitarnos las clases o subirlas a la plataforma
ninguno	sin comentarios
tristeza	Falta motivar más a los alumnos por aprender la asignatura.
alegria	Mucha Disponibilidad para ayudar a los alumnos y muy profesional en su area
ninguno	buen profe
alegria	Buena enseñanza
alegria	Atenta, cariñosa y exigente. Le amo<3
ninguno	Profesora atenta, preocupada, solo deberia mejorar en la puntualidad
alegria	Muchas gracias
ninguno	Tener horario de consultas
ninguno	Excelente docente que genera un espacio para cada estudiante dando a conocer su conocimiento,.
ninguno	mayor organizacion
ninguno	Excelente profesional
enojo	por mi parte no le podría llamar profesor.no sabe hacer clases.sus pautas de años anteriores estaban malas.no respeta el plazo de entrega de notas.
alegria	Muy buen profesor
alegria	Buenas clases
ninguno	Excelente clase
alegria	Profesor didáctico , con grandes conocimientos , sabe transmitirlos , y empático con sus alumnos ,  ami no me gusta economía , pero su manera de enseñar hace mas digerible el aprendizaje.
ninguno	Nada que agregar, ya que fue una asignatura eventual por el censo
alegria	Buen profesor
ninguno	Sin sugerencia
ninguno	excelente profesor
ninguno	debería presentar la asignatura, así como a si mismo a la hora de comenzar el semestre, aclarando objetivos y deberes de los estudiantes
ninguno	Sería interesante presentar aplicaciones de los contenidos teóricos a los espacios terapeuticos reales. Algo como exponer relatos de experiencias en donde determinados conocimientos fueron fundamentales.
enojo	Explicar la materia con mayor claridad
sorpresa	Un poco mas dinámico
alegria	Gracias por las clases
enojo	No hubo concenso en algunos temas con el otro profesor de ramo
ninguno	Sin sugerencia
alegria	Buen profesor
alegria	Excelente docente en el área práctica
ninguno	Poco tiempo de clases con ella, no existe opinion formada.
ninguno	Buena profesora, con buena disposición para aclarar dudas
alegria	es bueno
alegria	es un excelente academico maneja muy bien la información presentada, ademas esta al dia con las tendencias actuales y requerimientos del mercado.Sus clases son muy didacticas, entretenidas y motivadoras.Siempre apoya e incentiva a sus alumnos a ser mejor.
alegria	buen profesor
ninguno	exelente profesor
sorpresa	buen profesor
alegria	Buena docente
ninguno	muy buena profesora,
enojo	al momento de hacer retroalimentación o comentarios , que sea mas empático
alegria	Docente que maneja el ramo.
alegria	Excelente profesor, mucho manejo en el ramo
ninguno	Que utilice más el proyector. Y haga más ejerciocio que materia. Todo lo demás está muy bien.
enojo	- Realizar ejercicios en clase más complejos, ya que algunos son demasiados simples.- Entregar la pauta de las tareas u otra actividad realizada.
alegria	tela la estela
tristeza	Debe ser mas asertiva
sorpresa	buen profesor, falta más dinámica, es muy pasivo
alegria	las clases son entretenidas
sorpresa	Valoro mucho la preocupación de la profesora para formar buenas educadoras de párvulos.
alegria	Buen docente
ninguno	excelente profesora, preocupada por el aprendizaje de todos los estudiantes y ademas propicia orientación adecuada  para el pronto desarrollo laboral.
ninguno	Muy bien
alegria	Ayuda con todas las consultas o preguntas a los alumnos
tristeza	Sin comentarios
ninguno	buen profesor
alegria	Muy dedicado a su trabajo.
ninguno	Tiene bien sentido del humor como para ser profesor de física.
ninguno	Excelente docente.
alegria	Profesor comprometido con su asignatura
alegria	sus clases son muy productivas
alegria	Excelente docente. utiliza múltiples recursos para que el contenido sea aprendido en totalidad, no solo refuerza lo académico sino los valores como futuros profesionales, alto dominio de los contenidos, entrega recursos que facilitan el estudio.
alegria	Buenas clases
alegria	Me encanta
alegria	excelente dominio de contenidos
alegria	Me encantan sus clases
ninguno	es una persona muy preparada, comprometida
alegria	Un 70 como docente y como persona, muy responsable y preocupada. Siga así
ninguno	no tengo sugerencias
ninguno	no sugerencias
alegria	excelente profesora, demuestra confianza frente a sus estudiantes.
ninguno	muy buen profesor , explica muy bien la materia
alegria	Muy buena profesora, con buena disposición.
enojo	discriminación
ninguno	no tengo
alegria	es muy simpatico y hace sentir confianza de poder preguntarle lo que sea
enojo	mas plazo para proyecto
alegria	Buen profesor, explica bien los contenidos, y se asegura de que los alumnos entiendan
alegria	clases muy entretenidas y completas
ninguno	Un gran profesor, sabe de lo que habla su metodología de enseñanza es certera.
alegria	Muy buenas sus clases
alegria	the best
enojo	no maneja conocimientos
ninguno	no la conozco
alegria	Excelente profesora, demuestra dominio de todo tema tratado en clases.
alegria	excelente profesora.
ninguno	dar espacios de recreo (5-10 min) en la clase mas larga
ninguno	le falta ser mas pedagógica
ninguno	Profesora
ninguno	No le interesa enseñar
sorpresa	La profesora maneja la clase correctamente
alegria	Buena profesora, sus clases son agradables.
enojo	le falta ser mas respetuoso
enojo	Clases poco didacticas
sorpresa	Que la profesora se enfoque más en ejercicios prácticos que más nos acerquen a la vida real.
alegria	El profesor siempre crea condiciones para generar el interés de todos los alumnos
ninguno	buen profe.
sorpresa	Realiza rutinas de ejercicios un poco exigentes o inadecuadas para el nivel de los estudiantes.
ninguno	tiene mucho conocimiento, pero al enseñar se complica mucho.
enojo	Falta más responsabilidad como docente
alegria	Buen profesor
ninguno	Demasiada demora en la entrega de notas, sobretodo las últimas que son las más importantes.
ninguno	No era mi profesora
alegria	muy buena profesora
enojo	debe respetar las horas de clases
sorpresa	Buena profesora, muy irresponsable.
alegria	siga asi
ninguno	Podrían ser un poco más interesantes las clases
ninguno	muy interactivas sus clases
alegria	Excelente profesora
alegria	buena profesora
alegria	genera un buen ambiente para realizar las clases
tristeza	En proceso de docente
alegria	Muy buena profesora y buena asignatura
ninguno	buen docente
alegria	es un buen profesor esta todo bien
ninguno	No hay comentarios
ninguno	Buen profesor, con la paciencia para explicar las veces que sea necesario la materia que pasa
ninguno	Clases muy completas, coherentes y creadoras de opinión crítica
alegria	crea un buen ambiente en la sala y esta siempre dispuesto a ayudar
alegria	Enseña de manera práctica y eficaz el idioma en su nivel básico
ninguno	Buen profesor, buenas formas de enseñar, nada que decir.
ninguno	Sin comentarios
ninguno	profesor comprometido con enseñar a pesar de las dificultades de los alumnos y el entorno del diseño
ninguno	Excelente docente, buen guia.
ninguno	Fue una clase nomás, nada que decir.
ninguno	no tenia clases con este profesor
alegria	Una casignatura muy completa
enojo	al ser los certámenes muy extensos, el tiempo en el cual se revisaban fue mayor a lo establecido por reglamento
alegria	Gracias por su ciencia y dedicación. Cómo crítica constructiva: si quiere que aprendamos revit, quizás la clase podría ser distinta.
ninguno	Excelente profesor
ninguno	muy expresiva
enojo	Trate de no enredarse tanto al explicar, pero buen profesor y buena disposicion
enojo	Más volumen en la voz
alegria	Buen profesor, pero en las evaluaciones consideró contenidos no revisados.
enojo	pararse y leer los ppt en absolutamente todas las clases no considero que sea un buen manejo de sus temas a tratar en cada clase.
ninguno	nada que decir
alegria	Excelente docente, muy dedicada
alegria	buenas actividades practicas que hacen entender de mejor manera las unidades
ninguno	Me gustaron sus clases
ninguno	no era mi profe
ninguno	las clases fueron muy pocas como para dar una opinión concreta sobre como enseña el docente
enojo	Se necesita ser más empático y un poco más flexible con los estudiantes
tristeza	sólo me hizo laboratorios y me gustaron casi todos excepto curaciones que creo que falto profundizar muchísimo
ninguno	Demuestra paciencia,motivación,disponibilidad y firmeza.
tristeza	Hacer clases mas didácticas y ludicas
sorpresa	Muy buen profesor. A pesar de la complejidad de la materia trataba de explicarla de manera mas sencilla.
ninguno	no se
alegria	Buena Docente
alegria	Excelente docente, la que demuestra uun interes notable por que los contenidos puedan quedar claro, incorporando en sus clases distintos tipos de metodologías para la enseñanza, no solo las tradicionales. Profesora muy organizada con todo los aspectos.
ninguno	No hay sugerencias
alegria	Excelente desempeño
alegria	Excelente profesor, muy humano
alegria	ufff que semestre jajaja
alegria	Buena metodología para enseñar
ninguno	buen profesor
enojo	Buen profesor, falta un poco de responsabilidad para subir a la fecha las notas
alegria	excelente profesora con gran disposición
ninguno	La asignatura me pareció muy interesante e importante, ya que nos prepara para estar preparados cuando nos toque interactuar con niños con capacidades diferentes.
alegria	Un excelente profesor, se da el tiempo para responder cada duda que tiene el alumno.
ninguno	muy buen profesor que siempre trata de ayudar con cualquier duda o inquietud que se tenga en la asignatura
enojo	Una asignatura que no aporta en el desarrollo y que hacer profesional de los alumnos
alegria	Buena profesora
ninguno	Todo buen
sorpresa	siga así
ninguno	correcto profesor
alegria	buen profesor
ninguno	Mas tareas
ninguno	Buena profesora
alegria	buena clase
ninguno	Exclente docente. Preocupada de motivarnos como estudiantes y promueve a una mentalidad critica y objetiva.
ninguno	Si bien las clases, son en la mayoria de participación de los alumnos, y de cooaprendizaje entre los mismos, falta que la docente realice mas clases teoricas, ya que no todos los alumnos manejan el idioma ingles al mismo nivel.
enojo	Debe modernizar su metodología de enseñar
ninguno	Excelente profesor, creaba un ambiente grato y tenia toda la disposición ante cualquier duda
alegria	Realiza bien sus clases
enojo	más comprensión para los estudiantes
alegria	Buen profesor
enojo	solo presentar las calificaciones a tiempo
enojo	Si no tiene tiempo para la clase mejor que no la imparta.
sorpresa	clases muy didácticas y entretenidas de ver
alegria	profesor cumple objetivos
alegria	Buena profesora
ninguno	Profesora muy comprometida con la asignatura.
ninguno	La docente tiene buena disponibilidad para resolver dudas
ninguno	sin comentarios y sugerencias
sorpresa	sugiero realizar mas ejercicios prácticos y  crear una identidad como profesor
alegria	Muy buena profesora
alegria	clases muy buenas y gratas. Felicitaciones.
enojo	Es un profe regular
enojo	Encuentro que se equivoca en el desarrollo de los ejercicios
enojo	Creo que el ejercicio de redibujar los planos de un edificio patrimonial no eran tan pertinentes al ramo. Mas bien nos sentimos utilizados por el fin de la publicación del libro.
alegria	Entiende las dificultades de sus alumnos
alegria	Enseña claramente, las lecturas y lo enseñado en clases es muy consecuente.
ninguno	el profesor realiza la clase, pero no asegura el entendimiento de la materia al cien porciento
alegria	buen profesor
alegria	Es un excelente Profesional, muy humano y comprometido con la salud de los pacientes.  Sólo siento que le falta pedagogía (falta simplificar lo expuesto, y organizar mejor la forma en que entrega la información)
alegria	Buen profesor
alegria	Profesor altamente recomendable.
enojo	Que aprenda a explicar
alegria	La profesora Claudia tiene una forma de enseñar muy grata
sorpresa	El profesor domina muy bien sus conocimientos, se le entiende la materia y es dinamico en sus clases
alegria	Excelente profesor
ninguno	encuentro muy bueno su modo de enseñanza
ninguno	No tengo comentarios
sorpresa	Clases mas interactivas
ninguno	No tengo sugerencias ni comentarios
ninguno	Buen profesor con buena disposición en todo aspecto
alegria	ejemplo a seguir
enojo	esta asignatura presenta muchos problemas a nivel de contenidos y organizacion de parte de  profesora Elsa Martinez
alegria	El mejor profe de inglés q he tenido
enojo	aplicar mas ejercicios prácticos en su programa
ninguno	buen profesor
alegria	bien profe siga así.
alegria	Excelente profesora
ninguno	Entregar notas con mayor antelación
alegria	excelente profesora
ninguno	Demuestra dominio en el el tema de su asignatura, sin embargo no logra satisfacer mis necesidades respecto a la asignatura
ninguno	sin sugerencias
alegria	Excelente desempeño profesor
ninguno	entrega un buen material de apoyo
ninguno	buen profesor, domina su tema
ninguno	demasiada exigencia en el momento de la evaluacion
ninguno	Mejores ppt
alegria	Muy buen profesor!! aprendí mucho sobre uso de herramientas en el computador ademas de word, excel, ppt entre otras cosas muy amable y con mucha paciencia responde todas las dudas
alegria	Muy buen docente
ninguno	Excelente profesor, demuestra que sabe el contenido.
sorpresa	Excelente profesional, faltan profesores de este standar en la escuela de trabajo social
sorpresa	el profesor no es consistente en sus respuestas sobre contenidos estudiados, dando distintas respuestas a los estudiantes para una misma pregunta. en las evaluaciones considera una definicion erronea aunque esta este definida en el libro, entre otros.
alegria	excelente profesora
alegria	Sus clases son muy importantes para futuros profesores, ya que nos demuestra y nos aconseja como va a ser en la vida escolar real y esto nos ayudará para en un futuro ser mejores profesionales.
ninguno	Mostrar mayor autoridad en la sala de clases
alegria	Muy buena profesora
alegria	muy buen profesor
ninguno	Suele no tener mucho tiempo para atención alumnos
ninguno	ninguna sugerencia
ninguno	Buen profesor, motiva a los estudiantes y genera un ambiente de confianza. Sin embargo la entrega de calificaciones es tardía.
enojo	ser mas didactico
tristeza	hacer las clases mas entretenidas
alegria	un muy buen profesor
alegria	Me gusto la forma de explicación de la materia
enojo	trabajos mas didacticos
alegria	muy buen profesor
ninguno	No hay sugerencias
alegria	buena profesora muy inteligente, con la capacidad de encantar a las alumnas con la carrera, pero seria mucho mejor sobre todo en este ramo que de mas instancias para conversar sobre las vivencias en nuestros días de practica.
ninguno	muy buenas sus clases y entretenidas
ninguno	esperamos que haga ingles IV el próximo semestre, ya que por lo que dicen mis otros compañeros respecto a la otro profesora que dicta la asignatura, no aprendieron nada durante todo el semestre, solo se dedicaban a realizar las nubes de la plataforma
enojo	Tratar de avisar cuando llegara demasiado tarde a la clase
ninguno	Muy llevado a sus ideas
ninguno	Buena técnica de aprendizaje
alegria	Explica bien
alegria	Profesor con alto conocimiento de la asignatura y grato ambiente en sus clases, lo mejor son los laboratorios donde se exponen y enseñan los diferentes tipos de rocas y sus características.
ninguno	Muy buen profesor, él debió ser el jefe de asignatura
sorpresa	Muy buen profesor, explica claramente los objetivos y contenidos, no se me ocurre una sugerencia por el momento
ninguno	no hay comentarios
ninguno	Le falta manejar más los contenidos y motivar a sus alumnos
alegria	Buena profesora y responsable con las actividades de la clase
alegria	buen profesor
alegria	Entregar a tiempo las notas para poder revisar con tiempo los certámenes.
sorpresa	Explica bien a pesar de la complejidad de la asignatura
ninguno	No hay sugerencias
alegria	explica muy bien los contenidos
alegria	Buen profesor
tristeza	totalmente en desacuerdo con que el profesor siga impartiendo algún ramo para nuestra carrera
alegria	buen profe.
ninguno	más entendimiento
ninguno	Ser mas claro y organizado en la clase
alegria	En general sus clases son interesantes y buenas
alegria	Muy buen método de enseñanza
ninguno	Muy buen profesora
alegria	tiene buena disposición al responder dudas
ninguno	la primera metodologia que uso en el curso era la mejor
enojo	más dinamismo y practica de lo que teoriza para tener una vision holistica completa de su ramo en cuestion
ninguno	Nada que sugerir, las clases son completas y bien explicadas.
ninguno	No aplica
enojo	no tanto apoyo de las diapos y más diálogo
enojo	Falta puntualidad con la entrega de calificaciones.
ninguno	mejorar tono de voz
ninguno	necsita mayor libertad para impartir contenidos
alegria	Buena disposición para atender alumnos.
alegria	excelente profesora trata todos los puntos a evaluar paso a paso
enojo	las clases deberían realizarse temprano para prestar mas atención a la asignatura
ninguno	Sin comentarios
enojo	Le falta desarrollar y profundizar las clases
alegria	Es una profesora muy buena y muy atenta de las necesidades de sus alumnos.
enojo	Mucha utilización de guías , mucha perdida de clases
alegria	excelente docente, maneja profunda y extensamente los contenidos de las clases.
ninguno	Tiene gran conocimiento de lo que enseña
ninguno	no me hiso clases
enojo	Que hable algo más fuerte y modulador... A veces no se entiende bien porque además habla muy rápido
alegria	buena metodología de enseñanza
alegria	buen profesor
ninguno	Excelente profesor y gran conocedor de la asignatura que imparte.
alegria	Excelente profesor, siempre atiende con buena disposicion, sus clases son didacticas por lo tanto capta mi atencion
ninguno	No es mi profesor
ninguno	Bibliografía complementaria
alegria	Profesor amable con sus alumnos, lo que agradaba asistir a sus clases
ninguno	Con 1 o 30 alumnos se debe realizar clases igual.
enojo	falta un poco más de compromiso con las asistencias a clases
ninguno	Siga asi
ninguno	No hay sugerencias
alegria	muy buen docente
ninguno	Clases participativas y didácticas
enojo	que realice en pizarra mas ejercicios con los cuales se pueda ver como proceder en cada ejercicio.
enojo	Docente con buena disposición, organizada para la realización de clases. Se sugiere horarios establecidos para la corrección de certámenes en esta asignatura.
alegria	Muy buena profesional y profesora .
ninguno	Los jitts no sirven
alegria	Buen profesor
sorpresa	Explica muy bien los contenidos, lo único que me hacia sentir incomoda era que las clases las terminaba el ayudante a veces.
alegria	Profesora muy clara al momento de explicar una idea o concepto.
ninguno	nada que decir
ninguno	Falta interacción en sus clases
alegria	Excelente Profesora
alegria	Buena docente
alegria	muy entretenida la clase
ninguno	Falta que sus clases sean mas dinámicas
alegria	Excelente docente explica muy bien y se preocupa de que cada uno aprenda
alegria	todo ok
sorpresa	Ninguna sugerencia.
ninguno	La profesora es muy puntual, atenta, cercana, responsable, respetuosa y tiene mucho dominio sobre la materia.
ninguno	sin comentarios
ninguno	Todo bien
asco	podria ser mas imparcial en sus enseñanzas
enojo	que explique mejor en clases, aveces no se le entiende nada de lo que él dice
enojo	habla como metralleta pero los power apañan :like:
ninguno	Todo bien
ninguno	un poco serio.
alegria	buen profesor
alegria	Muy buen profesor
alegria	deberia impartir siempre el ramo de econometria este profesor!!
enojo	Podría ser más flexible para modificar fecha en los test que sólo valen un 2,5% cada uno
alegria	buen profesor
enojo	Como sugerencia podría decir que quizás debería trabajar en otra cosa y no como profesora, para ser profesora de calidad en una universidad tan prestigiosa, primero debe asistir a clases, mostrar algo de compromiso y pasión por su trabajo. Una verguenza
alegria	buen profesor
ninguno	exelente profesor sigua asi
alegria	gran entrega en su trabajo
alegria	muy buen profesor
alegria	buen profesor
ninguno	Exelente profesora de orientacion
sorpresa	muy comprometido
ninguno	Comenzar las clases puntualmente.
ninguno	excelente profesor
ninguno	buen profesor
ninguno	escuche opiniones sobre su ramo.
alegria	clases teoricas y practicas motivadoras
alegria	Genera un ambiente grato y de confianza
alegria	su método de enseñanza es muy efectivo
sorpresa	excelente profesor con el cual se crea un ambiente muy grato en sus clases, incita a la participación de los alumnos en su clase.
ninguno	Sin comentarios
ninguno	Profesor dinámico
ninguno	buena profesora
ninguno	espero que este segundo semestre sea igual como lo fue en el primero
ninguno	Muy bueno
alegria	Mejorar el tiempo de entrega de evaluaciones
alegria	Buen profesor
ninguno	Buen profesor, quizá si aplicara otros instrumentos de aprendizaje los alumnos tendrían mas interés en participar.
alegria	buena profesora, clara en sus explicaciones,puntual con entrega de notas
alegria	Gracias por lo enseñado profesora
ninguno	Buen profesor
ninguno	Falta dominio de tema
alegria	una profesora impecable
sorpresa	siempre me gusto asistir a sus clases, por el motivo de que el porfesor sabia llevar bien sus clases y con esto hacia que el estudiantado pudiera estudiar con mas ganas su materia.
ninguno	Profesor muy metódico
alegria	buen profesor
alegria	Me gusta la metodología de las clases, y cumple al pie de la letra con los acuerdo de reuniones
alegria	Buena docente
alegria	Muy clara al momento de exponer la clase, dispuesta a responder todas las dudas.
alegria	Un muy buen profesor
ninguno	nada que decir
enojo	como sugerencia que sea mas cercana con los alumnos
ninguno	Sin Comentarios
alegria	Buena docente, con disposición y conocimiento de la asignatura.
sorpresa	Excelente profesor, buena didactica para realizar las clases
alegria	Muy buena profesor. Aprendi ingles gracias a su buen uso de la tecnologia
tristeza	Lamentablemente no me pudo hacer clases este semestre por lisencia medica
enojo	criterio de evaluacion
tristeza	podria hacer que los estudiantes participen mas en el desarrollo de ejercicios
enojo	Si quiere considerar asistencia como requisito para rendir certámenes, debería también recuperar las clases que suspende
ninguno	Profesora que se destaca por su buena voluntad y disposición al momento de responder dudas dentro o fuera del horario de clases. Además muy preocupada por que todos aprendamos.
alegria	excelente profesora
alegria	Maneja bien el tema
enojo	Falta mas teoria
enojo	No permite revisar todas las evaluaciones. En los laboratorios de soldadura evaluó como si fuéramos soldadores profesionales lo en 80 minutos es muy difícil deconseguir
ninguno	supo sobrellevar al grupo y beneficiarle
alegria	Excelente profesor, demuestra de muy buena manera su total manejo de los conocimientos que nos entrega y lo hace de la mejor manera.
alegria	Profesor con muy buena disposición para enseñar y responder consultas