Desagrado;Que mal. Pero por otro lado como se dice hay que vivir en sangre propia para saber como se siente. Y ahora saben #NoMasViolencia #Renunciapiñera #Noestamosenguerra #ONUhttps://twitter.com/inddhh/status/1189291617238298624 …[ URGENTE] Observador del INDH se encuentra herido por siete balines disparados contra su cuerpo, es trasladado de urgencia a un centro asistencial desde la Alameda pic.twitter.com/h9dX7nwqKF
Desagrado;Esto es el colmo!!! #noestamosenguerra #ChileJustohttps://twitter.com/inddhh/status/1189291617238298624 …[ URGENTE] Observador del INDH se encuentra herido por siete balines disparados contra su cuerpo, es trasladado de urgencia a un centro asistencial desde la Alameda pic.twitter.com/h9dX7nwqKF
Miedo;Osea, si carabineros le dispararon aún observador de los DDHH, que nos queda a nosotros.#LaMarchaMasGrandeDeChile2 #ChileDesperto #Noestamosenguerra https://twitter.com/inddhh/status/1189291617238298624 …[ URGENTE] Observador del INDH se encuentra herido por siete balines disparados contra su cuerpo, es trasladado de urgencia a un centro asistencial desde la Alameda pic.twitter.com/h9dX7nwqKF
Desagrado;@sebastianpinera no entiende nada Brutito @biobio agreden a un integrante del #INDH #Noestamosenguerra #NoMasViolencia #ChileDespertohttps://twitter.com/inddhh/status/1189291617238298624 …[ URGENTE] Observador del INDH se encuentra herido por siete baline
Confianza;Vamos con todo #ChiquillEs #LaMarchaMasGrandeDeChile2  #NoEstamosEnGuerra https://twitter.com/juan_ecorrea/status/1189270161578180608 …Hoy marcha, #CerroBarón, #VanBuren, #PlazaVictoria a #GustavoFricke #Salud #ViñaValpo #EstoNoHaTerminado @colmedchile @CHVNoticias @RitoqueFM @aprusam pic.twitter.com/pVaNm1fXsj
ira;Esto es Fake de los pacos qlsPara eso sirven para montajesPará reprimir parvulariasPero para detener saqueos e incendios desaparecen#RENUNCIAPIÑERA #Noestamosenguerra#marchapacifica@TVN @24HorasTVN @canal13 @chilevision @meganoticiascl @MegafonoPopular @PiensaPrensapic.twitter.com/Ean4O1P3DN
Desagrado;#Noestamosenguerra #ChileSomosTodoshttps://twitter.com/PiensaPrensa/status/1188955315024355328 …#Chile: Seis Carabineros contra una joven manifestante  #Santiagovía @FleurDelacourje pic.twitter.com/AuKyFjU9u8
Desagrado;#Antofagasta #ChileSomosTodos #Noestamosenguerra https://twitter.com/Genesis_PP/status/1189285532834156544 …MÁXIMA DIFUSIÓN: en #Antofagasta detienen d forma ilegal a joven q transitaba en la calle. Marcelo Pérez se llama y supuestamente le hicieron control d identidad pero lo detuvieron. X el centro de Ricaventura …
Desagrado;LE PASA ALGO POR SU IRRESPONSABLE ACTUAR MIRE EN ESTO TERMINO SU CONVOCACIÓN A MARCHA AYER LUNES.#QueremosVivirEnPaz #NoMasViolencia #Noestamosenguerra pic.twitter.com/vov95vNSUy
Miedo;La patria no es más que su gente, y hoy la gente de Chile está en peligro de perderlo todo. Nuestros derechos fundamentales sí valen la pena. Defenderlos con uñas y dientes es lo que nos queda. #RenunciaPiñera #AcusacionConstitucional #Noestamosenguerra https://twitter.com/fuedicho/status/1189223327245787138 …“Cuando la patria esta en peligro, todo esta permitido, excepto, no defenderla”.José de San Martín#Fuedicho pic.twitter.com/bbGDBmxcWW
Alegria;Maravilloso ver como se reune tanta tanta gente a manifestarse pacíficamente #ChileDesperto #NoTenemosMiedo #Noestamosenguerra
Desagrado;Declaramos en R3b3ld14 a todos los que hoy están en la calle (Chile) #renunciapiñera #fuerzachile  #todosjuntos  #resistencia #chile #chiledesperto #nosdeclaramosenrebeldía #elderechodevivirenpaz #marcha #noestamosenguerra #nomasabusos #chileunido #libertad #derechoshumanospic.twitter.com/Oi6fTtzKjE
Confianza;Adheridas al paro nacional!!!  #ParoNacional #PuenteAlto #Noestamosenguerra pic.twitter.com/j9INnJLwUo
Miedo;Hoy empieza otra “guerra” contra los que queremos un cambio .. reduccion de sueldos ,atrasos en pago de sueldo ,recortes de hora de trabajo  y aumentos de horas sin remuneracion !!Con gusto !! Me apreto el cinturon  si eso significa cambios de verdad!! #marcha #Noestamosenguerra
Desagrado;Que personaje más nefasto el innombrable! No le respondan por favor! Ignórenlo! No vale la pena #ChileEnHuelga #NoEstamosEnGuerra
Desagrado;A mi madre una R3b3LD3 y a todas las mujeres de Chile por resistir. #renunciapiñera #fuerzachile  #todosjuntos  #resistencia #chiledesperto #nosdeclaramosenrebeldía #elderechodevivirenpaz  #noestamosenguerra #nomasabusos #chileunido #mujer #libertad #derechoshumanos #dignidadpic.twitter.com/3qLKgmXSiT
Tristeza;Compartiré  estas imágenes que me enviaron. Por todos los que han muerto en la lucha, a los torturados, los desaparecidos, los golpeados, abusados, vulnerados sus #DDHH  atacados por las #FuerzasArmadasSinGloria amparadas por #PiñeraviolaDDHH #Noestamosenguerra pic.twitter.com/wg4ecCieUQ
Desagrado;Sin justicia no hay paz! Hoy en Barcelona condenamos la violencia Estatal en Chile y conmemoramos a lxs caídos en la lucha#ChileDesperto #ChileDespertoBCN#DestituciónConstitucionalAPiñera#EstoNoHaTerminado#ChileNoSeRinde#ResisteChile#NoEstamosEnGuerra#SeguimosEnLaLuchapic.twitter.com/6Y7WeX1r9a
Desagrado;Declaramos en R3b3ld14 al hermano que clama dignidad (Chile) #renunciapiñera #fuerzachile #revolucion #todosjuntos  #resistencia #chile #chiledesperto #nosdeclaramosenrebeldía #elderechodevivirenpaz #marcha #noestamosenguerra #nomasabusos #chileunido #libertad #derechoshumanospic.twitter.com/Vz2kOmRRXu
Desagrado;Declaramos en R3b3ld14 a la combatiente anónima (Chile) #renunciapiñera #fuerzachile #revolucion #todosjuntos  #resistencia #chiledesperto #nosdeclaramosenrebeldía #elderechodevivirenpaz  #noestamosenguerra #nomasabusos #chileunido #mujer #libertad #derechoshumanos #dignidadpic.twitter.com/PYBnyR8VkT
Desagrado;#EstoNoHaTerminado#ChileNoSeRinde#FuerzaChile  #AwanteValpo#AcusacionConstitucionalAPiñera#RenunciaPiñera#NoEstamosEnGuerra#PacosCSM #ONU#ElPuebloUnidoJamasSeraVencido https://twitter.com/JLPerezOnline/status/1189285429905936384 …Así terminó la marcha. Manifestantes ahora dispersos por calle aledañas a Pedro Montt en Valparaíso @Cooperativa #CooperativaTeSuma #CooperativaRegiones pic.twitter.com/VNSoaVej3t
Confianza;Que la música siempre nos  acompañe, sobre todo en esos momentos.#elderechodevivirenpaz #noestamosenguerra #marichiweu https://www.facebook.com/story.php?story_fbid=10220572003669627&id=1220005611 …
Alegria;Esto es parte de lo que está diciendo #Chile, ¿por qué?, porque #ChileDespertó. Gracias @Xime_Gonza_#ChileDesperto #ParoNacional #ChilenosQueHablan #Noestamosenguerra #NoMasAbusos #NoMasAFP #LaMarchaMasGrandeDeChile2pic.twitter.com/Nb7RqGMUjs
Confianza;"Por un chile más justo, por pensiones dignas para nuestros abuelos #ChileEnRebeldia #ChileDesperto #ChileQuiereCambios #ChileResiste #Noestamosenguerra https://twitter.com/piensaprensa/status/1189279707533139968 …Por ti abuelo, por ti abuela. Por tod@s los pensionados de Chile. ""La lucha es por ustedes"". Mil gracias muchachos !! pic.twitter.com/CU1L3uaOVD"
Desagrado;(2/2)#PrensaCorrupta #LaMarchaMasGrandeDeChile2 #LoQueLaTeleNoMuestra #Noestamosenguerra #NoMasViolencia #AsambleaConstituyentepic.twitter.com/mTTEtb9jEu
Confianza;En este minuto en pleno centro de Concepción. Aunque no lo parezca, #Noestamosenguerra pic.twitter.com/i4XOvKZLYD
Confianza;Un Chile que habla con voz propia #ChileDesperto #Noestamosenguerra #chileciudadano #ChileSomosTodos #estoestapasandoenchile #BastaDeAbusos #ChileResiste #ChileQuiereCambios #LugaresQueHablanpic.twitter.com/BUerJHP207
Desagrado;Declaramos a los músicos en R3b3ld14 (Chile) El derecho de vivir en paz. #renunciapiñera #fuerzachile #revolucion #todosjuntos  #resistencia #chiledesperto #nosdeclaramosenrebeldía #elderechodevivirenpaz  #noestamosenguerra #nomasabusos #chileunido #libertad #derechoshumanospic.twitter.com/em9vb8c2LX
Desagrado;#EstoNoHaTerminado #PineraDictador #ChileDesperto #Noestamosenguerra #LaMarchaMasGrandeDeChilehttps://twitter.com/valesqin/status/1189160043083632642 …El actuar criminal de FFEE pic.twitter.com/sWA0gChdyg
Desagrado;Declaramos en R3b3ld14 a San Fernando (Chile) El derecho de vivir en paz #renunciapiñera #fuerzachile #revolucion #todosjuntos  #resistencia #chiledesperto #nosdeclaramosenrebeldía #elderechodevivirenpaz  #noestamosenguerra #nomasabusos #chileunido #libertad #derechoshumanospic.twitter.com/dCAMDnKquh
Desagrado;Declaramos en R3b3ld14 a Rodrigo Martínez, Iquique (Chile) #renunciapiñera #fuerzachile #revolucion #todosjuntos  #resistencia #chile #chiledesperto #nosdeclaramosenrebeldía #elderechodevivirenpaz  #noestamosenguerra #nomasabusos #chileunido #libertad #derechoshumanos #dignidadpic.twitter.com/pcJhz0Ftcy
Desagrado;"No son 30 pesos del alza del transporte público, son 30 años de desigualdad #ChileDespertoBCN#DestituciónConstitucionalAPiñera#EstoNoHaTerminado#ChileNoSeRinde#ResisteChile#NoEstamosEnGuerra#SeguimosEnLaLuchahttps://twitter.com/chileokulto/status/1189213164153573376 …Es bueno que ""con copas y vasos"" nos cuenten cómo es la ""exitosa"" manera de CAGARNOS!! pic.twitter.com/WDGMORLdYs"
Miedo;El @inddhh dice que sean producido 20 muertes desde la semana pasada 5 en manos de #agentesdelestado y 15 por otras causas pero esas 5 son las importantes eso se llama #ideología #NoMasViolencia #NoMasMarchas #Noestamosenguerra #incongruenciadeizquierda #ChileDespertó #Chile
Confianza;#Nodejemosdepelear#LaMarchaMasGrandeDeChile2#Noestamosenguerrahttps://www.facebook.com/787941268042453/posts/1377270895776151/?sfnsn=mo&d=n&vh=e …
Desagrado;#desigualdad #NuevaConstitucion No dan soluciones y nunca legislaron para lograr menos desigualdad. #HabranConsecuenciashttps://twitter.com/elmostrador/status/1189300735143485440 …La “paz social”, la primera prioridad de Blumel a la cabeza del gabinetehttps://tinyurl.com/yxeswfq2  pic.twitter.com/J8SrRTtIyu
Confianza;San felipe no descansa... #NuevaConstitucion  pic.twitter.com/7v32Vo5pK7
Confianza;La lucha sigue!  #UnidadEnLaDiversidad#AmericaLatinaZonaDePaz#HeroicoPuebloDeChile#AsambleaConstituyente#NuevaConstitución pic.twitter.com/HoS2n0hzth
Alegria;Gracias infinitas por tener tánta empatía y solidaridad con l@s ciudadan@s que somos la mayoría en éste territorio !!Por ésto y por todo lo demás(Que es inconmensurablemente injusto):#NuevaConstitucion #ReferendumRevocatorio #PlebiscitosVinculantes #AsambleaConstituyente
Confianza;#LaMarchaMasGrandeDeChile2 #ChileDesperto #NuevaConstitucion pic.twitter.com/oBlBctnofd
Confianza;Si se puede... Si se puede...#FueraPiñera #NuevaConstitucion https://twitter.com/dw_espanol/status/1189200296834224128 … #Breaking: Renuncia del gobierno de LíbanoEl primer ministro #Hariri anunció la dimisión de todo su Gobierno, después de dos semanas de protestas…
Desagrado;"Súmele a observador de dd.hh fue atacado con SIETE PERDIGONES. Ministro Blumel debe responder y frenar la represión desmedida de Carabineros.#ULTIMAHORA #LaMarchaMasGrandeDeChile2 #ChileDesperto #ChileEnHuelga #AsambleaConstituyente #PlazaItalia #NuevaConstitucion #indhhttps://twitter.com/latercera/status/1189300881356972037 …Investigadora de Amnistía Internacional: ""Este tipo de situaciones no esperábamos verlas en Chile. Ha sido una mala sorpresa para todos"" http://bit.ly/2Wl8cxG  pic.twitter.com/yrii2SlLuS"
anticipación;Para avanzar, debemos ponernos en el lugar de las personas que sufren día a día el rigor de este nefasto sistema económico #EstoNoHaTermimado #NuevaConstitucion #ChileDespertopic.twitter.com/qHOKW8grtt
ira;Esto no ha terminado  #RenunciaPineraQliao #AsambleaConstituyente #NuevaConstitucion #EstoNoHaTermimado #MarchaMasGrandeDeChile2pic.twitter.com/clfIXATYSn
ira;Y todavía hay gente que cree que con votos, va a cambiar algo.Chile ya no es el mismo, seguiremos ocupando las calles, es nuestro espacio y no la soltaremos!!!#NuevaConstitucion#PiñeraALaCarcel
Desagrado;Proyecto de Ley que permite plebiscito ciudadano para Reformar Constitución! El gobierno no iba a presentar este proyecto. Que ahora enfrente la presión ciudadana.#NuevaConstitucion #AsambleaConstituyentehttps://twitter.com/LatorreJI/status/1189277614462111751 …Ingresado proyecto de ley que tiene por objetivo reformar el capítulo V de la actual Constitución, y así iniciar un plebiscito ciudadano que permita al pueblo decidir si quiere una nueva Carta Magna, y bajo qué…
Confianza;Como @elfrente_amplio estamos por un debate abierto y soluciones democráticas. Por eso desde diferentes partidos invitamos a @gblumel a un diálogo honesto para conversar sobre la propuesta de #Plebiscito por una #NuevaConstitución para que #LaMayoríaDecidahttps://twitter.com/javiera_tc/status/1189298186541846531 …La sociedad ya se ha expresado ministro @gblumel, ¿Cuánto esperará para escuchar al mundo político y actores como @UnidadSocialCh? Desde el @elfrente_amplio lo invitamos a un diálogo abierto. Le enviamos carta formal con invitación.
Desagrado;Solo quieren amedrentar la PROTESTA POPULAR, con represión desatada... sepa este gobierno dictatorial, que nada detendrá!!!#EstoNoHaTermimado#NuevaConstitucion#PiñeraALaCarcel
ira;Gobierno de Piñera intentara engañar con llamados a la pacificación pero con la más brutal represión policial #NuevaConstitucion #renunciapiñera
Confianza;Mañana haré clases de Historia ayúdeme con Rt  Gracias. #Calama #NuevaConstitución #Chile #AsambleaConstituyentepic.twitter.com/S2zyEaYgiL
ira;"Estas son las personas a las que tú @sebastianpinera llamas ""vándalos"". Una vergüenza que ataques al pueblo chileno que grita descontento, tu manera de enfrentar la situación es ofensiva y denigrante, tienes la caga en el país, date cuenta#NiPerdonNiOlvido#NuevaConstitucion https://twitter.com/PiensaPrensa/status/1189279707533139968 …Por ti abuelo, por ti abuela. Por tod@s los pensionados de Chile. ""La lucha es por ustedes"". Mil gracias muchachos !! pic.twitter.com/CU1L3uaOVD"
ira;Dice que la prioridad es aprobar las leyes cortas que propuso el nefasto de #PineraDictador , que la gente no quiere, ni necesita #AsambleaConstituyente ni #NuevaConstitucion . Entérate que la gente si lo pedimos, y lo necesitamos!! #jackelinevanrysselberghe sal de tu burbuja
Alegria;Chile Cambió. Son miles en las calles. No debemos dejar de movilizarnos hasta una #AsambleaConstituyente para #NuevaConstitucion #LaMarchaMasGrandeDeChile2pic.twitter.com/go1UipS628
Desagrado;Que lo acusen y después #QueSeVayanTodos#QueRenunciePiñera  #AsambleaConstituyente  #NuevaConstitución https://twitter.com/PipeHenriquezO/status/1189297366957993986 …RT-RT.Diputados del FA junto con todas las bancadas de la oposición confirman que presentarán Acusación Constitucional contra ex Ministro Chadwick…
Confianza;Abogado Felipe Vega G. (Altamar Asociados) ingresó denuncia a la FNE por colusión de medios de televisión organizada por Andrés Chadwick- https://www.fayerwayer.com/2019/10/denuncia-abogado-colusion-television-chadwick …#estadodeemergencia #colusión #chadwick #fetra #nuevaconstitución #chilenosquehablan #lamarchamasgrandedechile2
Desagrado;Les queda clarito a los de derecha, que peleamos por una nueva constitución, no andamos saqueando, ni quemando, ni asaltando ojo a no desligitimar lo bueno de esto, el lumpem, los saqueadores, los destrozadores, los asaltantes, los incendiarios no pertenecen a #NuevaConstitucion https://twitter.com/JamesHamiltonCL/status/1189136817683095553 …La gran injusticia proviene del modelo neoliberal feroz que instauró pinochet, el mismo de la Constitución votada en dictadura. No necesitamos oponernos unos a otros, necesitamos unirnos y en torno a un nuevo modelo económico y constitución , sólo podemos mejorar
Confianza;https://m.facebook.com/story.php?story_fbid=467095573905152&id=101200287088690 …Hay que ir a por todo. nada de parches ni de medios gabinetes #QueSeVayaPiñera  #NuevaConstitución  #NoAlGatopardo
Sorpresa;¿Qué será lo que está pidiendo la gente?#chile #EstoNoHaTerminado #nuevaconstitucion #marcha #lamarchamásgrandedechile en Santiago, Chile https://www.instagram.com/p/B4N7qLmFauV/?igshid=ihjbt3ebftr1 …
Confianza;Hoy el Pueblo de Chile tiene la oportunidad histórica de terminar con la Constitución Política de la Dictadura y darse una nueva de manera democrática.Gobierno de piñera-blumel intentara engañar con llamados a la paz pero con la más brutal represión policial #NuevaConstitucion
Desagrado;#NoMasEncapuchados en esta foto veo por lo menos 3... pic.twitter.com/E5t7uS9fGQ
ira;#nomasencapuchados paren la wea ya tienen de casero a los locales cercanos de plaza italia, y esa wea no le afecta a ningún politico, solo a la gente común
Desagrado;#nomasencapuchadosBasta de capuchas!!! Deben agarrarlos, darlos de baja y encarcelarlos.#LaMarchaMasGrandeDeChile2pic.twitter.com/NBltVsayJU
ira;Vengan a mamarse el gas pimienta y las lacrimógenas, enfermos culiaos. #nomasencapuchados
ira;Avisenle a los flaites que están tirando piedras que está jugando Vidal en el Barcelona, apuesto a que se va más de la mitad de los weones.. #nomasencapuchados #ChileDesperto #ChileEnRebeldia
Desagrado;Ya poh cómputines, ¿cuando lanzarán el waze de las protestas? En Valparaíso es un laberinto el caminar. @sitiodelsuceso #nomasencapuchados
ira;#nomasencapuchados estos weones son los que echan a perder las marchas pacíficas. Qué se vayan a la mierda!
Desagrado;Ley contra encapuchados. El que quiera manifestarse que lo haga, pero dando siempre la cara #nomasencapuchados
ira;Paren la weá como diría el ñrofesor rosa #nomasencapuchados
Desagrado;Vuelve la Burra al trigo... #nomasencapuchados
Desagrado;#nomasencapuchados en Quilpué los encapuchados se tomaron la calle Claudio Vicuña, están destrozando lo poco y nada que queda y ningún Carabinero. Hubiese sido una marcha pacífica estaba hasta http://FF.EE
Desagrado;#ChilenosQueHablan #LaMarchaMasGrandeDeChile2 #chile #NoMasViolencia  pork no ponen toke de keda en el Congreso así no dejan salir a ningún politico hasta k se pongan de acuerdo y solucionen todo lo k pide el pueblo  #nomasencapuchados @aluksicc @marcelobarti @meganoticiascl
Desagrado;Pidanle a Piñera que en vez de pedirle perdón al pueblo, que le pida perdón a Maduro, y de rodillas, o la auto destrucción sigue #ChileDesperto #nomasencapuchados #ULTIMAHORA
Desagrado;Hemos presentado más querellas en 10 días que en todo el año pasado... Eso fue una queja o que? Les tocó ganarse los 6 palos mensuales.. #INDH #ChileSomosTodos #nomasencapuchados #ChileEnRebeldia #ChileDesperto
Desagrado;No pueden disimular la DESESPERACIÓN, fachos?Dato Útil: Los pasajes a Brasil se dispararon#LaMarchaMasGrandeDeChile2 #ChilenosqueHablan #nomasencapuchados #NoMasMarchashttps://twitter.com/KarolCariola/status/1189236928375382017 …¡Ojo! Hay un esfuerzo sistemático y organizado por desvirtuar #LaMarchaMasGrandeDeChile2 que se está convocando para hoy. Incluso usuarios de tuiter denuncian que hay cuentas de derecha involucradas…
Miedo;El país está detenido, necesitamos paz. #NoMasViolencia #nomasencapuchados
Desagrado;#chilenosquehablan #nomasencapuchados #HabraConsecuencias #ChileDesperto #ChileEnRebeldiahttps://twitter.com/al2salas/status/1189018737170620416 …Podria haber sido explicado por otro...pero mas claro? Imposible!…
Confianza;Cartel pegado en la protesta #LaMarchaMasGrandeDeChile2 #PineraCínicoMacabro #PrensaCorrupta #nomasencapuchados #PineraDictador #AsambleaConstituyente #ChileDespertoً #ChileNoSerinde #ChileSomosTodos #ChileViolatesHumanRigths #ChileResiste #ChileProtests #chiledespiertapic.twitter.com/qpgvSjhf5A
ira;#chiledespertó #NoMasViolencia de que despertamos estamos igual no sean wnes no confíen en el primer wn que tira la piedra, #nomasencapuchados si queremos un cambio quemando y destrozando el país no vamos a lograr nada, con la marcha del viernes nos escucharon en el exterior  pic.twitter.com/gbyAOTR99X
Desagrado;"quieren el poder a toda costa y destruir la #Democracia. #IzquierdaGolpista máximos culpables de todo, 23 años gobernando, los partidos + ricos de #Chile. #BastaDeViolencia #ChileQuierePaz #nomasencapuchados @gblumelhttps://twitter.com/maylwino/status/1189004739201159168 …Irresponsable!!!!                          Teillier: ""Puede que la acusación se pierda, pero no en las calles"": https://www.eldinamo.cl/nacional/2019/10/28/guillermo-teillier-por-acusacion-constitucional-puede-que-se-pierda-en-el-parlamento-pero-no-en-las-calles/ …"
Tristeza;Chile #NoMasViolencia #nomasencapuchados https://twitter.com/IdeasporC/status/1189283414039552004 …Insolito e irresponsable. Todos amamos #Chile y tu? Lo amas? Si es asi aporta... #NoMasViolencia #nomasencapuchados
Miedo;"“El que tolera el desorden para evitar la guerra, primero tiene el desorden y luego la guerra""Maquiavelo, El príncipe 1513 #nomasencapuchados"
Desagrado;Cuando el flaite del canal lo dejan en el GC de @CHVNoticias xD tiyile ailaoh loh incidentes xD #nomasencapuchados #RenunciaIsamit #RenunciaPiñera #PineraDictadorpic.twitter.com/chdi4rehLc
Desagrado;#NoMasMarchas #nomasencapuchados #QueremosPazhttps://twitter.com/locachiri/status/1189157739282522112 …#NoMasViolencia #QueremosPaz #nomasencapuchados pic.twitter.com/pNQtlNzdIj
Desagrado;#nomasencapuchados este hashtag debiera ser #nomasladronesdecuelloycorbata estos son peores que los que luchan para que seamos escuchados!!
Confianza;Insolito e irresponsable. Todos amamos #Chile y tu? Lo amas? Si es asi aporta... #NoMasViolencia #nomasencapuchados
Desagrado;No más pacos encapuchados #nomasencapuchados
ira;Nos estan garchando a todos (por izq y dere)El FORO DE SAO PAULO Y Sus 5 Planes Para Latinoamérica  | El Grupo De P... https://youtu.be/jqMvt6jBTZY  #LaMarchaMasGrandeDeChile2 #nomasencapuchados #ChilenosQueHablan #Truco
ira;#ChilenosQueHablan #nomasencapuchados #bailapikachu #LaMarchaMasGrandeDeChile2 TODOS DESPUES DEL CAMBIO DE GABINETE: Piñera qlo :vpic.twitter.com/g4bLkwAvtn
Miedo;Me comentan desde el centro de Stgo que debido a la falta de Carabineros están asaltando a las personas , esto se descontrolo y no vemos acciones concretas.  #nomasencapuchados #nomassaqueos
ira;Y para eso tu eres #Diputada?? No tienes ni titulo no te da vergüenza #nomasencapuchados
ira;Hasta cuando vamos a tolerar que hayan políticos causando incendios y vandalismo!? #FueraBoric #FueraFrenteAmplio #NoMasMarchas #NoMasViolencia #nomasencapuchados https://twitter.com/RHuertaVallejos/status/1188970532806545408 …Otro ejemplo más del @elfrente_amplio, Concejal de Antofagasta Camilo Kong  detenido por actos vandálicos! La semana pasada pillaron ex Candidato a Diputado de @labeasanchez con insumos para artefactos explosi…
Miedo;#nomasencapuchados #NoMasMarchas #NoMasViolencia #NoMasComunismohttps://twitter.com/Dulceclo75/status/1189259067589570561 …Estamos luchando con lo que podemos ya cada dia más se esta haciendo notar el descontento de los chilenos por los saqueos,incendios y marchas que solo están destruyendo el pais..hasta mis amistades que avalaban esto están chatos porque les afecto el bolsillo están despertando
Confianza;No sigan el juego, esto es la estrategia del agotamiento, en la prox marchas detener y descubrir a los encapuchados, para ver realmente quienes son y a quienes sirven #ChileDesperto #nomasencapuchados #HabraConsecuencias #metrosantiago #LaMarchaMasGrandeDeChile #NuevaConstitucionhttps://twitter.com/Al2salas/status/1189018737170620416 …Podria haber sido explicado por otro...pero mas claro? Imposible!…
Desagrado;Y que tal si marchan los enfermos o los que alguna vez estuvieron enfermos por las atenciones como el pico en clínicas/hospitales? Gente que ha muerto y los dres y enfermeras se enteraron al otro día. #nomasencapuchados #ChileEnRebeldia #ChileDesperto
Confianza;Deberíamos habernos dado cuenta antes!!! Es Robin Hood y su pandilla los que están en la calle. No están saqueando!!! Están quitándole a los ricos para darle a los pobres !! #NoMasMarchas #nomasencapuchados #NOaLaAsambleaConstituyente #nomassaqueoshttps://twitter.com/nic0lele/status/1189275692179042304 …Se nota que no sales a la calle ni a comprar pan, los que andan saqueando son cabros jóvenes que después andan regalando la mercadería en la pobla, que no le harían daño a su vecino. Te hace falta salir de la burbuja qla en la que vives. Anda a visitar las comunas de la zona sur.
ira;Que mierda las personas ? Aplaudiendo los destrozos, festinando con los saqueos... Usted que piensa eso... VAYASE A LA MIERDA !   #nomasencapuchados
Desagrado;#nomasencapuchados Por favor en masa abalanzarse sobre encspuchados. Organizar turbas que derriben a encapuchado y sacar la capucha fotografiarlos. Al instante.
Desagrado;#LaMarchaMasGrandeDeChile2 #PiñeraDictador #Montajes #nomasencapuchados https://twitter.com/PiensaPrensa/status/1189254654347153409 …Ponga atención a éste video.Con presencia de carabineros -en el cuadrante- se inició el INCENDIO en estación metro San Pablo. pic.twitter.com/EjDaI0o020
Desagrado;#boric las prioridades de la gente son Afp, no más tag, trabajo y por sobre todo que ustedes trabajen y se bajen el sueldo a la mitad mínimo. No se aprovechen de pedir plebiscito ... si parásitos son todos ustedes no solo el gobierno de turno. #nomasencapuchados #chilequierepazhttps://twitter.com/jgaratvi/status/1189278623045423105 …@gabrielboric los mismos de la acusacion son los q incitaron todos los desastres en el pais @PCdeChile @Frente_Amplio @PSChile @GiorgioJackson @camila_vallejo @KarolCariola  tremendo volador de luces y apretando todo para salir del ojo del huracan #CHVNoticias
Miedo;Por favor paren de destruir el país #nomasencapuchados #FrenteAmplioGolpista
Desagrado;Y cuando llega a la casa mamá que hay de comidano lo viste venir .........Mamá donde está mi ropa limpiaMamá me das plata para cargar el pase Mamá, mamá, no lo viste venir. #nomasencapuchados https://twitter.com/adahenriquezbus/status/1189273366152318976 …No lo vieron venir!? https://twitter.com/DebiaEduardo/status/1188950214545170437 …
ira;#NoMasViolencia #LaMarchaMasGrandeDeChile2 cualquier #tomatazo #nomasencapuchados es un desperdicio de alimentos y una burla para quienes no tienen fácil acceso a ellos !
Desagrado;A #PlazaItalia gente  por favor sin violencia, cuidemos entre todos que sean manifestaciones pacíficas, que los únicos violentos sean los pacos, sobre todo los pacos infiltrados encapuchados! #nomasencapuchados #ChileDesperto
Desagrado;Mario Hugo me desilusiona, la violencia es violencia, no se justifica con nada #NoMasViolencia #nomasencapuchados
ira;Hasta cuándo los canales de TV le dan pantalla y entrevistas a personajes como #Boric #Jackson #Jiles y tantos más que viven difundiendo mensajes de odio y tienen cero interés real en el bienestar del pueblo chileno #NoMasViolencia #nomasencapuchados #Chile
Desagrado;@mbachelet en Chile se está violando el derecho a vivir tranquilo y en paz , necesitamos que escuche a toda la gente trabajadora que tiene miedo de la delincuencia, no queremos más saqueos ni que destruyan nuestras ciudades no más #nomasencapuchados #NoMa
ira;“Si quiero me las pesco…”: jóvenes denuncian brutal agresión de presuntos militares https://chileobservador.com/2019/10/29/si-quiero-me-las-pesco-jovenes-denuncian-brutal-agresion-de-presuntos-militares/ … vía @ChileObservador #CooperativaTeSuma #bailapikachu #nomasencapuchados #transportistas #ULTIMAHORA #ChileEnRebeldia #ChileDesperto #NoMasViolencia
Desagrado;No hay una opción para los que No quieren movilizarse y prefieren exigirle a los políticos que hagan su trabajo desde el parlamento ó cámara, O @sonarfm  no es inclusiva y es solo para público de izquierda? #NoMasViolencia #nomasencapuchados #ChilenosQueHablan
Desagrado;@tere_marinovic#nomasencapuchadosPara eso quieren los gobiernos el Frente Amplio. pic.twitter.com/2kwPjBoNvR
Desagrado;"#FueraBoric @gabrielboric te queda poco antes que vayan por ti y que la justicia vaya por ti, por terrorista y destruir nuestro país infeliz #nomasencapuchados #FueraFrenteAmplio en primera clase te mandamos a Venezuela...bueno tú ya la conoces ""Héroe del pueblo"", criminal https://twitter.com/RSuknoRM/status/1189274802500046848 …pic.twitter.com/QEMGzJGxfx"
Desagrado;#NoMasViolencia #NoMasMarchas #nomasencapuchados #NoMasComunismo #QueremosPaz #BastaDeViolencia
ira;#nomasencapuchados cuanta falta hizo ahora la ley antiencapuchados q los hueones miserables del congreso rechazaron, ahi se nota q no piensan en el ciudadano...la rechazaron solo porque fue enviada por un gobierno de derecha, no piensan estos mierdas
Desagrado;#nomasencapuchados #NuevaConstitucion2020 #Chileenmarcha #ChileNoQuiereMigajas #MarchaMasGrandeDeChile #LaMarchaMasGrandeDeChile2pic.twitter.com/RBFU18as6n
Desagrado;Falta sacar esto. #ChileEnRebeldia #NuevaConstitucion2020 #nomasencapuchados #ChileDesperto #ChileProtests #ChileSeLevantapic.twitter.com/nSIu15LC8u
Desagrado;Delincuentes y saqueadores a la.carcel , acá seguimos pidiendo cambios pero sin violencia #NoMasViolencia #nomasencapuchados #Chileunidopic.twitter.com/ZRILsecOre
Desagrado;Somos muy pasados a caca.. unos se juran El Guason, ahora andan con lo de La Purga, que manga de idiotas generando miedo e inseguridad en vez de unirnos todos contra el sistema que nos tiene así. #nomasencapuchados #ChileEnRebeldia #ChileDesperto #ChileSomosTodos
Sorpresa;#NoMasMarchas #NoMasViolencia #BastaDeViolencia #nomasencapuchados #QueremosPazhttps://twitter.com/luzmguerrero/status/1189275401710964737 …Por qué la gente sale a marchar pacíficamente con piedras? #NoMasMarchas
Desagrado;#NoMasViolencia #NoMasONU #nomasencapuchados #NoMasMarchas
Confianza;Pedazo de foto demuestra con creces la fuerza del movimiento pero lo mejor con cara descubierta #nomasencapuchados #ChileDesperto #FueraMañalichpic.twitter.com/Kndip47min
Desagrado;Bien, no los dejen salir, #Chile necesita proteccion !! #LaMarchaMasGrandeDeChile #NoMasViolencia #nomasencapuchados
Confianza;#CuidemosNuestraDemocracia #ParoNacional #bienvenido13 #PrensaCorrupta #nomasencapuchados pic.twitter.com/3IMPpGHxvB
Desagrado;Y ahi tiene Venezuela su asamblea constituyente.  En su face!  #NOaLaAsambleaConstituyente #ParoNacional #bienvenido13 #PrensaCorrupta #nomasencapuchados https://twitter.com/desde_1965/status/1188728864593326080 …La catástrofe en Venezuela comenzó con la Asamblea Constituyente. Programa La Silla Caliente conducido por  Óscar Yánez, 1998. pic.twitter.com/yc8v8rvdAd
Miedo;Piden #nomasencapuchados, siendo que estos son los mismos que dicen defenderlos, hay un montón de pruebas que los incrimina, no hay peor ciego que aquel que no quiere ver la realidad.
ira;#nomasencapuchados si marchas pacíficas . No más hijos de puta delincuentes. Si a las protestas pacíficas si a a los cacerolasos. #NuevaConstitucion2020 #LaMarchaMasGrandeDeChile2
Desagrado;Piñera es un visionario.Un incomprendido en su tiempo.Ayer creíamos que hablaba puras weas y hoy le encontramos toda la razón xD#LaMarchaMasGrandeDeChile2#nomasencapuchados #ChilenosQueHablanhttps://twitter.com/sebastianpinera/status/903308658368540672 …La verdadera solución no es un cambio de gabinete, es un cambio de gobierno, que ponga prioridades de la gente en el corazón de su gestión pic.twitter.com/dQvycliHF0
Confianza;"Vine a comprar al supermercado.... Ojo .... a ""'comprar"".. NO a robar, NO a saquear y NO a incendiar. #FelizMartes #NoMasViolencia #Nomasmarcha #nomasencapuchados #NoMasVandalismo"
Desagrado;Y qué pasó con la rebaja de la dieta parlamentaria? Podría decir si ya la aprobaron y los detalles de la misma. #YoApoyoNuestraConstitucion #NoMasMarchas #NoMasViolencia #nomasencapuchados #ApaguenlaTv
Desagrado;#nomasencapuchados#FueraComunismoDeChile#FueraComunistas#NoMasMarchas#NoMasViolenciaAgenda de Maduro para someter a Chile, comentada por argentinoshttps://youtu.be/vtbxmt3rjbY
ira;"#marchas los flaites después de destruir girtan "" el pueblo está en la calle pidiendo dignidad"", de que me hablai? #lumpen #nomasencapuchados @GobiernodeChile @Bienvenidos13"
ira;#nomasencapuchados todos vamos encapuchados porque tenemos que protegernos de sus putas lacrimógenas que tiran por nada! Ah! Y tiran a los manifestantes PACIFICOS pero desaparecen cuando queda la cagá.
Desagrado;ACUSACION INSTITUCIONAL!!!!!!!!!!  AAAAHOOOOOORAAA¡¡¡¡¡¡¡¡#nomasencapuchados #transportistas #Intrusos #NuevaConstitucion2020 #psoriasis #90MinutosFOX
Tristeza;"Oficina nacional de inteligencia  ANIHasta el nombre es de ""niñita""#YoApoyoACarabineros#NoMasViolencia#nomásencapuchados#NoMasMarxismopic.twitter.com/mY5IcilVV1"
Desagrado;Lo de estas últimas semanas será montaje también? #nomasencapuchados  https://ciperchile.cl/2019/05/13/el-vinculo-de-los-fiscales-arias-y-moya-con-el-ministro-chadwick-y-la-inteligencia-de-carabineros/ …
Desagrado;Así con la seguridad aquí en el centro, llegamos a soldar las farmacias por los delincuentes #nomasencapuchados #LaMarchaMasGrandeDeChile2pic.twitter.com/PhMQWoangP – en Huérfanos 779
Desagrado;Falto poner, destruyendo así el. Paseo peatonal donde un sin fin de penquistas debía transitar al siguiente día para trabajar... Sea más objetivo... No tanto populismo... #Concepción #NoMasViolencia #nomasencapuchados https://twitter.com/rsumen/status/1188929389783896065 …Gran #barricada en #BarrosArana con #ColoColo en #Concepción. Manifestantes entraron a tienda #Johnsons que recibió #perdonazo de 125 millones de dólares por parte del #SII, para alimentar el fuego con sus productos. pic.twitter.com/bgeDqvqXBh
Desagrado;El FA y el PC quieren que Piñera agite su varita mágica y que todos ganen a partir de hoy 1millon de pesos como sueldo mínimo.#nomasencapuchados #NoMasMarchas
Confianza;Que los mismos manifestantes actúen contra vándalos encapuchados.#nomasencapuchados https://twitter.com/freddy_stock/status/1188976838456102914 …A parar la violencia. La de encapuchados, sujetos no identificados, que queman y destruyen. La del Estado que dispara, tortura, viola y mata...hay que empezar a construir y es deber del Gobierno dar señales más claras y contundentes de que entendió lo que ya se dijo sin violencia
Desagrado;A estas alturas la consigna debiera ser #NuevaConstitucionONada #transportistas #nomasencapuchados #Habraconcecuencias #CambioDeGabinetehttps://twitter.com/patoramtorres/status/1189270782045802497 …así terminó la historia. pic.twitter.com/HMqDZxnPyj
Desagrado;Lo tuyo definitivamente es sembrar odio contra el actual gobierno. No hace ningún esfuerzo por estabilizar. #nomasencapuchados ni parlamentarios que actúan como tales.
Desagrado;Así no más es la cosa...#nomasencapuchados#MilitaresALaCalle#MilitaresaLaCalleYA#ChileQuierePaz#ChileResistepic.twitter.com/jkKeHy2azG
Desagrado;#LaMarchaMasGrandeDeChile2#nomasencapuchados #transportistas #NuevaConstitucion2020 #Halloween
Desagrado;La diferncia es que en Japón piensan #nomasencapuchados #transportistas #chilepic.twitter.com/9ODGBvpJWr
ira;López: “no somos iguales” #FelizMartes #FelizMartesATodos #LoUltimo #BesoChallenge #nomasencapuchados https://twitter.com/carlostorresf_/status/1189014008176795649 …Ella es Assenet Lavalle Arenas, titular de la Comisión Estatal de Vivienda en el gobierno morenista de la 4T #Puebla.…
Desagrado;"#nomasencapuchados #FueraBoric #FueraComunismoDeChile  #FueraComunistas #FueraFrenteAmpliohttps://twitter.com/claucat80/status/1188941665903484928 …Ahora los periodistas haciéndose los weones con las manifestaciones de los ""pacificos"". Ellos junto al PC y FA son culpables de este descalabro."
Desagrado;basta #ULTIMAHORA #nomasencapuchados . pic.twitter.com/dcvCz6y5Ln
Desagrado;Por favor #LevantemosTuPyme #nomasencapuchados https://twitter.com/Corfo/status/1189236922943787008 …Ahora en @T13 el VPE de #Corfo @PabloterrazasL conversa sobre el apoyo de @meconomia @Sercotec_Chile y #Corfo a las Pymes con la campaña #LevantemosTuPyme. Sigue el streaming  …
Desagrado;#ULTIMAHORA #nomasencapuchados #incendio #ChileDespiertohttps://twitter.com/PiensaPrensa/status/1189254654347153409 …Ponga atención a éste video.Con presencia de carabineros -en el cuadrante- se inició el INCENDIO en estación metro San Pablo. pic.twitter.com/EjDaI0o020
Miedo;Esto es necesario #nomasencapuchados #valparaisoselevantahttps://twitter.com/SSVinaQuillota/status/1189225712701640707 …Si notas que tu hija o hijo está intranquilo, nervioso o temeroso, considera las siguientes recomendaciones.Si necesitas orientación para ti, para un familiar o para ellos, puedes llamarnos al 600 360 7777, ya que…
Desagrado;#LaMarchaMasGrandeDeChile2 #nomasencapuchados #ChileDespertó #ChileEnRebeldia #ChileQuiereCambios Aquí partió todo....pic.twitter.com/zpDfAZBL91
Desagrado;Hace un rato #NoMasMarchas estaba arriba en los Trending Topic con más de 78mil tweets. Ahora me desapareció  No me digan que aquí no hay una mano negra  #nomasencapuchados #NoMasViolenciahttps://twitter.com/claumacarena/status/1189267412333535241 …#NoMasMarchas #NoMasViolencia #NoMasMarchas #NoMasViolencia #NoMasMarchas #NoMasViolencia #NoMasMarchas #NoMasViolencia #NoMasMarchas #NoMasViolencia #NoMasMarchas #NoMasViolencia…
Desagrado;@biobio @Cooperativa @TVN #nomasencapuchados #ChileResistehttps://twitter.com/paolamancini/status/1189267084032860160 …Tienen que subir las penas para los delitos económicos a el estado nada de pena domiciliaria que suban las penas a delitos de cuello y c
Desagrado;Los Pacifistas no provocan  #NoMasMarchas #nomasencapuchados #nomassaqueoshttps://twitter.com/GranPatriarca01/status/1189010837001920512 …Ok, muchos videos de protestas por hoy  pic.twitter.com/jPm1iQcj9z
Desagrado;#nosalacunauniversal#ULTIMAHORA#NoMasViolencia#EducaciónParvularia #TrabajadoresJUNJI #EstallidoSocial #Dignidad #nomasencapuchados #MarchaDelMillon #MarchaMasGrandeDeChile2 @vlnradio @Victor_Curico @MeLateTV @PamJiles @Cutchile @VirytaS @cronicacurico @cconoticiaspic.twitter.com/vk6Tyompsa
ira;#nomasencapuchados  cómo unos poco pueden mandar  a la mierda un movimiento... Piñera se soba las manos al ver como la población se divide... Si la destrucción continua será el momento propicio para un populista como kast. #laserena #Coquimbo
Desagrado;"Miente miente que algo queda #NoMasViolencia #nomasencapuchados #NoMasMarchas #YoApoyoNuestraConstitucion #PazParaChile @joseantoniokasthttps://twitter.com/cata1965/status/1189230617789128704 … Fiscalía descarta  q proyectil fue de militaresTerminò la mentira de algunos twuiteros desprestigiando a militares por muerte d Valeska Carmona  Su madre además hizo un llamado de parar estos ""gustitos políticos""…"
Desagrado;Perdí la cuenta de las veces que se le ha explicado a este BURRO qué son los DD.HH.  #Noestamosenguerra https://twitter.com/tono_coloma/status/1189205770816147457 …¿Y LOS DERECHOS HUMANOS DE CARABINEROS? Desde el 18 de Octubre hasta hoy ya van #848CarabinerosHeridos con lesiones de diversa consideración.…
Confianza;Después vendrá la marcha de los tuertos lamentablemente.Espero que el próximo 19 septiembre estemos juntos todos en la gran parada militar y rindamos homenaje a los verdaderos mártires de esta #Noestamosenguerra
Desagrado;¿Desde cuando es un privilegio manifestarse? No estaban haciendo nada más que protestar con su voz, tanto miedo tiene el gobierno que reprime a cualquier persona que se manifiesta ya sea de manera pacifica o violenta.#NoMasRepresión #Noestamosenguerra https://twitter.com/24HorasTVN/status/1189223744696389636 … Con el carro lanza agua, Carabineros dispersan marcha pacífica de educadoras de párvulos en el centro de Santiago. pic.twitter.com/OvOBWtZycU
Alegria;Se aprobó.Afortunadamente los políticos entendieron que deben estar conectados con lo que se está pidiendo.#ParoNacional #ChileDesperto #Noestamosenguerra https://twitter.com/ComisionSaludRD/status/1189184351717642241 …[HOY] Se vota Proy Ley #SeguroCatrastrófico que solo aumenta beneficios para salud privada. ¡No mantengamos la segregación y las inequidades en salud! pic.twitter.com/pxuK6llp3W
Desagrado;#saludunderecho #RenunciaMañalich  #Noestamosenguerra pic.twitter.com/dE5gUhXsDK
Desagrado;Pensé que estos tontitos se habían extinto.. pero no... aun nos quieren callar tirando al mar.#NoEstamosEnGuerra#NoMasViolencia #RenunciaPiñerapic.twitter.com/Mh07U3YRfX
Confianza;Un activo Roberto Márquez, líder de @illapu entrega su visión en torno a los últimos hechos ocurridos en Chile. #Noestamosenguerra #LaMarchaMasGrandeDeChile2 @Cooperativahttp://bit.ly/2JzADmq
Desagrado;"“Al Capitolio le viene bien que estemos divididos.” - Los juegos del hambreO mejor dicho: ""A los políticos les viene bien que estemos divididos""#Noestamosenguerra #ChileDesperto #ChileSomosTodos  #nocreoenlospoliticos"
Desagrado;Las marchas no son escuchadas y juntarse en plaza Italia ya no sirve, ahora la gente quiere juntarse en la moneda, como una forma de llegar más cerca del presidente, el gobiernos evalúa cuál es la marcha más linda.#LaMarchaMasGrandeDeChile2 #ChileDesperto #Noestamosenguerra
ira;"#NoEstamosEnGuerra#EstoNoHaTerminado#ChileQuiereCambios #ElDerechoDeVivirEnPaz @jisamit, ""el pingüino"" homofóbico que asume como ministro en Bienes Nacionales. “Que se vaya @lcruzcoke…genial el ministro que tienen a cargo de la cultura, a favor de uniones gay”.pic.twitter.com/xWZehYjTCR"
Desagrado;Pasando ahora en #Talca #MarchaPacifica #Noestamosenguerra #CambiosParaChileAhorapic.twitter.com/3H084Zognm
Sorpresa;Mientras tanto en Korea (unos amigos me mandaron esto)estan más preocupados por nosotros que nuestro propio estado. #Noestamosenguerra #noson30pesossino30años #NuevaConstituciónpic.twitter.com/IQ5HGSXtIn
Confianza;#Repost moiseselmago ☆☆☆☆Ya perdimos el miedo!*Link descarga del video en bio*moiseselmago ...#MoisesSepulveda #Videography #EstoPasaEnChile #ChileDesperto #NoEstamosEnGuerra #NoMasAFP #NuevaConstitución… https://www.instagram.com/p/B4Na0tLJ37y/?igshid=uazogm3zw4cn …
Desagrado;hola alguien tiene un hilo o listado de #perdonazos a grandes empresas en #Chile,hoy haremos debate a las 19 hrs y queremos hablar de eso tambien,gracias!#ChileNoSeRinde #Noestamosenguerra #Ayudapic.twitter.com/xGCx2ts5tQ
anticipación;¿Debería volver el voto obligatorio?#chile #chilegram #temuco #santiago #santiagodechile  #concepcion #valparaiso#Noestamosenguerra #antofagasta #puntaarenas #ElChilequequerremos  #lamarchamasgrandedechile #ElChileQueViene #Iquique #valdivia  #photooftheday
Confianza;Es hora de un Chile nuevo, y empieza con una #nuevaconstitución ! Siéntanse libre de compartir. Si alguien quiere la imagen para imprimir o serigrafiar me manda un mensaje.También en: https://www.instagram.com/p/B4NY1SNotuv/ #chiledesperto #noestamosenguerra #marcha #asambleaconstituyentepic.twitter.com/6eCdXGAvyh
Desagrado;Declaramos Isla Negra y al poeta en R3b3ld14 (Chile) #renunciapiñera #fuerzachile #revolucion #todosjuntos  #resistencia #chile #chiledesperto #nosdeclaramosenrebeldía #elderechodevivirenpaz #marcha #noestamosenguerra #nomasabusos #chileunido #mujer #libertad #derechoshumanospic.twitter.com/nQqoi8Rw4o
Desagrado;NO NECESITAMOS PAZ, NECESITAMOS SOLUCIONES #NoEstamosEnGuerra
Confianza;El rock siempre presente #Noestamosenguerra #LaMarchaMasGrandeDeChilepic.twitter.com/2hxyn4c8EN
Desagrado;#ChileDesperto #Noestamosenguerra #renunciápiñerapic.twitter.com/WqyF9yKf2H
Desagrado;Declaramos a San Fernando en R3b3ld14 (Chile) #renunciapiñera #fuerzachile #revolucion #todosjuntos  #resistencia #chile #chiledesperto #nosdeclaramosenrebeldía #elderechodevivirenpaz #marcha #noestamosenguerra #nomasabusos #chileunido #mujer #libertad #derechoshumanos #rebeldiapic.twitter.com/Nm8f94gWYU
Desagrado;Declaramos en R3b3ld14 a Damian (Chile)#renunciapiñera #fuerzachile #revolucion #todosjuntos  #resistencia #chile #chiledesperto #nosdeclaramosenrebeldía #elderechodevivirenpaz #marcha #noestamosenguerra #nomasabusos #chileunido #mujer #libertad #derechoshumanos #rebeldiapic.twitter.com/SgQhJRtTY3
ira;#ChileDespertó: Las muertes durante estas manifestaciones nunca quedarán en el olvido.#ChileDesperto #LaMarchaMasGrandeDeChile2 #ParoNacional #DenunciasyAbusosCNNCHV #SinAbusos #Noestamosenguerra #DDHHhttps://twitter.com/biobio/status/1189219328299798528 … Realizan manifestación en el Paseo Ahumada en Santiago en contra de las muertes que se han registrado estos últimos días. pic.twitter.com/EeZs11Wq4p
Desagrado;Declaramos en R3b3ld14 a Paula (Chile) El derecho de vivir en paz.#renunciapiñera #fuerzachile #revolucion #todosjuntos  #resistencia  #chiledesperto #nosdeclaramosenrebeldía #elderechodevivirenpaz  #noestamosenguerra #nomasabusos #chileunido #mujer #libertad #derechoshumanospic.twitter.com/57xuxNANja
Desagrado;#renunciapiñera #chilenosunidos#Noestamosenguerra #NoMasAgresionesABomberos #NoMasAbusoshttps://twitter.com/andres20ad/status/1188994413122539520 …Para los fascistas que quieren meter en el mismo saco a los miles que marchamos pacíficamente con un puñado de vándalos y que ahora piden #NoMasMarchas: en el video se ve como los que marchan hacen espacio…
Desagrado;Declaramos en R3b3ld14 a David (Angola).#renunciapiñera #fuerzachile #revolucion #todosjuntos  #resistencia #chile #chiledesperto #nosdeclaramosenrebeldía #elderechodevivirenpaz #marcha #noestamosenguerra #nomasabusos #chileunido #mujer #libertad #derechoshumanos #rebeldiapic.twitter.com/rDpzeHYMqF
Desagrado;"#estoesviolento #ChileDesperto #RenunciaPiñera #Noestamosenguerra #NoMasAbusos #Noentiendennadahttps://twitter.com/UPLaRadio/status/1189168156327251969 …""termino todos los meses a fin de mes comiendo huevo con arroz""Estanislao Vergara de 85 años llama a quienes marchan de forma pacífica a no aflojar por las exigenciaz sociales y económicas de todo Chile en el…"
ira;lo material se recupera , las vidas NO #Noestamosenguerra
ira;Aunque las pérdidas materiales se recuperan, las vidas de las personas que han muerto y los ojos de cientos de personas no! #Noestamosenguerra
Desagrado;puros zorritozorron #PineraDictador #LaMarchaMasGrandeDeChile #Noestamosenguerra #nuevaconstituciónahorahttps://twitter.com/haizenverg/status/1189155858523054080 …El equipo del Ministro Blumel tiene menos calle que Venecia. pic.twitter.com/U5kVODfpoh
Desagrado;Declaramos a Sakina en R3b3ld14 (España)#renunciapiñera #fuerzachile #revolucion #todosjuntos  #resistencia #chile #chiledesperto #nosdeclaramosenrebeldía #elderechodevivirenpaz #marcha #noestamosenguerra #nomasabusos #chileunido #mujer #libertad #derechoshumanos #dignidadpic.twitter.com/0mxyNjZB6q
Desagrado;Mire la Alameda ahora y dígame de dónde viene la violencia, señora Vocera.La espero.@KarlaEnAccion #NoMasViolencia #ChileViolatesHumanRights #Noestamosenguerra https://twitter.com/Cooperativa/status/1189206614374604800 …[Audio] Vocera de Gobierno: La violencia está tapando las legítimas demandas de la protesta social #CooperativaTeSuma http://bit.ly/32WWBHB  pic.twitter.com/9iV1I0Uxg7
Desagrado;"#Noestamosenguerra #KarlaRubilar #Fundacionintegra #NoALaSalaCunaUniversal #FueraCubillos  Movilización Pacífica como autorizó Rubilar. Ustedes ven en esta foto, quien está actuando con agresión?, militares frente a mujeres parvularias?? QUE ""ASCO TU GOBIERNO"" #SebastianPiñerapic.twitter.com/tXuVT7ZVQ8"
Desagrado;Cara nueva, mismo discurso @CNNChile @elmostrador #ChileQuiereCambiosً #ChileNoSeRinde #Chile #EstoNoHaTermimado #RenunciaPiñera #NuevaConstitucion #NuevaConstitucion2020 #Noestamosenguerra https://twitter.com/Cooperativa/status/1189160572685901825 …Ministro de Hacienda: No botaré a la basura la reintegración tributaria #CooperativaTeSuma http://bit.ly/2q1s9xk  pic.twitter.com/d1e5ZkZgDK
Confianza;Que no se detenga el movimiento #Antofagasta #Noestamosenguerra #cop25chilehttps://twitter.com/hazqvalga/status/1189203592890257409 …#LaMarchaMasGrandeDeChile2Vamos Antofagasta Ctm!No nos para nadie... pic.twitter.com/YG1y0NmpqW
Desagrado;#Noestamosenguerra  #NuevaConstitucion #RenunciaPiñerahttps://twitter.com/t13/status/1188945525577531392 …Esta fue la reacción de los manifestantes que esta tarde ocuparon la Alameda de Santiago, ante el paso de Bomberos.…
ira;Esto es verdad? @CristobalYessen De ser así, es horrible y condenable. #NoEstamosEnGuerra https://twitter.com/ividaltam/status/1189011481213489154 …Hace algunas horas Carabineros reconocieron en la calle a @CristobalYessen . Lo detuvieron ilegalmente en Las Condes, lo trasladaron a la 3.ª Comisaría y lo sometieron a horas de torturas.Acaba de recuperar su libertad porque no había qué atribuirle.…
Desagrado;Mi lucha es pacifica, pero contestaría Hoy ven y marcha!! #bordaviviborda#elpoderestaenlaaguja#nomasafp#asambleaconstituyente#Chiledesperto#nuevaconstitución#noestamosenguerra #SantiagodeChilepic.twitter.com/DgQT2NgNSu
ira;Creen que somos weones.No vamos a enganchar con los tongos de la derecha.No somos violentos.#NoEstamosEnGuerra#ChileDesperto #RenunciaPiñerahttps://twitter.com/teanval0207/status/1189208898408009738 …ESTE MENSAJE DIFUNDE LA DERECHA PARA CULPARNOS DEL CAOS!!!! OJO @KarlaEnAccion ES UN LLAMADO DE LA DERECHA QUE REPRESENTAN UDS, NOS SOMOS LOS ZURDOS!!!!! RT CHIQUILLOS,Q…
ira;#ChileViolatesHumanRights #NoEstamosEnGuerra #pacoQl #AcusacionConstitucionalPiñerahttps://twitter.com/Chileokulto/status/1189135926250917895 …Es desgarrador, pero nuestra misión es mostrarlo: Madre suplica a @Carabdechile que no lleve Detenido a su hijo.Lea bien, su hijo tiene 5 años y esto ocurrió en Antofagasta.…
Desagrado;Un gobierno que no le ofende la miseria, pero sí la protesta no es digno de gobernar...#ChileDesperto #NoMasViolencia #NoEstamosEnGuerra #LaMarchaMasGrandeDeChileInstagram: https://www.instagram.com/p/B4JWKtSJIzN/?igshid=x6cxt4b6fzqe …pic.twitter.com/ioYvQpIwey