enojo	Todos descansando y yo aqu√≠ trabajando como esclava un 24 de diciembre      lo bueno que salgo a la 1   Ô∏è
no sabe	como les rompi el culito  
confianza	Donde te agarren como perro en barrio ajeno, ah√≠ es.  Luis Donaldo Colosio Riojas va  
no sabe	Estoy controlando ver mis redes sociales de Spiderman pero las notificaciones de las cuentas que sigo en YouTube no colaboran vale.   
sorpresa	Que peligro yo suelta por ah√≠ con una tarjeta    a quien se le habr√° ocurrido
no sabe	 Uss en el cine. Me wa a ver el spayderman   
disgusto	La loter√≠a no se pero Pedrito podr√≠a darme novedades de la beca e ingres√°rmela ya   
no sabe	No sentimos ning√∫n temblor en la capital.   
ira	voy a vengarme de ese marica  
no sabe	Novio   
sorpresa	Han cachao que cuando uno responde ‚Äúno‚Äù a cuando te preguntas si est√°s bien, a la gente le explota la cabeza    No est√°n acostumbrados a esa respuesta.
tristeza	Lpm, y ahora no me puedo dormir   
no sabe	Solo tengo tik tok para cantar canciones de reggaet√≥n   jajaja.
no sabe	ME REGALARON EN EL INTERCAMBIO MM Y MITAM  Ô∏è  
alegr√≠a	Que rica la lluvia!   
no sabe	Hoy tambi√©n quer√≠a tomar sol y se nubla  
miedo	Que estr√©s comprarle el regalo a la suegra   
desagrado	Joder es que me encuentro fatal     
confianza	Bueno pues, ah sido un placer...   
disgusto	¬øOtra vez mala? No salgo de una que me meto en otra.. Puto resfriado..  
ira	como vuelva a ver una foto de un pito me lo como y punto!  
desagrado	Horrible mi d√≠a, no me pude levantar de la cama 
ira	odio tanto estar enferma  
anticipaci√≥n	Pregunta seria: ¬øa tu cogiamigo se le regala algo para Navidad o nel pastel?      
sorpresa	Me tocooooo   
anticipaci√≥n	La verdad q sigo sin entender      !!
desagrado	No puede ser que no pueda dormir un poco m√°s   
tristeza	Mi corazoncito en mil pedazos   Ô∏è   
desagrado	Cuarta dosis?!?!?!?!           
alegr√≠a	No puedo creer que m√°s de 100mil personas han visto mis √∫ltimas fotos.   
desagrado	Que bronca no puedo dormir   
anticipaci√≥n	Tengo la cabeza en cualquier lado √∫ltimamente   
desagrado	Me preocupa que opino lo mismo que Miguel Bos√©, me preocupa, todav√≠a m√°s, que la gente sigue creyendo lo contrario.      
tristeza	Mi novio se la pasa compr√°ndome alfajores, gomitas, helado, mc donals. TODOS LOS D√çAS. Ta bien igual ni quer√≠a llegar al verano  
desagrado	Te odio y te amo Marvel   
tristeza	Es incre√≠ble lo que estoy viviendo esta √∫ltima semana,de problema en problema voy cuando m√°s quiero hacer las cosas bien   . Que suerte
sorpresa	Todav√≠a no asimilo que estamos a un par de d√≠as para que se acabe el a√±o.   
no sabe	Conala cona : 910 me lo dice carlos y me da risa Gorda: 100010 como me llaman carlos y victoria cuando me dicen cosas bonitas  Gordichuela: 210 me lo dice carlos solo pa joder Esperanza Aguirre: 310 josema  Blobfish: 110 otra vez Josema virtual     
anticipaci√≥n	Creo que fui de los pocos en mi trabajo que no compr√© loter√≠a. No les ha tocado. Respiro tranquilo. Pero nunca m√°s ese sufrimiento. El pr√≥ximo a√±o compro 
disgusto	A los que os quej√°is de no entender gallego os reto a decirme que dice Slo Mo   
disgusto	Cuando te encontras conocidos   Ô∏è.. en la fila para hisoparte   ..
no sabe	Temblor fuerte en Santiago
no sabe	Amistad sincera para hacer de todo juntos sin rajar.  
desagrado	c√≥mo que...c√≥mo que no me ha tocado el gordo?            
tristeza	Esas ganas de un tremendo ma√±anero y no tener con qui√©n 
desagrado	Si tu vida es tan perfecta por que tienes que hablar tan mal de la del resto ?      
desagrado	He so√±ado un par de veces el √∫ltimo mes que me despierto y vuelvo a tener miop√≠a y astigmatismo   , o sea, que no veo casi nada. Como en la √©poca en la que no pod√≠a ni tomar un ba√±o o comer si no tra√≠a lentes
tristeza	que dolor escuchar las nv de los que ya no est√°n con nosotros  
tristeza	que viene gisela a molina a cantar. concert kids??? perdona, es concert teens porque no me lo puedo perder    
confianza	Me he metido full laca en el cabello para estar peinado en la cena   _  Ô∏è
tristeza	tanto pa decir pero a veces sobran las palabras   
alegr√≠a	Viajar a Huaraz e ir escuchando la m√∫sica de Antolog√≠a (grupo), hace de mi viaje m√°s hermoso 
no sabe	"     Es un gran orgullo!! Por fin, por primera vez en la historia nos tocan celebrar en nuestra casa ""OLIVO ARENA"" LA COPA DE ESPA√ëA 2O22!! Y con much√≠sima alegr√≠a de recibir y leer las felicitaciones.  JA√âN, MI BELLA CIUDAD"
ira	Aaa mi amigo me est√° cambiando por su ruka      
desagrado	Cansada de levantarme todos los d√≠as a las 7    
no sabe	El gordo ya lo tiene el Madrid por partida doble.   Hazard e isco 
alegr√≠a	y si te como la carita?  
desagrado	Dadme las felices fiestas que todav√≠a te tiro una silla a la cabeza   
alegr√≠a	Pues a ver si hay suerte y... vuelve a funcionar el agua caliente   
no sabe	Al ex o al ex ex    Ô∏è
disgusto	que guapa est√°s, la cosa es que tienes novio  
no sabe	A m√≠ me puedes estar tirando indirectas y no las capto hasta 2 a√±os despu√©s      
no sabe	Porque las personas se estan aplicando refuerzo de pfizer y tienen sus dos dosis de atrazeneca?      
desagrado	Hay gente que te hace vivir un infierno, pero le dice a todo el mundo que el diablo sos vos y se cree la v√≠ctima del cuento. IMPRESIONANTE   
ira	estoy   con el √∫ltimo de ojo de halc√≥n
alegr√≠a	q lindo ver como todos est√°n saludando a louis    Ô∏è  Ô∏è  Ô∏è
confianza	Bueno hoy si va a ser un buen d√≠a y nadie me har√° amargar, ni usted pinche se√±ora que no me quiere alquilar el departamento      
tristeza	bueno se acab√≥ lo que se daba   
alegr√≠a	Buen D√≠a! 
sorpresa	Nunca antes hab√≠a tenido tanta gente conocida con COVID como con esta nueva variante,es impresionante     
alegr√≠a	Gracias por existir, ser mi amigui aqu√≠ y compartir juntas este amor por los chicos. Mereces toda la felicidad del mundo, porque t√∫ haces felices a muchas personas, espero la pases s√∫per bien hoy y disfrutes mucho tu d√≠a     Ô∏è
miedo	Mi jefa me dej√≥ me dej√≥ la tarea de cuidar las plantas del estudio... Que miedo...
no sabe	Faltan 79 d√≠as para entrar en el domo   
tristeza	Que man√≠a la de levantarme temprano, innecesario   
tristeza	sue√±o     fr√≠o   se acab√≥ para √©l.
desagrado	Me hace gracia, mayor n√∫mero de positivos de toda la pandemia, menos n√∫mero de muertes en toda la pandemia. Alguien me da que est√° metiendo todos los positivos que nos son de covid en el mismo saco   
no sabe	‚ÄúCuando cualquiera la puede tener‚Äù    
no sabe	Salga mal o no soy preciosa...   
desagrado	Yo y mi costumbre de acostarme tarde cuando al otro d√≠a me tengo que levantar temprano   
no sabe	Quiero hacerle un gol a tu coraz√≥n, pero no me lo atajes por favor‚Ä¶  
tristeza	Me caga enfermarme porque no me puedo besukiar a mi novio   
ira	Joder t√≠o que puta ma√±ana mas estresante, y solo son las 12:53   
no sabe	El pipo  
no sabe	8 am, despierto, pero si ser√© hijo de puta tambi√©n   
no sabe	Buenos d√≠as a todos, me pregunto una cosa a esta hora sigue el Sevilla de Lopetegui dando patadas??   
tristeza	"Broma pesada a mi  Trabajo un 25 para ""distraerme""        "
no sabe	Nono las u√±itas que se vienen haciendo mis clientas   
no sabe	Estoy empezando a reaccionar a las storys con    y  oficialmente una se√±ora no hay quien me pare
anticipaci√≥n	Hoy les dar√© el otro regalo de navidad a mis amigas   
anticipaci√≥n	Bueno vamo a ve que dice el m√©dico   
sorpresa	Me faltan 6 cap√≠tulos para acabar Alabasta   
disgusto	Que vuelta esa gente se victimiza y lo publica en redes sociales   
desagrado	maldito aire acondicionado, me levanto resfriada todas las ma√±anas   
no sabe	El Dont rescue me y el You re on your own ir√°n de la mano cuando caigan r√°pido   
anticipaci√≥n	Y si me meto en ese peo?      
no sabe	Escuchando calle 13 amanec√≠   
desagrado	Quisiera hablar idioma gato Pa decirle a mi gata QUE NO ME GUSTAN LAS RATAS VIVAS, ayer la dej√© que durmiera conmigo y hoy me trae una   
sorpresa	Capaz me compr√© otro celu che            pero cu√°l      
alegr√≠a	Feliz d√≠a mundial de la salud a todos  
tristeza	Despu√©s vuelven las 5 y se agarran a las pi√±as 
alegr√≠a	Ventajas del COVID: no tener que aguantar a determinados individuos de tu familia o familia pol√≠tica en las comidascenas de estas fiestas              Qu√© veladas m√°s tranquilas vamos a tener 
ira	S√≠ estoy vacunada, pero no me deja poner mis datos en la f app para el certificado        
alegr√≠a	Dando las gracias por no haber perdido el gusto y poder saborear el chocolate   
tristeza	Seguir√© durmiendo pero tristica porque no tengo a mi chamita aqu√≠ al laito  
desagrado	Re feo ser siempre la que tiene la iniciativa    hasta cuando ori
sorpresa	Este a√±o me puso tanto a prueba .. q lo √∫nico que puedo es agradecer .. y ayudar poco o mucho a otros a hecho q en definitiva mi coraz√≥n se llene de alegr√≠a     Ô∏è
desagrado	Alam mi pap√° me despert√≥ para abrirle y lleg√≥ como kotex nocturna, ahh pero no fuera yo pq permiso hasta las 12pm 
no sabe	Ya es oficial el uso de HbA1c(*) en Chile como criterio diagn√≥stico de DM2     (*) por cromatograf√≠a liquida de alta resoluci√≥n (HPLC) o inmunoensayo
alegr√≠a	Con sue√±o pero feliz   
desagrado	Mi hermano se fue hace 3 d√≠as m√°s o menos con su chica y ni se acuerda de la familia   
enojo	Tengo un mal humor hoyyy     
no sabe	pani nam zyczyla feliz navidad y pr√≥spero a√±o nuevo 
anticipaci√≥n	Es mucho tres horas?      
desagrado	8 de la ma√±ana y ya hace 25 grados, c√≥mo les puede gustar esto!? Es algo que no entiendo   
sorpresa	$Luna.    
alegr√≠a	¬°ME HA TOCADO! ¬°ME HA TOCADO!     La suerte de tener una incre√≠ble comunidad  
ira	Tiene narices que una tarjeta de sonido Sound Blaster Live!, que iba estupenda cuando en la torre retro ten√≠a el Pentium II, ha dado cantidad de problemas al actualizarle la placa base y la CPU a las del Pentium 4   
alegr√≠a	El segundo premio ha ca√≠do en mi municipio   
tristeza	Que cansancio que tengoooooooo quiero dormir 18272728 horas mas   
desagrado	So√±√© que estaba en un campo gigante donde me trataban de cazar porque no ten√≠a la carta de recomendaci√≥n de la familia due√±a del lugar, qu√© vaina, me sent√≠ en una mezcla como de Black Mirror y La Purga.    Me despert√© antes de que se dieran cuenta que estaba escapando.
enojo	En serio, mi paciencia est√° por caducar. La gente me agota   
no sabe	O el cargador?   
sorpresa	Estaba escuchando un podcast sobre los patrones y   
disgusto	No hay momento que me sienta mas vieja que cuando me sorprendo diciendo o pensando: anda, ya se acab√≥ el a√±o  jajjajajjaj
sorpresa	Para que me enferme as√≠ loco         
ira	Estaria necesitando unos tereees!
alegr√≠a	   ¬°ME HA TOCADO!   ¬°ME HA TOCADOOOO!    ¬°ME HA TOCADO!    ¬°ME HA TOCADOOOO!     Me ha tocado la suerte de nacer murciano.
tristeza	No me toca ni la loter√≠a.   
confianza	Amigos los cuento con 3 dedos nada m√°s    _  _ y me basta
desagrado	Me estoy poniendo mala, la gente se creer√° q es el covid, pero esque a una le gusta salir un d√≠a de lluvia sin paraguas  
no sabe	Guatemala es un pueblo‚Ä¶   
tristeza	Extra√±o hablar con ella   
tristeza	Gastroenterocolitis y no poder salir del ba√±o en toda la noche. Hermosa manera de terminar el a√±o lavando bombachas y sentada en el water dijo nadie nunca 
tristeza	La verdad yo si quer√≠a todo con vos maje   
alegr√≠a	Quiero un marat√≥n de FRIENDS!     Ô∏è
no sabe	Se habla incluso de solamente horas para anunciar a Ferran Torres   
tristeza	llevo desde el jueves acostandome a las 3 y levantandome a las 11  al menos ya no me sentir√© culpable pq hoy se acaban las clases  
desagrado	Tengo la pollera , pero no tengo el top para el viernes   
alegr√≠a	Ir√© a comprar juguetes. Me lo merezco.   Quiero recuperar los juguetes de mi infancia.   Ô∏è  Ô∏è  Ô∏è
anticipaci√≥n	Amigos por cierto, el mancito que me estaba metiendo labia ya no me gusta. Creo que si es verdad eso de ‚Äúno te gusta, solo est√°s ovulando‚Äù     
no sabe	No spoileen la pel√≠cula que sali√≥ el finde pasado pero vayan spoileando la que sale el a√±o que viene   
miedo	Soy yo o este a√±o vamos a pasar una Navidad de mierda por culpa del ornitorrinco ese!?  
no sabe	es normal que cuando me despierte siempre despierte temblando   ? pienso
no sabe	On Live: Mi mayor preocupaci√≥n es que no se podr√° conectar con los dispositivos que tengo que son de Apple, pero puedo tomar la foto en el trabajo, o simplemente puedo usar el que tengo para tomar una foto mientras tengo mi nuevo tel√©fono celular.
no sabe	C√≥mo cuesta seguir trabajando as√≠ con tantas injusticias .... Todos ahora con cu√±a pol√≠tica      
alegr√≠a	cada d√≠a me quiero un poco mass
alegr√≠a	Necesito un ma√±anero     para quitarme este fr√≠o.
desagrado	Detesto q me acorda   
no sabe	No importa, luego ir√° a Netflix!! .
alegr√≠a	15 lbs en un mes y 7 d√≠as    ¬°vamos bien!
no sabe	Que pinta despu√©s del pique con este calor      
sorpresa	Traigo una canci√≥n en mi mente y van dos d√≠as que la escucho en la calle, es como si leyeran mi mente   
tristeza	El martes pasado m√≠ psic√≥loga se tom√≥ vacas hasta el 3 de enero y yo necesito charlar con esa mujerrrrrrr  Tengo que aguantar HASTA ENERO.  No falta mucho pero para m√≠ es un montonnn
tristeza	Volvi, estaba de viaje
alegr√≠a	Hace tiempo que no descansaba tanto 
disgusto	dalila mili y sole pasaron navidad juntas     Ô∏è  Ô∏è  Ô∏è
tristeza	Tengo muchisimo sue√±o pero no puedo dormir,bosteso como una hipopotamo   
desagrado	La sensaci√≥n de que se te olvida algo y no saber el q...  
desagrado	He evitado que atropellasen a mi madre y en agradecimiento se ha cabreado conmigo por echarle la responsabilidad a ella       
confianza	Est√° buen√≠simo el √∫ltimo Cap√≠tulo de Hawkeye No s√© olviden que hay una escena Post cr√©ditos   
tristeza	Ac√° a que pueda ir al banco ahora   
no sabe	8 de la ma√±ana y yo llam√°ndola a juli, me va a odiar    
no sabe	De verdad la gente pelea por un asiento a las 7am?   
desagrado	Me puse a mirar los recuerdos y que bueno, tierno y cargoso que soy de novio, pero nadie me quiere
disgusto	En el grupo de las gordas se discute si podemos mezclar sand√≠a con vino        Yo digo; vengaaaa
sorpresa	Vine de la psic√≥loga as√≠   
tristeza	Quieroo lass fotoss de mis 15     
miedo	Esas mujeres que piensan que uno se les acerca solo para cogerlas...  qui√©n les hizo tanto da√±o?      
no sabe	Las ganas de tomar un Tere 
ira	quiero comprar katsuobushi     q rico est√°
desagrado	o me dan unos besos y abrazos ahora mismo o me MUERO no es broma......    
desagrado	Te voy hacer ese pionono de roquefort que te gusta tanto    no mi ciela no me gusta ese d√≠a tenia hambre y te com√≠a hasta a vos...mi falta de expresi√≥n arruina mi salud mental y mi digesti√≥n
tristeza	Antes ten√≠a 2 mensajes sin contestar, ahora tengo 20 y entre m√°s se juntan m√°s me da hueva abrirlos y m√°s pena contestarlos.   
desagrado	86148. Ya est√° el Gordo.   
disgusto	El diita se est√° poniendo...   
disgusto	Mi flaca me va a matar con el corte de pelo que me voy a tirar pero es necesario ya un cambio total de look       
sorpresa	Si el a√±o pasado nomas estaba cara la bebida, no me quiero imaginar este a√±o        5mil m√≠nimo para pegarte una buena chupa
desagrado	Esta muy cool eso de no sentir rencor por nadie, pero que m√°s oportunidades le vas a estar dando t√∫ a alguien que en reiteradas ocasiones te ha tratado mal y como una opci√≥n?. Aaaa ya se, la oportunidad pa' que te vuelva a tratar mal una vez m√°süòâ  .
alegr√≠a	Aqu√≠ ha llegado ya un libro que sale en marzo y no est√° ni anunciado    ¬°En 2022 los deberes hechos!
sorpresa	faith in the loter√≠a del ni√±o  
sorpresa	Los madridistas rabiando porque ayer expulsan a Kounde por agredir a Alba    Alguien me lo puede explicar?
no sabe	Eu quien dijo q no      
desagrado	El pr√≥ximo que pida mi n√∫mero lo bloque√≥  caso cerrado!
anticipaci√≥n	tngo dos dias para cagarme de hambre porque este a√±o no pienso salir fea en la foto familiar 
desagrado	Hay gente que se parecen a los pajaritos ... Pero no por lo bonitos ... Sino por que vienen la cagan y se van ....    
anticipaci√≥n	"Amanec√≠ como que agripado, con un chorro de mocos, los ojos super llorosos y diciendo ""Soy Baduel""... Ya no s√© si pueda ser covid h me reporte enfermo o me presento para que no me descuenten      "
no sabe	Hoy juega el Real Madrid a las 21:30 y El Hormiguero a las 21:45 con los Sainz como invitados     
desagrado	‚ùóÔ∏è aviso parroquial mi edit de hongjoong esta para infartarse as√≠ que hongjoong y yo no nos haremos responsables de ning√∫n da√±o el d√≠a de hoy, gracias por la atenci√≥n prestada!
no sabe	Pegue changuita dsp de horario  
desagrado	neta que el √°rea de seguridad en el aeropuerto de Monterrey, son unos incompetentes cuando viajas con mascotas     
desagrado	7.48 de la ma√±ana esperando el colectivo para ir a trabajar (que ya es mucho) se acerca mi vecina a hablarme de la vida   no reacciono
desagrado	Quiero mantecol     
alegr√≠a	Soy team verano pero estoy disfrutando trabajar con este fresquito   
desagrado	Dos horas y media haciendo fila para que cuando este a 5 personas digan que ya no hay plata  
desagrado	Flaca ya c√°llate   
desagrado	No me ha tocado la loter√≠a.  Se me han quemado los garbanzos. Y por √∫ltimo me han cortado el agua en la calle.   
ira	Muna ya pesa 543 GRAMOS    
desagrado	cuando voy a dejar de pensar tan meticulosamente todoooo   
sorpresa	Creo que est√° lloviendo hoy en Sevilla lo que no ha llovido en todo el 2021 ‚õàÔ∏è
no sabe	Yo siempre tengo un sticker para cada situaci√≥n.   
ira	Pero hab√≠a un juego en especial q me sacaba de mi zona de confort.  
tristeza	Quel golazo de l'Indon√©sie       
alegr√≠a	Yo quer√≠a un viaje para mi sola y termin√© conociendo a alguien incre√≠ble.   
tristeza	A mi me tienen que explicar qu√© necesidad hay de sacar aviones un 24 de diciembre que aterrizan a las 00:00   
confianza	On LIVE: Vi el tel√©fono de mi hermana. ¬øQu√© es un Galaxy? Es realmente bueno. Es resistente, tiene buena tecnolog√≠a y la bater√≠a es buena.
confianza	Que azada estoy, empezando de 10 el dia  
sorpresa	cuando es el cumplea√±os d marta?  
tristeza	Oye si alguien que viva en Sevilla quiere 2 entradas para ver la de spiderman hoy a las 16 que me lo diga que yo no puedo ir porque est√° inundada la autopista  
no sabe	Ya llegaron los reyes magos, escuch√© a la vecina decir baja melshort   
alegr√≠a	"Mi hermano mayor me dijo "" te amo"" voy a llorar      pegan fuerte est√°s fechas   Ô∏è"
no sabe	Faltas un d√≠a al trabajo y se acumulan pendientes como si hubiesen pasado 2 semanas.   
no sabe	analisando  
desagrado	Tengo que dejar de salir todas las ma√±anas de mi casa sin desayunar   
no sabe	Chavales que Guadalpark ha abierto un parque nuevo en la Cruz M√°rmol   
desagrado	Mi Toc me ataca... Estoy en el dentista... Mirando los bototos del caballero frente a mi... Y lo unico que quiero ahora es limpiarle los bototos  
no sabe	Tengo que cocinar y no s√© qu√© cocinar, pero tengo ganas de papitas fritas   
tristeza	Estaba cocinando garbanzos ahorita y se me reg√≥ la sal    igual me los com√≠   Ô∏è ahora tengo sed   
no sabe	Hostia el petardazo   
sorpresa	estoy en panam√°         
anticipaci√≥n	Cb desde que he llegado aqu√≠ lo menos que he hecho es dormir   
ira	Humedad, calor, bichos, sapos , moscas  
alegr√≠a	Que espect√°culo las p√°ginas con env√≠o gratis     
sorpresa	Con la Anto somos tan rid√≠culamente iguales que el otro d√≠a lleg√≥ a mi casa con el mismo traje de ba√±o que ten√≠a yo   
tristeza	Maldita vacuna me tiene toda adolorida 
sorpresa	Como van terminando el a√±o? Yo tranqui, me enter√© me enter√© mediante un estudio que en alg√∫n momento tuve un ACV         
sorpresa	Mi entrenamiento de hoy me dejo sin caminar   
alegr√≠a	  ¬°ME HA TOCADO!   ¬°ME HA TOCADOOOO!     ¬°ME HA TOCADO!   ¬°ME HA TOCADOOOO!   ¬°ME HA TOCADO!   ¬°ME HA TOCADOOOO!   Me ha tocado la suerte de haberte conocido.
desagrado	Aj√° mucha risa y todo, el video es buen√≠simo, pero Juan Sebasti√°n el maracucho del video del perro me parece damn cute 
no sabe	Le√≠to no hizo carta de despedidaagradecimiento???         
alegr√≠a	4 d√≠as para mi cumplea√±os que emoci√≥n   
alegr√≠a	Me encule de qui√©n no deb√≠a y ahora solo quiero estar con ella, aunq sea secreto.   
tristeza	Eh pasado las peores navidades desde hace 3 a√±os       
ira	Final de a√±o literal, se pusieron de acuerdo parece   
sorpresa	Me compre nose cuantas cosas para ponerme para la fiestas y ahora nada me gusta
ira	Qu√© pedo? C√≥mo qu√© Vega a Rayados  
tristeza	O final de Hawkeye   
no sabe	Hace 2 a√±os aprox que no vemos tv cable. Recomiendo  
desagrado	no, no se me olvid√≥‚Ä¶ solo que no te dije nada   
alegr√≠a	Chismear con Julia fue lo mejor  
enojo	Detesto la gente irresponsable, para que pedis un turno si siempre cancelas a √∫ltima hora ¬ø???   
no sabe	pengen cubit pipi jeje  
alegr√≠a	¬°FELIZ NAVIDAD Y FELICES FIESTAS! PARA TODOS@ LOS@ COLEGUILLAS DE AQUI! UN    MUY FUERTE.
sorpresa	La segunda escena postcr√©dito de Spiderman aaaaaaa   
desagrado	nos han parado la peli
confianza	A ver buenas vibras y muchos √©xitos vengan a mi  
desagrado	Y bueno, los 35 llegaron con dolor de rodilla.   
desagrado	ese tipo me sonr√≠e la gracia no la entend√≠   
alegr√≠a	Por cierto muchas gracias a todos por las felicitaciones, aunque sea una tonteria a mi me hace feliz que os acordeis de mi aunque sea en Twitter.  Que paseis unas felices fiestas todos    
desagrado	Me dejo en un ruido mi hermana  
no sabe	ME HA TOCADO      ME HA TOCADO      ME HA TOCADO      ME HA TOCADO      ME HA TOCADO      ME HA TOCADO      ME HA TOCADO      ME HA TOCADO suspender 2
ira	Estoy tratando de estar m√°s tiempo en el sue√±o profundo, pero con hoy es el tercer d√≠a que duermo 3 hrs 33 min. ¬øMe quedo en el 333? O sigo tratando de aumentar?            
desagrado	Donde vas estas fiestas? A new york.. Ostras que bien no? La misma mierda pero en otro horario..   
sorpresa	estaba hasta el pito de fila para hisoparse en el centro   
no sabe	So√±√© que Jk ten√≠a Tik tok y que si nombre de usuario era como el de Instaa  
desagrado	Pero bo. Ser√° posible   
desagrado	Llegu√© media hora antes a unos ex√°menes m√©dicos, hablemos de puntualidad 
desagrado	Hoy siento que no soporto a nadie... Ya me quiero ir del trabajo y vivir sola   
miedo	y hoy sabadooo    que se hace?
ira	Y el gordo call√≥ a 15 minutos de mi casa en un centro comercial y no compre n√∫mero ah√≠ este a√±o cuando.lo a√±o siempre, me cago en todo      
sorpresa	Hoy me reporto con un incremento en mis niveles de ganas de dejarlo todo y dedicarme a la bebeci√≥n. Ser√° solo diciembre o los vicios adquiridos hacia las sustancias estupefacientes?  Pienso...       
tristeza	Otro dia largo hoy   
alegr√≠a	Lo graciosa y lo chulisima que es mi suegra es la mejor   
alegr√≠a	Muy linda   
alegr√≠a	Me devuelven las perras y yo feliz como si me hubiera tocado medio mill√≥n.
tristeza	          omg sueldo hiiiii  Ô∏è  *se lo gasta todo en regalos*         
desagrado	Que hago despierta  
tristeza	Feliz mi√©rcoles de cosas maravillosas dijo aquella   Q de vdd les pasen cosas lindas!!!  
disgusto	que yo deber√≠a haber ido al instituto de 8 a 11 pq es el √∫ltimo d√≠a de clases y me acabo de levantar ahora a las 11 vale     
no sabe	Daaaale que es el ante √∫ltimo d√≠a laboral bebeeeeeeeeee    
no sabe	esto me pasa por confiar en un franc√©s  
ira	Que sistema de mierda que tienen los banco Lrpm   
disgusto	Me levante muy temprano porque tenia que viajar y no hab√≠a yerba para el mate  
anticipaci√≥n	On Live: Estube pensando en ir a Galaxy, estube leyendo los pro y los contra del Galaxy y del iPhone.
confianza	Todo bien que usted lo va a lograr aunque a veces esos bajones de la vida le hagan creer que no,, yo estoy aqu√≠ para apoyarle cuando usted necesite, porque yo tengo la seguridad que usted puede con todo.     Ô∏è
tristeza	MI VIDA YOUNGRO ESTABA RE ASUSTADA        PUTO NO HAGAS QUE LLORE
no sabe	   Estos distintivos organismos comienzan su vida de forma totalmente sim√©trica, mejor dicho, con simetr√≠a bilateral, donde su lado izquierdo es aproximadamente igual o similar a su lado derecho, como ocurre en la gran mayor√≠a de los peces.
tristeza	C√≥mo que nadie me hizo ensalada de manzana  
no sabe	Tan dando de a $100 por el booster shot, voy por mi tercera dosis, pero si me ponen la cuarta y quinta no me pongo guapa no  Pa‚Äô ahorrar tiempo y eso ve
desagrado	Soy tan impulsiva, que despu√©s de comprar pasajes, se√±ar dpto‚Ä¶ me estoy arrepinti√©ndo
ira	A qu√© vrga me despert√© a las 6:30 de la ma√±ana?   
ira	ahora mismo deber√≠amos estar en nuestras casas viendo la loter√≠a no en clase   
desagrado	Odio hacer fila en el banco   
miedo	Verga es hoy                 
desagrado	Por un n√∫mero no me ha tocado el gordo no me lo creo           
tristeza	muy triste porq he roto la tradici√≥n de un tatuaje al a√±o instaurada desde q me hice mi primer tatuuu 
no sabe	a mi madre le ha tocado 200‚Ç¨   
alegr√≠a	Buenos d√≠as amores m√≠os   
no sabe	La historia de hobi geeeeenteee ahhhhhhhhhhh               el edit 
desagrado	luce un d√≠a de mierda   
no sabe	Por fin se me vienen dando las buenas locoooo! 
no sabe	screen profilo?  
desagrado	Todos los a√±os estoy a esto, de no hacer los viajes navide√±os con mi familia porque mi mam√° se pone en modo idiota.
desagrado	Usted no es capaz!  Esa es la mejor frase de motivaci√≥n que he escuchado en mi vida   
anticipaci√≥n	Si te juntas con ‚Ä¶ y te llevas con ‚Ä¶ te arrepentir√°s   
desagrado	Ellos jamas aguantaron a una mujer liderando y ahora si quieren? Que manga de pelotudos    nadie les compra sus volteretas...
no sabe	Recomiendan ver Esposas Desesperadas?  
sorpresa	Eeehhh el rayo que ha ca√≠do en Sevilla, que ha deslumbrado todo y que ha sonado como si se cayera el cielo???????? Madre m√≠a han retumbado los cristales como 15 segundos   
alegr√≠a	Status civil: Sin un chele. Pero cero deudas y empleados felices y contentos con su doble. Y esa es la Navidad fel√≠z del jefe. 
desagrado	No estaba en mis planes vacunarme de covid, pero bue.  
tristeza	Estoy tan aburrida que pens√© que era domingo y reci√©n estamos a s√°bado   
sorpresa	16 mins pa llegar   
anticipaci√≥n	Menos de 10 dias pro ano acabar   
disgusto	Lo malo de tener padres religiosos es que te vendan todas las pajas de la biblia, perdonar al pr√≥jimo, la uni√≥n familiar, estamos hechos a las semejanzas de dios y pare de contar   
sorpresa	En qu√© momento pase de recibir regalos a ser yo el mism√≠simo  PAPA NOEL    
no sabe	mi mam√° poniendo el radio en su tel√©fono si aplica la de hasta que truene la bocina   
desagrado	No hay cosa que odie m√°s, que la impuntualidad loco  
alegr√≠a	Estoy en el metro sentado frente a un chaval de 15 o 16 a√±os que est√° leyendo un libro... ¬°En papel! Hay esperanza... 
no sabe	Ayuda como rayos uso ig       
no sabe	Esta lloviendo y el agua moja
alegr√≠a	Me he cambiado la fotito de perfil uoooo   
desagrado	Si yo ten√≠a q magrudar, por q raz√≥n me acost√© tarde?  
no sabe	Tercera dosis anti covid y en camino para la cuarta algo no anda bien.      
desagrado	mi mama debe estar podrida de que le diga algo y le termine diciendo a √∫ltimo momento que no, va a terminar dici√©ndome que no todo el tiempo   
sorpresa	He ido al Aldi a comprar un rosc√≥n de reyes, con la firme intenci√≥n de NO COMPRAR NINGUNA PLANTA  ¬øC√≥mo cre√©is que ha acabado la cosa?   
alegr√≠a	Ma√±ana en la barra sonar√°n villancicos tipo:  La isla Monastery  Sigue bail√°ndome  Cositas as√≠   
confianza	El COVID dijo: pero como que volv√≠, no entiendo, si yo nunca me fui   
anticipaci√≥n	Esperando mi visita  
ira	Jazmin d mierda cada vez que allyson duerme con nosotras se va con ella ta bn as√≠ son que vaya allyson a comprarte los kilos de cat chow que pedis x mes  
alegr√≠a	Uno pensar√≠a que Cristiano Ronaldo tiene TV en su cuarto   
alegr√≠a	Buenos d√≠as!! gracias Dios por otro d√≠a junto a lo m√°s que amo mi hijo, gracias por bendecirnos siempre no puedo esperar para ver que nos traer√° este 2022 espero que sean muchas m√°s bendiciones ya estoy lista.  
desagrado	pienso en el baile y siempre la misma pregunta, que mierda me pongo!?  
miedo	Tembl√≥ la tierra, y fue bien fuerte   
disgusto	Ya me cans√© de jugar el mismo jueguito de hace aprox. 12 hs   
confianza	el catalan es 1 idioma mui bonito  existe el verbo trontollar
tristeza	m he peleado con unas d mi clase   
anticipaci√≥n	Por cierto que el a√±o pasado dije que nunca m√°s iba a jugar al amigo secreto‚Ä¶   
desagrado	Muchos a esta edad ni aun debutan o tienen menos que 10 partidos en 1era. Sergio ya jug√≥ en el club mas grande de su pa√≠s, salio campe√≥n, meti√≥ en un cl√°sico siendo ni√±o, lo compro el club mas poderoso del planeta, fue a Brasil, M√©xico. Todo con 23 A√ëOS   
desagrado	Parishiiii emplaza a Boric por los medios.  Pero q se lo diga a la cara    que venga y se lo diga a la cara
disgusto	ala ya no me toca el gordo  
sorpresa	yo hablo demasiado o la gente habla muy poco   
alegr√≠a	Feriass   
ira	Re podrida de so√±ar siempre lo mismo   
tristeza	AHI VOY 2022  Ô∏è.!  El viernes 31 de Diciembre a las 23:59 mirar√© al cielo y dir√©: ‚ÄúHasta aki te kise, Hasta aki te Ame, Hasta aki te espere..!  ADI√ìS PASADO   
no sabe	Yo;     Me acuerdo que esta la CA awards  Yo :   Ô∏è
no sabe	Shockeado con las expensas de algunos lugares, 45mil     
alegr√≠a	El entrenamiento de hoy fue m√≠tico     Ô∏è
no sabe	Ya se me calent√≥ el hocico   
disgusto	Me levant√© temprano para ir al centro porque ten√≠a que comprar UNA sola cosa, hasta que me acord√© que e 2212 y est√° todo explotado 
confianza	pero est√° bien no voy a demostrar q me afecta     
tristeza	a ver c√≥mo le explico yo a mis sobrinos q este a√±o no hay reyes xq se han olvidado el certificado covid en casa       
desagrado	Saco los pies para sentir fresquito y Olivia me los muerde. Querida te podes calmar?   
tristeza	amets te echo de menos 
no sabe	Sobre que no pude dormir en toda la noche mi vieja me despert√≥ a las 08:00   
alegr√≠a	Hoy a ver Spiderman no hay weys en casa  
desagrado	¬°NO ME LO CREO! ¬°ME HA TOCADO! ¬°ME HA TOCADO! ¬°ME HA TOCADO LA DESGRACIA DE SER DEL ATHLETIC CLUB!   ¬°COMPARTE EN TU MURO SI A TI TAMBIEN! 
sorpresa	Bueno no se ni como aprob√© portugu√©s pero el finde se festeja  
miedo	Me da miedo que un dia de estos mi cuyito se infarte de tanta pirotecnia que tiran   
anticipaci√≥n	Se copa la plaza el 24 y el 31??  
anticipaci√≥n	Ma√±ana a esta hora estoy en una camilla con un laser apuntando a mi ojo   
no sabe	Madre mia, los truenos   
confianza	gracias uma x felicitarme la navidad me las pasare estudiando  Ô∏è 
tristeza	Me quede dormida porque ya no aguantaba el sue√±o y me levanto con esta noticia que me tomo por sorpresa, me puse mal , estoy mal                   Ô∏è
no sabe	Aichino aprobameee
confianza	"perd√≥n pero soy ""heterosexual"" para mis amigas"
desagrado	Son√≥ la alarma y que rabia.  ¬°Perra maldita, antipatriota!   
no sabe	Feliz d√≠a para todos mis lindos y queridos seguidores, q este sea un mi√©rcoles de muchas bendiciones alegr√≠as y sobre todo de la presencia de nuestro se√±or Jesucristo  
tristeza	Ahora me agarr√≥ dolor de muela, algo mas?   
alegr√≠a	Kheee lindos todos los d√≠as de diciembreeee   
no sabe	¬°NO ME LO CREO! ¬°ME HA TOCADO! ¬°ME HA TOCADO! ¬°ME HA TOCADO LA SUERTE DE SER DEL VILLARREAL!  ¬°COMPARTE EN TU MURO SI A TI TAMBIEN!   
tristeza	Alguien m√°s hoy, 22 de diciembre, que no tiene NADA pronto para Navidad? Ser√° que quedar√© sin comida?   
disgusto	Hoy me tat√∫o        
no sabe	Me a moa: bsf a engene:      Ewan ko ba
no sabe	Y si me hago un piercing hoy?      
sorpresa	Ser√© el karma de muchas personas????     
desagrado	quitaron practicamente todos los discos de ekatarina velika de spotify  
miedo	Me siento feliz y ansiosa   
desagrado	El final de Hawkeye  . No me puedo creer que en menos de una semana Marvel haya pasado de hacer el mayor fan service de la historia a marcarse un Ralph Boner 2.0
ira	Me cago en Juanma y en la educaci√≥n f√≠sica         
tristeza	Yo    cagarla siempre
tristeza	mama mia he borrado 567 fotosss! 
alegr√≠a	Que buena pedita de cumplea√±os   
sorpresa	Un accidente frente a mi edificio, un motoquero se sac√≥ la chucha y qued√≥ atravesado en la calle ...ven√≠a curado.  Llegaron los amigos y se lo llevaron al sapu.   
sorpresa	HERMANO VOY A BORRAR ESTO O HANMA ME C0RTA LA CABEZA     
alegr√≠a	Buenos d√≠as mundo   
alegr√≠a	Hoy es d√≠a de fiesta   
no sabe	Estoy tratando de empezar a juzgar desde la intenci√≥n y no la acci√≥n. Es la √∫nica forma de vivir tranquilo y de intentar entender al otro
anticipaci√≥n	Y Angely no ha comprado un carro con un a√±o cobrando esos chelitos sin trabajar...?       
tristeza	Extra√±o cuando mi hermano viv√≠a conmigo DEVU√âLVANME A MI HERMANO   
desagrado	Que lindo dia y que pocas ganas de trabajar que tengo   
alegr√≠a	like tambi√©n he tenido momentos horribles como cada a√±o pero creo que en este puedo ver mas claramente lo positivo   
alegr√≠a	Ayer me lleg√≥ mucho cari√±ito   
sorpresa	Oye, yo pens√© que Metanoia ya no exist√≠a y sigue vendiendo   
tristeza	SINO NAG QRT          
sorpresa	C√≥mo va a ser el sorteo de la loteria hoy, si yo no he visto ni el anuncio???     
tristeza	Lpm me quedo la cabeza roja 
anticipaci√≥n	Como sabr√°n las hojaldras en la freidora      
desagrado	Mis vecinos no dejan dormir porque tienen su m√∫sica de mierda a todo lo que da    me siento como en obre cuando se enfiestaban afuera de mi depa
no sabe	+ Amor Aller cuando estaba con tigo sent√≠ que algo en mi se rompio..  Hay mi amor q lindo + Y si.. cuando revise fue el cond√≥n  Eh?  
tristeza	mi tia me desbloqueo el celular g estaba jungkook motoquerp me quede as√≠        
disgusto	La hora que es y ya empiezo a transpirar, que asco   
no sabe	termin√© the oc   
desagrado	No estoy devolviendo nada porque ya me ama√±e   
no sabe	A que os referis con jimin leg, a la pierna de jimin o a jimin legolas (jimin extensiones)   
disgusto	"Que pena que se est√©n robando los bonos navide√±os personas que ni siquiera los necesitan , y ac√° es donde entra el dicho       ,""vemos la paja en el ojo ajeno y no vemos la viga que tenemos en el nuestro""."
alegr√≠a	Hoy me despert√© con la noticia de que me hab√≠an aprobado la visa. Un buen regalo de cumplea√±os si me lo preguntan  
confianza	¬øLa chica te lastim√≥ tu coraz√≥n?  Si    Pues ve y le lastimas la cuca.  F√©nix   Ô∏è
no sabe	El 24 durmiendo y el 31 re durmiendo 
enojo	Ya sali√≥..el viejo CTM..de la Vega        
desagrado	Ahora nadie me contesta 
alegr√≠a	Feliz cumplea√±os, a la m√°s bonita de Colombia    La tierra en la que se fund√≥ el equipo de mis amores, en la que fue creada mi Alma Mater, en la que respir√≥ por primera la vez el amor m√≠o y en la que sue√±o con un mejor futuro.   Gracias por tanto, mi amada Bucaramanga   
no sabe	‚åö 11:00 Orden   Compra: 6750  6810  maxicambios 6750  6810  myd 6750  6810  chaco 6750  6800  euro 6750  6950  basa 6740  6865  familiar 6730  6840  fe 6730  6830  vision 6700  6850  bnf
alegr√≠a	Muy BUENOS D√çAS    COMUNIDAD TWETERA       FIELES E INFIELES  PUEBLO LIBRE Y LABORIOSO
confianza	Soy un loco extravagante   
anticipaci√≥n	 [22.12.21] ‚îÜ10:43PM KST Me vendr√≠a muy bien un buen chocolate caliente espeso
tristeza	Aveces quisiera estar peque√±a y disfrutar de la navidad  
tristeza	Wandavisi√≥n Loki What If Hawkeye Capit√°n America &amp; Winter Soldier  Mi top de las series post chasquido  
desagrado	Primera vez que, porque hace calor, me pongo el ambo solo sin remera abajo y ya estoy molesta. Maldito cuello escote V, se ve todo.    
no sabe	Quiero mutuals   
ira	menstruaci√≥n    
tristeza	A este paso, me va a tocar comprar los regalos de navidad el 1 de enero. El tiempo no alcanza
sorpresa	Me acabo de enterar que The Veronicas sacaron un nuevo √°lbum   
disgusto	Me he dejado los auriculares    en Salamanca   _ una genia soy
desagrado	  Ô∏è Oyes, si no quer√©is correr riesgos en las comidas navide√±as con la bicha, no las hag√°is, yo no hago nada y ya ves, taaaaaan normalito como siempre.  (Anda, bloquea las respuestas)   Nah, tengo la relevancia de un grillo mutilado con artrosis.  (Eso tambi√©n)
sorpresa	alaaaaa  , pero si es un todos con todos
no sabe	Buen momento para que las cordales duelan hdspm   
confianza	Antes yo era buena, ahora lo sigo siendo, pero no con todos.  
desagrado	Me despert√≥ el dolor de hueso   
alegr√≠a	Mi mejor amiga se tomaba todo con seven up hasta que le ense√±√© a ligarlo con canada dry, ahora Nama e asi Que bebe 
alegr√≠a	Qu√© chimba parcerita...
ira	Btw hace mas de dos a√±os que retrasaron minions 2   
no sabe	En RDüá©üá¥ No Se Dice Permiso   Se Dice:
no sabe	Lan√∫s    Banfield  Re√≠rse de la gallina de la B Quilmes
no sabe	La actualidad del fandom ahora:  Alterados porque Karol confirm√≥ que va a ver Tour para el siguiente a√±o   
tristeza	el tren por tu casa   
ira	Estoy muy cabreado con los cabrones y cada dia mas ladrones y que el estado espa√±ol les permita a los bancos robar como roban me estoy refiriendo a las comisiones desmesuradas que te cobran          
sorpresa	Vaya d√≠a de locos que llevo, madre m√≠a   
enojo	Odio esos manes que te dan los ‚Äúbuenos d√≠as‚Äù o ‚Äúbuenas noches‚Äù despu√©s de haberte desvestido con la mirada y si uno no responde te llaman mal educada.   MIRA HP, ESO NO ES EDUCACI√ìN ES ‚ùóÔ∏èACOSOO‚ùóÔ∏è
no sabe	"Parece ser que la multa es s√≥lo si vas a trabajar, ""pudiendo"" trabajar desde casa, por lo que la polic√≠a deber√° comprobar si ese es el caso. ¬øY el consentimiento para entrar en el domicilio? No hay flagrante delito ni resoluci√≥n judicial.  Ah, que si no le ponen la multa.  "
desagrado	Que linda hora para ir a la dentista 
desagrado	Actualmente estoy huyendo de los spoilers de spiderman. No he tenido tiempo 
alegr√≠a	En alg√∫n momento llegue a pensar que no merec√≠a lo suficiente, pero en el lugar correcto lo eres todo    
no sabe	Si te peleas con todos los del trabajo y entre ellos todos se llevan bien, qui√©n es el problema?      
sorpresa	Tuve un sue√±o inception, so√±√© que estaba so√±ando y luego estaba comentando el sue√±o en el sue√±o   
desagrado	Las filas de los servicarros para las pruebas de COVID est√°n ocasionando un tap√≥n descomunal!! El de la carretera 887 en Carolina est√° que da hasta miedo!!!    
desagrado	Eso de andar bien dopado me quita el sue√±o siempre   
alegr√≠a	le regale loter√≠a de navidad a jordi ahora tenemos 200‚Ç¨ para irnos a comer 
no sabe	una caba√±a, paisaje nevado, hogar encendido y mi gorro de mam√° noel, pensalo (?!)    
anticipaci√≥n	Estoy confundidisima   
no sabe	Cuando en la tele se habla de ‚Äòha ca√≠do el Gordo en un barrio trabajador‚Äô no entiendo si es que la gran mayor√≠a de barrios no trabajan o algo‚Ä¶   
confianza	No s√≥lo honramos a Dios trabajando adecuadamente ,   en el tiempo y forma correctos,   sino tambi√©n descansando y divirti√©ndonos adecuadamente,   en el tiempo y forma correctos  El descanso importa. Y mucho.
tristeza	Planear en mi cabeza conversaciones que no van a suceder es mi pasi√≥n   
ira	No tome ni mierda, y por tomar un maldito trajo de bols no paro de vomitar     
alegr√≠a	Que rica siesta me he mimido     Ô∏è
disgusto	Puto sue√±oooooooo 
no sabe	Que feo clw golpiarte y no poder ir ha trabajar x un mes y algo no pode hacer ni bosta y andar seco
tristeza	¬øHoy ha habido tongo como lo del a√±o pasado o no?   
alegr√≠a	Mi pap√° termin√≥ compr√°ndome el body que tanto quer√≠a   
no sabe	FELIZ CUMPLEA√ëOS LOUIS &lt;33    
desagrado	clases a las 8:30... Me despierto a las 5 a las 6 , a las 7 y llego media hora temprano    h√°blame de ansiedad.
sorpresa	¬°N√∫mero √≠ntegro en San Pedro Alc√°ntara!           
anticipaci√≥n	Si una mujer te favea un tuit ¬øes que quiere garchar con vos?      
desagrado	Mam√° dici√©ndome que quiere que la lleve a ver Matrix 
no sabe	Y os sorprende pillar covid despu√©s de la Gamergy?   
anticipaci√≥n	Me muero con la tormenta q va a caer   
desagrado	Quiero ver a todos los posmodernos que defienden el g√©nero como una construcci√≥n social defender que la raza es tambi√©n construcci√≥n social   
sorpresa	mi para ti de tik tok anda muy personal   
alegr√≠a	Ma√±ana es mi egreso, MA√ëANA ES MI EGRESO        
alegr√≠a	Me aleje de xx personas y mi cabeza se siente liberada y en paz. Estoy rodeada de gente hermosa que est√° lej√≠simos del puter√≠o y las malas vibras   me siento en mi mejor momento   
disgusto	Alguien m√°s quiere vender su entrada de la gran navidad   
desagrado	Las ganas de irme que tengo   
no sabe	Pero temprano me dorm√≠ anoche  
no sabe	Buen diaaaa bebeeees     Hoy vuelvo a trabajar, la emoci√≥n que manejo     Ô∏è
sorpresa	Literalmente tengo una novia g√≥tica culona       
disgusto	Todav√≠a tengo que comprar los regalos   
no sabe	Foco total   
no sabe	La maldita costumbre de no apagar el aire y despu√©s levantarme congestionada   
no sabe	No tengo permiso de mi pap√° a√∫n      
desagrado	A mi lo √∫nico que me han tocado son los coj..nes.   
no sabe	Si te metes con genshin me la metes a mi tambi√©n ya no aguanto m√°s soy Virgen           
no sabe	...86.148 por cinco n√∫meros  
confianza	que quieren que suba hoy?   
no sabe	Mi duda es ¬øque le conocen a Taehui?   
no sabe	Fin de a√±o nivel me quedo dormida en el bondi y me bajo 80 paradas despu√©s.  Muy bien por suerte, poco estr√©s y cansancio  
sorpresa	"R√âCORD:   _ ""El √ìmicron es el virus que se ha propagado m√°s r√°pido que cualquier otro virus en la historia""     Bill Gates"
no sabe	Por fa, me podr√≠an explicar como personas que huyeron del socialismo, celebran el triunfo del socialismo en el pa√≠s que llegaron de inmigrante ? Soy un ignorante en el tema   
alegr√≠a	Buen d√≠a para todo el mundo mundial Happy Wednesday üáÆüá®üá®üá±  
alegr√≠a	NO ME LO PUEDO CREER! ¬°ME HA TOCADO! ¬°ME HA TOCADO! ¬°ME HA TOCADO LA SUERTE TENER LAS TETAS M√ÅS GRANDES DE ESTA APLICACI√ìN!     
sorpresa	Pregunta ser√≠a gente!  Empanadas Don Ramon? Referencias?  Los leo   
tristeza	Pedi un kebab y no me dijo amigo el repartidor Sadge 
no sabe	PD. Estoy en la cola de Zara despu√©s de haber superado los pasos anteriores   
no sabe	Killian    yo.  Ser productivos y contestar roles ahora.
no sabe	tome muchas malas decisiones este a√±o, pero las an√©cdotas
no sabe	Porqu√© el Gordo s√≥lo le ha tocado a gordos??      
sorpresa	Una pareja decide suicidarse saltando de un edificio. Cuando llegaron a la cima, ambos contaron hasta 3. La mujer salt√≥ pero el hombre se qued√≥ ah√≠. El la observ√≥ caer durante 8 segundos y luego la vio sacar un paraca√≠das. ¬øQui√©n traicion√≥ a qui√©n?   
tristeza	Hace como 4 dias que no como bien y hace como una semana que no duermo nada. Asi estoy   _Ô∏è
disgusto	nos ha hablado por megafon√≠a el conductor del tranv√≠a    no somos dignos
desagrado	"Fui al centro a comprar el ""cosito"" que engancha las varillas de la carpa, me falta solo uno, no venden, venden la varilla completa. 730 mangos. I en pedo. Mi t√≠a tiene que comprar todas las varillas de la carpa   "
sorpresa	¬øQui√©n me entiende? Ahora estoy feliz   
ira	ME HA TOCADO!!!  seguir madrugando y cag√°ndome en mi puta vida   
desagrado	Gente con temas art√≠sticos: Ten√©is que pagar a los artistas, su tiempo vale dinero      Gente cu√°ndo no les va el ordenadorm√≥vil: Oyee t√∫ eres inform√°tico no?? Podr√≠as ayudarme? (Obviamente sin pagarte somos amiwis jeje)
no sabe	hace 11 a√±os lo llamaba por su cumplea√±os        ahora est√°n juntitos durmiendo   Ô∏è
no sabe	Ferran  .....  
sorpresa	Y todos estos comediantes expertos en deportes que han salido en las redes?!     
miedo	Hablar de nosotros eso es haram
no sabe	Hay un chico en el gym con los pantalones del rev√©s con muchas etiquetas colgando, le aviso o le dejo darse cuenta en su casa ?   
desagrado	"La experiencia de Dana Mir√≥ para alcaldesa de Guaynabo ...""camino con el alcalde, trabajo en wic , su papa es pnp de clavo pasao "" tremendo   "
ira	ay que bronca la puta madre  
desagrado	C√≥mo est√° costando este d√≠a 
tristeza	Ahuevo quieren sacar a Gertz Manero   
alegr√≠a	Arriba jaja pense que me habian dado vacaciones me voy a santa maria 
desagrado	De vacaciones y levant√°ndome temprano   
no sabe	Vaya por dios, otro a√±o sin ser rica.   
ira	A mi no me pongas ‚Äúmismo manejo‚Äù m√°ndame alv mejor...   
confianza	Ser√° que enamoro a alguien en 2 d√≠as para pasar navidad juntos ?     
no sabe	Me apetece un bocata de salchichas a la brasa  
desagrado	Muy temprano para deprimirme, mejor me duermo jaja 
tristeza	Cual fue el momento de quiebre donde todo se vino abajo? Y yo acostumbr√°ndome a eso   
anticipaci√≥n	Volver a bari con los viejos es hermoso, pero a cambio tengo que entregar mi salud mental   
no sabe	Que ganas de estar con los de siempre fumando porro y tomando birra   
alegr√≠a	Me autoregale para navidad una gorra Snap new era de la NBA. Me sali√≥ un ojo de la cara, pero si doy vueltas no me la compro m√°s. Estaba entre la de Golden state, los raptors o la de Denver. Mi coraz√≥n fue por Campazzo   üèÄ
no sabe	Llegu√© media hora antes al trabajo   
tristeza	Mal ah√≠ re extra√±o a mis amigas, cuando √©ramos todas desempleadas est√°bamos mas juntas q hago renunciooooo    
no sabe	De cr quente logo cedo   
sorpresa	Ayuda no puedo salir del subsuelo de Pok√©mon Perla es taaan adictivo     
alegr√≠a	"Que pedo mi sobrina diciendo ""awuaaaa"" a los 3 meses   "
desagrado	Los zurdos deben estar nadando en un lago de baba. Boric piensa en la reforma de la Constituci√≥n, y entre los integrantes de la Convenci√≥n Constituyente hay una MUJER Mapuche.    .
no sabe	 ¬øNo me har√° da√±o acabar el a√±o as√≠ ?   ¬øas√≠ c√≥mo?    sin unas Nike dunk x off white   sin unas Yeezy 500 desert 
disgusto	ya no puedo fantasmear a las personas.  
no sabe	a√±os defendiendo el spiderman de andrew para q ahora sea el favorito de todos     os odio
tristeza	Pues nada, no soy millonaria   
tristeza	Odio eterno al calor asqueroso.  
no sabe	Esta noche buena me la voy a pasar jugando al animal crossing 
tristeza	Hoy en d√≠a nadie es confiable  felices fiestas para todos   Ô∏è  Ô∏è  Ô∏è
desagrado	Hoy la V hace la fiesta en el freezer  ‚ö™
no sabe	Casi adopt√≥ un perrito pero encontr√© su due√±o y qued√≥ en buenas manos   Ô∏è  
desagrado	Tengo que lidiar con eta muchacha y tambi√©n su playlist de Demi Lovato? PUES MIRE QUE NO que yo no soy tan generosa ni buena gente   
tristeza	No me digas que El Gordo no ha ca√≠do en Do√±a Manolita       
no sabe	Dice AMLO que Gertz Manero se queda, ¬øYa les qued√≥ claro?      
desagrado	Arrancamos la √©poca de desayunar sambuchitos, almorzar sambuchitos , merendar y por supu cenar sambuchitos   
sorpresa	Mi hermano ya paso a secundaria en que momento creci√≥ tantoo     
tristeza	Como me miro el drama si ni las p√°ginas que los transmiten ilegalmente me funcionan   
desagrado	Grave error   Jam√°s me hab√≠a metido en ese tipo de charlas de audio, hoy lo hice, pero no caer√© otra vez   Flojerita‚Ä¶. Descansen   Ô∏è
alegr√≠a	Buenos D√≠as   Feliz Mi√©rcoles    Ô∏è
no sabe	se acuerdan que ale tiene un tiktok que la AriGameplays le dio like y ahora JuanSGuarnizo sabe quien es ana y ale amiga en los streams The Circle Of Life     Ô∏è
disgusto	Los cajeros de san gui o no funcionan o no tienen dinero nunca durante la semana   
anticipaci√≥n	Ma√±ana me toca la tercera dosis!   . C√≥mo les ha ido a ustedes‚Ä¶?
desagrado	Estoy de vacaciones y me hacen madrugar   
desagrado	Tremenda siesta me voy a echar, me cago en Dios     
no sabe	pq se puso este s√°bado   
alegr√≠a	Hacia tiempo no dormia desnudo y buaah que bien dorm√≠     Ô∏è
disgusto	Un 25 de mierda   
confianza	Mientras haya salud...  
desagrado	Este mes est√° como que muy largo, no veo la hora de que se acabe ya   
tristeza	Todas mis ex parejas siempre confiaba con la dem√°s gente, pero no el amor de su vida (Como voy a creer en con el amor   ).
desagrado	En mamada #43821 que ocurre en mi hospi:  Ayer la enfermera especialista del turno vespertino no me quiso entregar hasta que entrara el especialista de mi turno porque ‚Äús√≥lo entre especialistas‚Äù  La morra tiene posttecnico‚Ä¶   
ira	q bronca despertarme antes de que suene la alarma   
tristeza	gente perd√≥n x estar tan inactiva  pero cuentenme... que les regalaron???
alegr√≠a	Yo tambi√©n quiero churritos con chocolate   
tristeza	Ya no hay buenos d√≠as Bart, solo d√≠as.   
no sabe	Desde hoy habr√° que descontarle un minuto al d√≠a y agregarle un minuto a la noche.    
desagrado	Lo que celebra chile es el final de el sistema productivo! T√≠pico de pronto lo empresas se unen y paran ser√≠a bueno si  
ira	Una quiere volver de la gira y q este su re amor en la cama y no ,lo √∫nico q hay es la pila de ropa que me prob√© antes de salir y la perra con el culo en la almohada  
no sabe	Segunda amanecida sin cabecear.... Ahora al rancho como pap√° noel   
desagrado	Madrugar no es lo m√≠o. 
tristeza	Lo unico que quoero es estar bien 
sorpresa	Acabo de escuchar el petardazo en forma de trueno m√°s fuerte de mi vida          vaya pepinazooooo
confianza	Vamos a por el carnet de moto 
tristeza	Q complicado es responderle a las antis en ingles           
tristeza	Necesito un regalo de √∫ltima hora   
alegr√≠a	feliz cumple louis  Ô∏è  Ô∏è  Ô∏è  Ô∏è
sorpresa	Q son estas ganas de cortarme el pelo cortito otra vez?  
sorpresa	Fui a sacar efvo y solo ten√≠an 2mil. El flaco me mir√≥ con cara de y si negri son las 7a.m.   
disgusto	Despierta desde las 5 de la ma√±ana, gracias lluvia   
alegr√≠a	Por suerte ni me queme 
no sabe	Papo de R10   
no sabe	Michael hayup amina design  
no sabe	Mascara     Ô∏è
sorpresa	Leoescucho que Bordalas ha pedido fichajes, que se busca un central y un mediocentro, que no se descarta un delantero, que suena Godin, Gonzalo Villar, etc  Pero H√©ctor G√≥mez dice que es imposible fichar.   ¬øNo ser√° otra mentira de H√©ctor para intoxicar verdad?      
no sabe	Tus perros ronquidos no me dejan dormir        
tristeza	puse la ss incorrecta   
anticipaci√≥n	Artista = Art Insta ?      
no sabe	Lrt Fjfjfjfkfkfk     
alegr√≠a	Mi pap√° ya abri√≥ el regalo que le di y le encanto     Ô∏è
no sabe	Oficialmente, los √∫ltimos entrenos del a√±o se acaban hoy. A descansar hasta enero.   Ô∏è 
alegr√≠a	Que lindo 24 veo venir adentro de fez con m√≠ familia .  
alegr√≠a	HOY ME LEVANT√â RE LOCA   
alegr√≠a	Aaaaaaaaaaaaaaaaaa qu√© lindo    Ô∏è
desagrado	"Es que qu√© es eso de ""las sobras"", como si el tiempo invertido en alguien no valiera nada si no es tu pareja, no s√©, fe√≠simo me parece "
no sabe	A media ma√±ana reuni√≥n de comit√©. Env√≠en buena energ√≠a que se define el budget del a√±o _    .
confianza	el dia q decore mi cuarto con cosas de mis favs no kiero q mi familia se quede a dormir ahi en serio duerman en la sala no me importa si vienen de visita solo no vengan mejor   nomas mi abuela y mis papas
confianza	Oigannn, nunca se crean el ya voy llegando y menos de mi  
desagrado	Pareces la polic√≠a Nacional Controlando quien te deja de Seguir O No. Aflojaaa   
no sabe	40 min esperando a vez na van   
alegr√≠a	Uy, ya tengo una novia     
desagrado	quiero dejar los lentes pero no puedo usar d contacto     
sorpresa	Estas re tranqui y de repente faltan DOS d√≠as para navidad
ira	Culia no se si vender la entrada de la gran navidad, o esperar para ver que onda o ke   
alegr√≠a	Enganchado de rock nacional para viajar en tren  
tristeza	El sorteo de la loter√≠a de Navidad me pone melanc√≥lico   
no sabe	Esa es la que le cae   
tristeza	Levantarme de mal humor es lo peor que me puede pasar   
tristeza	Dia triste  
disgusto	nuria deja de tomar caf√©  
alegr√≠a	¬°NO ME LO CREO! ¬°ME HA TOCADO! ¬°ME HA TOCADO! ¬°ME HA TOCADO LA SUERTE DE SER DEL VILLARREAL!   ¬°COMPARTE EN TU MURO SI A TI TAMBI√âN!       
alegr√≠a	Hoy veo Spiderman 
confianza	Me di√≥ nostalgia Ayer recordando con las muchachas lo felices que √©ramos en ese 2019 
no sabe	Los muchachos ya empezaron con la cantidad de casos nuevos,en breve van a pedir cuarentena obligatoria y renta b√°sica,otra vez      
tristeza	no he ganado el gordo   
alegr√≠a	Adivinen quien cumple a√±os el s√°bado?  
desagrado	Uhhh para que me acord√©   
no sabe	yo    subir banda de escrachos a ig
no sabe	AHORA S√ç   
alegr√≠a	free visa to turkey   
no sabe	El 9 de enero SNK               
miedo	Bueno aparentemente en C√≥rdoba no estar√≠a habiendo ni una persona sin COVID.    
disgusto	"La comparaci√≥n con el debate de la ley antitabaco, donde se justifica la sanidad universal gratuita porque es una adicci√≥n y, claro, tiene disculpa     No se trata de que sea una enfermedad ""justificada"", se√±ora. Se trata de que se proporciona sanidad gratuita universal o no."
sorpresa	Me compre hace un tiempo atr√°s un perfume Channel en la Zofri, 89.990 me sali√≥   .. Dije ctm la huea cara (pero no importa trabajo y me saco la cresta). Ayer fui al Mall en Chill√°n mismo perfume Channel pregunte valor y me dijo la ni√±a:
tristeza	Y encima me van contando x ah√≠ q eres buena novia    Ô∏è
no sabe	Oye una pregunta: ¬øCuantos de vosotr@s sois la segunda cuenta de otra principal que tambi√©n me sigue? Es que siempre me ha intrigado eso.      
no sabe	Le dir√≠a para ir al cine y recomponer lo que pas√≥ pero siempre su respuesta es no y que con otro la pasa mejor. Se olvida que todo empez√≥ en el cine   
ira	Va ignorame, pero a ver quien te deja comer ensalada de manzana de sus chichis  
desagrado	ya empec√© mal el d√≠a olvid√°ndome los lentes de sol   
confianza	Ma√±ana tengo el √∫ltimo examen de diciembre y estoy de blancazo, no retengo nada a parte de la parte pr√°ctica y me da realmente igual  
no sabe	Tener que bloquear la tarjeta de april solo por mi paz mental  
ira	    NO ME LO PUEDO CREER! ¬°ME HA TOCADO! ¬°ME HA TOCADO! ¬°ME HA TOCADO LA DESGRACIA DE ESTUDIAR EN LA UNIVERSIDAD DE VALLADOLID! ¬°COMPARTE EN TU MURO SI T√ö TAMBI√âN!
tristeza	Estoy a punto de colapsar   
sorpresa	Ciro ni me mira, anda loco   
tristeza	Quedan 3 dias para navidad  
sorpresa	¬øSe fijaron; que ayer fue el √∫ltimo d√≠a 21, del a√±o 21, del Siglo XXI?     
tristeza	Cuando me preguntan por qu√© no me quedo con cosas de accesorios, es porque no me dan tiempo a quedarme con algo    vuela to
disgusto	LA DOBLE MORAL  Todos defendiendo a Mark Anthony por su fama y dem√°s pero si las muecas las hace el Tata, alg√∫n picotero o hasta el mismo Silvestre que un d√≠a por algo parecido le cayeron encima, todos estar√≠an hablando buena monda. De burros y periqueros no nos iban a bajar.      
no sabe	Hoy en d√≠a existen muchas blockchain con estructuras diferentes, eso significa que les cuesta comunicarse una con otra.      All√≠ es donde entra Polkadot, uniendo a todas las cadenas y permitiendole al usuario moverse casi sin darse cuenta entre ellas.  (36)
desagrado	    NO ME LO CREO  ME HA TOCADO         _ME HA TOCADO LA SUERTE DE NO SER UN PUTO GABACHO  _
no sabe	Momentos en los que quiero saber coreano   
ira	No puedo dormir porque no puedo respirar    maldetaaaaaa gripe.
alegr√≠a	 Mami, ¬øJesusito tiene villano? S√≠ que tiene, s√≠. Pero no vamos a hablar de √©l todav√≠a.    
desagrado	un nene peque de mi finca dici√©ndome que los reyes me iban a traer carb√≥n... he estado a punto de contarle la verdad sobre esos reyes suyos 
desagrado	Para los que quieran colapsar trabajen en un call Center   al borde de la depresi√≥n y el m√°ximo estres
confianza	Trabajando en los √∫ltimos pedidos antes de Navidad  Much√≠simas Gracias por vuestra confianza a la hora de encargarme vuestros regalitos  Deseo os guste el resultado... y deseo que pas√©is una Felices Fiestas    Abrazos Gigantes   Terapias y Artesan√≠a  Link in Bio
alegr√≠a	Estoy trabajando y no traje desayuno y nada m√°s fue que dijera que ten√≠a hambre para que me compraran de comer. Amo ser la consentida de la gente     Ô∏è
ira	Consejo del dia... Cierren el put... Ciclo... Y sean felices!    Con mucho amor les digo
desagrado	Que vayas al endocrino y,en los tiempos que estamos,te diga que no tomes prote√≠nas, que son malas para el h√≠gado y que tienes obesidad seg√∫n el IMC...ese es el nivel   
desagrado	Y lo que m√°s gracioso me parece es que en el trabajo parece que no se contagia (y eso que casi nadie teletrabaja ya, yo y dos m√°s).       No s√© Rick, pero ya no saben ni lo que hacen.
tristeza	Loco, puede ser que disney haga pel√≠culas tan profundas? Me van a matarrrr     
desagrado	Otra vez el mismo sue√±o   
ira	Re caros est√°n los juguetes   
no sabe	has lo q yo digo pero no lo q yo hago   
alegr√≠a	por otro lado jugar al tft me da ganas de vivir, estoy a 10 lp de orito   
no sabe	‚ùóÔ∏è Existen cientos de pseudoterapias enfocadas a prevenir y tratar el c√°ncer. ¬°Cuidado! Consulta siempre con el onc√≥logo.   Hablar de ellas es la mejor forma de conocerlas y poder evitarlas.
alegr√≠a	Que lindas fotos de perritos y gatitos en respuesta a Brownie    amo mucho
desagrado	LEESEO      
sorpresa	dios m√≠o como voy a ser hija de una clasista 
alegr√≠a	TAEWOO va a debutar    no crei el rumor pero agradezco sea cierto,me gustaban los integrantea del grupo y el era muy lindo con los demas y gracioso   Ô∏è estoy feliz
no sabe	He retomado el Witcher   
sorpresa	¬°86.148! Ya tenemos el gordo      
desagrado	El PP apoy√≥ ayer en el Senado, a las lenguas cooficiales en Espa√±a. O sea, que apoya a los independentistas catalanes que no dejan hacer pip√≠ a los ni√±os si no hablan catal√°n y tambi√©n a ETA  ¬°Me quedo muerta!        
no sabe	Hice algo muy chilango en Quintana Roo; pregunte de qu√© eran las quesadillas del buffet 
alegr√≠a	 No me dejes    + No te dejar√≠a por nada en el mundo     ‚Ä¶   Ô∏è
alegr√≠a	Hoy comenz√≥ muy bien el d√≠a   
no sabe	0 euritos en la loteria de navidad 
no sabe	Madre m√≠a las farmacias en el centro de Madrid. Ponen carteles de NO HAY TEST. Han arrasado con ellos    Locura total.
alegr√≠a	Conoci el video de Tom Holland bailando umbrella   
tristeza	mis manos huelen a pezcado
no sabe	Otro a√±o currando!!!   
no sabe	Estoy as√≠   de hacer una cuca y una picada para mi familia
ira	ni nada .... Bien pues ahora m√≠smo mi hija tiene fiebre ... Y ahora que .... Pues a denunciar a estos m√©dicos y enfermeras , que nos proporcionaron un trato mal√≠simo y despectivo ....  Bueno este es SALUD NO RESPONDE y la gente que te atiende tampoco        
no sabe	Quero fita   
alegr√≠a	Empezamos bien el d√≠a   
disgusto	Necia la gente que quiere poner pura banda porque est√° hasta la Vrga cuando todos traen el perreo a√∫n   
sorpresa	Tuve un sue√±o bn raro 
alegr√≠a	hoy tengo tareas de admin de gc omg omg    KEKW
desagrado	Bruno anoche buscando nombres de bebes que quedan bien con apellidos espa√±oles osea el suyo    Sal de ahi Satanas 
ira	Que rabia, lo quiero solo para mi  
desagrado	No entiendo por qu√© hay personas que escriben mal su propio nombre   
alegr√≠a	Por fin se ha puesto Juanjo al d√≠a con One Piece y puedo comentarlo con √©l       Ô∏è  Ô∏è
tristeza	cada vez se hacen menos speech de a√±o nuevo   _    Ô∏è
disgusto	Me enferma que sean tan irresponsables   
alegr√≠a	Not el baterista de cinema tocando la bater√≠a despu√©s de diez a√±os para el d√≠a de hoy y tocando forever or never   
disgusto	Que fiebre tan malparidaaaa      
alegr√≠a	Que lindo sentirse de la familia en una que no es la tuya   
no sabe	Ma√±ana ya es jueves   
sorpresa	Porque a tantos les molesta que Barracas Central all√° clasificado a Primera? Si Boca tiene que jugar all√° cu√°l es el problema?      
ira	QUE CALOR SORECHUCHADETUMADRE     
alegr√≠a	Que dicha    
no sabe	En esa realidad es paciero de Japa   
desagrado	S√≠, te voy a responder el mensaje hombre que tiene como foto de perfil un ripio   Ô∏è 
desagrado	Ay oye yo no me quiero ni peinar me siento tan comoda   Ô∏è(como una loquita)   adem√°s que si salgo por ley me tengo que ba√±ar pq el COVID anda desatado   
desagrado	"*en LAS tiendas (no ""en m√°s tiendas""   , corrector metido!)"
desagrado	La pr√≥xima vez, no voy a hablar de m√°s..  
sorpresa	ON live : he estado jugando mucho al tablero de ajedrez. Por lo que mis dedos tienen esta forma.
no sabe	Reflexo      
desagrado	C√≥mo le digo que no le aguanto    sin decirle que no le aguanto  
desagrado	nom√°s se lo perdono a Yeonjun   
alegr√≠a	Que reto tan grande es guardar el secreto del sexo de mi sobrinit@ hasta el 1ro de enero   
alegr√≠a	Los cuellos de tortuga con el cabello como lo traigo se debe ver genial
confianza	La verdad yo estoy muy ocupada y el silencio de Kep1er pues no me importaba mucho pero creo q ya llega un punto en el q empez√≥ a notar su ausencia pq hay 0 contenido. La verdad, ya es preocupante pq no mucha gente es capaz de esperar tanto  como digo yo voy a esperar paciente
disgusto	Al menos es curro para Lo Del A√±o Que Viene        PERO MUCHO CURRO      
alegr√≠a	Buennnn dia 
alegr√≠a	Hola amigos Buenos d√≠as c√≥mo est√°s, bendiciones un abrazo  
ira	Una semana trabajando y ya no soporto a la gente, tan mal educada va a ser?. Y encima siempre el cliente tiene la raz√≥n   
sorpresa	Una semana para mi cumple   
desagrado	un dia me hace llorar y hoy estoy aqui en el sofa con el  
miedo	el doctor strange    yo verse todo el percal y no decir una sola palabra
alegr√≠a	la navidad  Ô∏è  Ô∏è  Ô∏è  Ô∏è  Ô∏è  Ô∏è    
alegr√≠a	Hoy ser√° uno de esos d√≠as donde le llega a uno el rega√±o de navidad adelantado, jaja. Morning bitchs.   
no sabe	   Ojo si ten√≠a previsto acudir a alguna actividad de Nadal en Ames, porque el incremento de contagios de covid obliga a hacer cambios en la programaci√≥nhttps:www.cope.esn1692362
alegr√≠a	¬°NO ME LO PUEDO CREER! ¬°ME HA TOCADO! ¬°ME HA TOCADO!   seguir siendo igual de sexy otro a√±o m√°s  
alegr√≠a	yo:  *fernandocosta sube v√≠deos con su yaya* yo:  Ô∏è  Ô∏è  Ô∏è
anticipaci√≥n	Se puede tomar igual en el d√≠a que te vacunas?   
no sabe	El 148 era el tel√©fono (fijo, claro) de mi yaya. De cuando nos los sab√≠amos todos. El gordo me la ha tra√≠do 
