Disgusto;nos ha hablado por megafonía el conductor del tranvía    no somos dignos
Enojo;Detesto la gente irresponsable, para que pedis un turno si siempre cancelas a última hora ¿???   
Anticipación;Pregunta seria: ¿a tu cogiamigo se le regala algo para Navidad o nel pastel?      
Confianza;pero está bien no voy a demostrar q me afecta     
Disgusto;Puto sueñoooooooo 
Disgusto;Todavía tengo que comprar los regalos   
Tristeza;"Otro 24 de diciembre sin decir: ""Ay amor, ya tiraste el ponche, estás todo estúpido"" "
Enojo;En serio, mi paciencia está por caducar. La gente me agota   
Disgusto;Necia la gente que quiere poner pura banda porque está hasta la Vrga cuando todos traen el perreo aún   
Tristeza;Tan lindoo mi bleizer amarillo. Y mi hija me lo pinto todo.    
Disgusto;Me enferma que sean tan irresponsables   
Disgusto;no les voy a decir quién se volvió caminando con lluvia anoche y tiene la garganta pateada   
Disgusto;Hoy me tatúo        
Disgusto;que guapa estás, la cosa es que tienes novio  
Disgusto;Ya estoy en Cadiz    ️
Alegría;mi madre nos ha regalado flores a andrea y a mi   
Disgusto;Despierta desde las 5 de la mañana, gracias lluvia   
Sorpresa ;mi para ti de tik tok anda muy personal   
Disgusto;Imagina pasarse 10min peinandome delante del espejo para que salga a la calle me de el viento y acabe pareciendo Javier Bardem
Alegría;No les pasa que tienen alergia a todas las mascotas pero menos a la suya? 
Alegría;Mañana en la barra sonarán villancicos tipo:  La isla Monastery  Sigue bailándome  Cositas así   
Disgusto;La puta mierda de vida que llevo   
Disgusto;A los que os quejáis de no entender gallego os reto a decirme que dice Slo Mo   
Alegría;Felizzzzz pq hoy me voy a mi casa    
Disgusto;No hay momento que me sienta mas vieja que cuando me sorprendo diciendo o pensando: anda, ya se acabó el año  jajjajajjaj
Disgusto;por qué no se os llena la boca hablando de la Constitución cuando dejan desamparados a menores, desahucian a personas mayores, no somos iguales antes la ley...... no voy a decir a q m huele porque ya lo sabemos todos     
No Sabe;Quiero mutuals   
No Sabe;“Cuando cualquiera la puede tener”    
Alegría;Ayer me llegó mucho cariñito   
Alegría;Hoy es día de fiesta   
Disgusto;"La comparación con el debate de la ley antitabaco, donde se justifica la sanidad universal gratuita porque es una adicción y, claro, tiene disculpa     No se trata de que sea una enfermedad ""justificada"", señora. Se trata de que se proporciona sanidad gratuita universal o no."
Disgusto;nuria deja de tomar café  
Disgusto;La gente se vive quejando de que no hay citas en la EPS pero cuando no pueden asistir no cancelan… 
Sorpresa ;Chocoaventuras de otro nivel.   
Disgusto;Que fiebre tan malparidaaaa      
Disgusto;La policía le tiene que hacer el llamado e informar a los víctimas de poner la denuncia para que los delincuentes no salgan libres.      
Enojo;Viste cuando dicen hoy no es mi día? Buenooo hoy no es el mio  
Alegría;¡ME HA TOCADO! ¡ME HA TOCADO!     La suerte de tener una increíble comunidad  
Disgusto;La lotería no se pero Pedrito podría darme novedades de la beca e ingresármela ya   
Sorpresa ;Estaba escuchando un podcast sobre los patrones y   
Sorpresa ;Tuve un sueño inception, soñé que estaba soñando y luego estaba comentando el sueño en el sueño   
Sorpresa ;Han cachao que cuando uno responde “no” a cuando te preguntas si estás bien, a la gente le explota la cabeza    No están acostumbrados a esa respuesta.
Enojo;Todos descansando y yo aquí trabajando como esclava un 24 de diciembre      lo bueno que salgo a la 1   ️
No Sabe;No sentimos ningún temblor en la capital.   
Disgusto;Los cajeros de san gui o no funcionan o no tienen dinero nunca durante la semana   
Enojo;Tengo un mal humor hoyyy     
No Sabe;8 de la mañana y yo llamándola a juli, me va a odiar    
Enojo;Odio esos manes que te dan los “buenos días” o “buenas noches” después de haberte desvestido con la mirada y si uno no responde te llaman mal educada.   MIRA HP, ESO NO ES EDUCACIÓN ES ❗️ACOSOO❗️
Disgusto;Y ahí quedaste pu, le pusiste mas color y ahí quedaste   
Disgusto;Aún es Miércoles...   
No Sabe;Escuchando calle 13 amanecí   
Alegría;Un día de verano en Gualeguaychú equivale a más de 4 duchas en un dia 
Disgusto;"Que pena que se estén robando los bonos navideños personas que ni siquiera los necesitan , y acá es donde entra el dicho       ,""vemos la paja en el ojo ajeno y no vemos la viga que tenemos en el nuestro""."
No Sabe;El pipo  
Alegría;"La verdad que están bastante bien, parece que van más ""suaves"", hacen menos ruidos, son más estéticos, asientos más cómodos.  No están nada mal, la verdad.  "
Disgusto;Me he dejado los auriculares    en Salamanca   _ una genia soy
Alegría;free visa to turkey   
No Sabe;se acuerdan que ale tiene un tiktok que la AriGameplays le dio like y ahora JuanSGuarnizo sabe quien es ana y ale amiga en los streams The Circle Of Life     ️
Sorpresa ;Me compre nose cuantas cosas para ponerme para la fiestas y ahora nada me gusta
Sorpresa ;Q son estas ganas de cortarme el pelo cortito otra vez?  
Alegría;Uy, ya tengo una novia     
Tristeza;No me toca ni la lotería.   
Confianza;que quieren que suba hoy?   
Alegría;Buenos días amores míos   
No Sabe;Y Xena la princesa guerrera     
Sorpresa ;Hay un tweet que dice estudien para darle a su perrito la casa que merece, yo pase todo un domingo armandole una casita a mi perra y la pelotuda se acuesta en el techo   
No Sabe;Que feo clw golpiarte y no poder ir ha trabajar x un mes y algo no pode hacer ni bosta y andar seco
Disgusto;Que vuelta esa gente se victimiza y lo publica en redes sociales   
Tristeza;Nos debemos la despedida   
Tristeza;Al menos no necesito manejar de manera urgente o si no estaría peor   
Alegría;El segundo premio ha caído en mi municipio   
No Sabe;Ya es oficial el uso de HbA1c(*) en Chile como criterio diagnóstico de DM2     (*) por cromatografía liquida de alta resolución (HPLC) o inmunoensayo
Tristeza;"De acuerdo al sabio de Macuspana, un “día ni no malo”, fue el lunes pasado, ya que “sólo"" se registraron sesenta y ocho homicidios.   "
Disgusto;Lo malo de tener padres religiosos es que te vendan todas las pajas de la biblia, perdonar al prójimo, la unión familiar, estamos hechos a las semejanzas de dios y pare de contar   
Anticipación;La verdad q sigo sin entender      !!
Anticipación;Tengo la cabeza en cualquier lado últimamente   
Anticipación;Cb desde que he llegado aquí lo menos que he hecho es dormir   
No Sabe;Buenos días a todos, me pregunto una cosa a esta hora sigue el Sevilla de Lopetegui dando patadas??   
Alegría;Buen día ya se va acercando, el día en el que haré mis ediciones navideñas... el año pasado faltaron por muchas razones pero este 2021 no faltaran, ni las navideñas ni las de fin de año.  
Tristeza;Esas ganas de un tremendo mañanero y no tener con quién 
Disgusto;Hasta ahora, al cabo de 2 años, he visto que el GobierNito no ha hecho nada por el bienestar y mejoramiento de la calidad de vida del jubiladopensionado..! Me pregunto, ¿sería acertado que yo le diera mi voto al PRD para el 2024? Si no ha hecho nada x mí...hoy? Los leo...!     
Sorpresa ;Como van terminando el año? Yo tranqui, me enteré me enteré mediante un estudio que en algún momento tuve un ACV         
Sorpresa ;Los madridistas rabiando porque ayer expulsan a Kounde por agredir a Alba    Alguien me lo puede explicar?
Disgusto;Alguien más quiere vender su entrada de la gran navidad   
No Sabe;se me fueron hasta las ganas de comer  
Tristeza;Mi corazoncito en mil pedazos   ️   
No Sabe;Pero temprano me dormí anoche  
Anticipación;Y si me meto en ese peo?      
Disgusto;Me levante muy temprano porque tenia que viajar y no había yerba para el mate  
Alegría;Iré a comprar juguetes. Me lo merezco.   Quiero recuperar los juguetes de mi infancia.   ️  ️  ️
Tristeza;Yo llorar por todo
Alegría;q lindo ver como todos están saludando a louis    ️  ️  ️
Alegría;Dando las gracias por no haber perdido el gusto y poder saborear el chocolate   
Anticipación;Esperando mi visita  
Alegría;Feriass   
Alegría;Necesito un mañanero     para quitarme este frío.
Disgusto;Un 25 de mierda   
Alegría;Que dicha    
Alegría;“Te amo más que ayer y menos que mañana”.    
No Sabe;La maldita costumbre de no apagar el aire y después levantarme congestionada   
Tristeza;Extraño cuando mi hermano vivía conmigo DEVUÉLVANME A MI HERMANO   
Alegría;48 días   
No Sabe;Confieso que tengo al menos cuatro pintalabios que encontré en la feria de Albacete hace unos años y que no uso por miedo al herpes, sólo los tengo de trofeo   
Miedo;Hablar de nosotros eso es haram
Sorpresa ;Un accidente frente a mi edificio, un motoquero se sacó la chucha y quedó atravesado en la calle ...venía curado.  Llegaron los amigos y se lo llevaron al sapu.   
No Sabe;He dado positivo xd en tener la mejor combi completa   
No Sabe;Ferran  .....  
No Sabe;escuchar a yung beef por granada y encontrarse a su camello   
Disgusto;"En el grupo de las gordas se discute si podemos mezclar sandía con vino        Yo digo; vengaaaa"
Disgusto;que bien! 9 horitas de vuelo  y un dolor de cuello inmamable
Disgusto;ala ya no me toca el gordo  
Disgusto;LA DOBLE MORAL  Todos defendiendo a Mark Anthony por su fama y demás pero si las muecas las hace el Tata, algún picotero o hasta el mismo Silvestre que un día por algo parecido le cayeron encima, todos estarían hablando buena monda. De burros y periqueros no nos iban a bajar.      
Anticipación;Mañana me toca la tercera dosis!   . Cómo les ha ido a ustedes…?
Disgusto;Al menos es curro para Lo Del Año Que Viene        PERO MUCHO CURRO      
Tristeza;Que manía la de levantarme temprano, innecesario   
No Sabe;Me a moa: bsf a engene:      Ewan ko ba
No Sabe;Novio   
No Sabe;Amistad sincera para hacer de todo juntos sin rajar.  
Disgusto;Ya me cansé de jugar el mismo jueguito de hace aprox. 12 hs   
Anticipación;Amigos por cierto, el mancito que me estaba metiendo labia ya no me gusta. Creo que si es verdad eso de “no te gusta, solo estás ovulando”     
No Sabe;Bbbboeno mepa q se va al cine solo hoy     
Enojo;Ya salió..el viejo CTM..de la Vega        
Sorpresa ;Me faltan 6 capítulos para acabar Alabasta   
Alegría;Yo al Beto: soy un verídico payaso.  El Beto: si eres a clown, you're the most beautiful clown.  Yo: messirve  .
Sorpresa ;Diciembre deja de sacarme plata   
No Sabe;Diiiiiosss, por qué tanta intensidad a esta hora lpmqlp  
Alegría;le regale lotería de navidad a jordi ahora tenemos 200€ para irnos a comer 
No Sabe;La actualidad del fandom ahora:  Alterados porque Karol confirmó que va a ver Tour para el siguiente año   
No Sabe;Michael hayup amina design  
Anticipación;Artista = Art Insta ?      
Tristeza;Jajsjajsj digo porque se escucha rara la cancion le sacaron varios instrumentos pero me anda un solo lado de los auris    
Tristeza;Antes tenía 2 mensajes sin contestar, ahora tengo 20 y entre más se juntan más me da hueva abrirlos y más pena contestarlos.   
Anticipación;Estoy confundidisima   
Confianza;Pues no me ha tocado nada… Ya me podrías tocar tú   
No Sabe;Casi adoptó un perrito pero encontré su dueño y quedó en buenas manos   ️  
Tristeza;Ayer una amiga no estaba mostrando las tetas y la abuela nos vio, que pena   
No Sabe;Comprar algo online y que te llegue al otro día, excelente servicio   
Disgusto;ya no puedo fantasmear a las personas.  
No Sabe;   ¡TE HA TOCADO!    ¡TE HA TOCADO!    ¡TE HA TOCADO!    ¡TE HA TOCADO!    ¡TE HA TOCADO!    ¡TE HA TOCADO!    ¡TE HA TOCADO!    ¡TE HA TOCADO!  Este gordo podría ser tuyo bebé
Alegría;Pq pq Chae se ve tan guapa ptmr, envidio a los coreanos
Anticipación;Estas Navidades quiero probar a cocinar nuevas recetas. ¿Alguna idea?  
No Sabe;años defendiendo el spiderman de andrew para q ahora sea el favorito de todos     os odio
Sorpresa ;He ido al Aldi a comprar un roscón de reyes, con la firme intención de NO COMPRAR NINGUNA PLANTA  ¿Cómo creéis que ha acabado la cosa?   
No Sabe;Tus perros ronquidos no me dejan dormir        
No Sabe;hace 11 años lo llamaba por su cumpleaños        ahora están juntitos durmiendo   ️
Alegría;Un vago que me atendió en un negocio me regaló un bombón, excelente servicio   
Disgusto;La hora que es y ya empiezo a transpirar, que asco   
Tristeza;Q complicado es responderle a las antis en ingles           
Tristeza;Ya no hay buenos días Bart, solo días.   
Sorpresa ;Me compre hace un tiempo atrás un perfume Channel en la Zofri, 89.990 me salió   .. Dije ctm la huea cara (pero no importa trabajo y me saco la cresta). Ayer fui al Mall en Chillán mismo perfume Channel pregunte valor y me dijo la niña:
Sorpresa ;Que alguien me explique por qué sueño tanto con él     Anoche nos soñé en un restaurante japonés, y no dejaba de darle besos en toda la carita  Ush, ya basta. Muy lindo y todo pero él está lejos y no creo volver a vernos. (aunque ojalá)
Tristeza;Me quede dormida porque ya no aguantaba el sueño y me levanto con esta noticia que me tomo por sorpresa, me puse mal , estoy mal                   ️
Confianza;Bueno hoy si va a ser un buen día y nadie me hará amargar, ni usted pinche señora que no me quiere alquilar el departamento      
No Sabe;Conala cona : 910 me lo dice carlos y me da risa Gorda: 100010 como me llaman carlos y victoria cuando me dicen cosas bonitas  Gordichuela: 210 me lo dice carlos solo pa joder Esperanza Aguirre: 310 josema  Blobfish: 110 otra vez Josema virtual     
Anticipación;Se copa la plaza el 24 y el 31??  
Alegría;Que buena pedita de cumpleaños   
Tristeza;Loco, puede ser que disney haga películas tan profundas? Me van a matarrrr     
No Sabe;"Yo;     Me acuerdo que esta la CA awards  Yo :   ️"
No Sabe;"La gente: ""Ay es que Google nos escucha qué chungo ""  Also la gente: *Acepta todas las cookies* *Acepta enviar todos los datos* *Usa la misma contraseña para todo* *Se abre cuentas en cualquier sitio y luego no las cierra* *Se instala apps que rastrean hasta tu ubicación*"
No Sabe;Por lo menos he comido hallaquitas no todo es taaaan fastidioso, que lala este mes   
No Sabe; Uss en el cine. Me wa a ver el spayderman   
Disgusto;Me levanté temprano para ir al centro porque tenía que comprar UNA sola cosa, hasta que me acordé que e 2212 y está todo explotado 
Disgusto;Yo hago verdes trabajando 912 horas al dia hay gente nomas de huevona juzgando desde su sofá  bendiciones pa todos jaja
No Sabe;❗️ Existen cientos de pseudoterapias enfocadas a prevenir y tratar el cáncer. ¡Cuidado! Consulta siempre con el oncólogo.   Hablar de ellas es la mejor forma de conocerlas y poder evitarlas.
No Sabe;¡NO ME LO CREO! ¡ME HA TOCADO! ¡ME HA TOCADO! ¡ME HA TOCADO LA SUERTE DE SER DEL VILLARREAL!  ¡COMPARTE EN TU MURO SI A TI TAMBIEN!   
Disgusto;Qué onda la gente que no le gusta quedarse solo en su casa??? Es lo más hermoso del mundo nadie te rompe las pelotas.  
Enojo;Empezar el día queriendo lavar ropa y que el lavarropas no esté andando, ya me estoy estresando  
Disgusto;dalila mili y sole pasaron navidad juntas     ️  ️  ️
Tristeza;          omg sueldo hiiiii  ️  *se lo gasta todo en regalos*         
No Sabe;Estoy tratando de empezar a juzgar desde la intención y no la acción. Es la única forma de vivir tranquilo y de intentar entender al otro
Sorpresa ;En qué momento pase de recibir regalos a ser yo el mismísimo  PAPA NOEL    
Confianza;El COVID dijo: pero como que volví, no entiendo, si yo nunca me fui   
Tristeza;puse la ss incorrecta   
Tristeza;Estaba cocinando garbanzos ahorita y se me regó la sal    igual me los comí   ️ ahora tengo sed   
Disgusto;El diita se está poniendo...   
Confianza;Será que enamoro a alguien en 2 días para pasar navidad juntos ?     
Disgusto;Que intensa estoy porfavor   
No Sabe;Lrt Fjfjfjfkfkfk     
Alegría;Con sueño pero feliz   
Disgusto;Buenos días, hermano puedes dejar de abrirme la puerta para ver si estoy despierta  
Alegría;Que reto tan grande es guardar el secreto del sexo de mi sobrinit@ hasta el 1ro de enero   
Alegría;En algún momento llegue a pensar que no merecía lo suficiente, pero en el lugar correcto lo eres todo    
No Sabe;No estoy preparada pero eso les da igual  
Disgusto;Cuando te encontras conocidos   ️.. en la fila para hisoparte   ..
No Sabe;0 euritos en la loteria de navidad 
Disgusto;¿Otra vez mala? No salgo de una que me meto en otra.. Puto resfriado..  
Alegría;"...la 3er temp. Le den el desarrollo que merece pq la tqm, amigos de Pabko estan bien oendejos pero me hacen reir mucho JSJAJAJAJA. Ay no, yo amo mucho esta serie     Pd: apenas me di cuenta que un amigo de Pablo va a salir en ""bendita suegra""  Pd2: me sorprendio ver a..."
Alegría;Status civil: Sin un chele. Pero cero deudas y empleados felices y contentos con su doble. Y esa es la Navidad felíz del jefe. 
Anticipación;Es mucho tres horas?      
Tristeza;Me caga enfermarme porque no me puedo besukiar a mi novio   
Enojo;De enero a la fecha, mi dividendo ha subido 16 lucas      .
Tristeza;Lpm me quedo la cabeza roja 
No Sabe;Quero fita   
Alegría;  ¡ME HA TOCADO!   ¡ME HA TOCADOOOO!     ¡ME HA TOCADO!   ¡ME HA TOCADOOOO!   ¡ME HA TOCADO!   ¡ME HA TOCADOOOO!   Me ha tocado la suerte de haberte conocido.
Sorpresa ;Traigo una canción en mi mente y van dos días que la escucho en la calle, es como si leyeran mi mente   
Tristeza;Después vuelven las 5 y se agarran a las piñas 
Sorpresa ;Los primeros minutos del capítulo cinco me dejaron   
Alegría;Buenos Días   Feliz Miércoles    ️
No Sabe;Tendremos que repetir el finde en el paysa      
No Sabe;Otro año currando!!!   
Confianza;Soy un loco extravagante   
Tristeza;Quedan 3 dias para navidad  
Tristeza;A este paso, me va a tocar comprar los regalos de navidad el 1 de enero. El tiempo no alcanza
No Sabe;Qué lindo es ver el poder de Dios, sus respuestas son deslumbrantes.  Gracias Dios porque a mucho has dicho sí   ️.
Tristeza;Si van a regalar juguetes o ropita en estas fechas, por favor no suban fotos de las caritas de los niños y personas. Es lo más cruel que les pide su ego. Ayuden y nutran su corazón de bonitas vivencias, se los juro que no pasa nada si no lo muestran a sus redes sociales.  
Tristeza;Hace como 4 dias que no como bien y hace como una semana que no duermo nada. Asi estoy   _️
No Sabe;Killian    yo.  Ser productivos y contestar roles ahora.
Tristeza;tanto pa decir pero a veces sobran las palabras   
Tristeza;Mi novio se la pasa comprándome alfajores, gomitas, helado, mc donals. TODOS LOS DÍAS. Ta bien igual ni quería llegar al verano  
Tristeza;Feliz miércoles de cosas maravillosas dijo aquella   Q de vdd les pasen cosas lindas!!!  
Tristeza;Todavía me siento cansada  jaja
No sabe;De cr quente logo cedo   
No Sabe;No tengo permiso de mi papá aún      
Alegría;Buen día para todo el mundo mundial Happy Wednesday 🇮🇨🇨🇱  
Alegría;Estoy en el metro sentado frente a un chaval de 15 o 16 años que está leyendo un libro... ¡En papel! Hay esperanza... 
Tristeza;SINO NAG QRT          
Miedo;Bueno aparentemente en Córdoba no estaría habiendo ni una persona sin COVID.    
Sorpresa;16 mins pa llegar   
Alegría;Pues a ver si hay suerte y... vuelve a funcionar el agua caliente   
No Sabe;Por fin se me vienen dando las buenas locoooo! 
Alegría;Como 8 regalos de navidad le compre a la Emma   
Anticipación;Quiero un elote y una marquesita     
No sabe;Dice AMLO que Gertz Manero se queda, ¿Ya les quedó claro?      
Alegría;Feliz día mundial de la salud a todos  
Desagrado;Las forras llegan con el barbijo puesto de corpiño pero se ponen alcohol en las manos eso si    No les da la cabeza
Anticipación;A ver tus manos?   
No sabe;pq se puso este sábado   
Desagrado;Te odio y te amo Marvel   
Desagrado;Yo y mi costumbre de acostarme tarde cuando al otro día me tengo que levantar temprano   
Desagrado;no, no se me olvidó… solo que no te dije nada   
Desagrado;Actualmente estoy huyendo de los spoilers de spiderman. No he tenido tiempo 
Ira;Y el gordo calló a 15 minutos de mi casa en un centro comercial y no compre número ahí este año cuando.lo año siempre, me cago en todo      
Desagrado;El próximo que pida mi número lo bloqueó  caso cerrado!
No sabe;Mi duda es ¿que le conocen a Taehui?   
Tristeza;Odio eterno al calor asqueroso.  
Desagrado;Me estoy poniendo mala, la gente se creerá q es el covid, pero esque a una le gusta salir un día de lluvia sin paraguas  
Desagrado;Ajá mucha risa y todo, el video es buenísimo, pero Juan Sebastián el maracucho del video del perro me parece damn cute 
Desagrado;Parishiiii emplaza a Boric por los medios.  Pero q se lo diga a la cara    que venga y se lo diga a la cara
Sorpresa;¡86.148! Ya tenemos el gordo      
Miedo;Tembló la tierra, y fue bien fuerte   
Alegría;No puedo creer que más de 100mil personas han visto mis últimas fotos.   
Alegría;Enganchado de rock nacional para viajar en tren  
Tristeza;Maldita vacuna me tiene toda adolorida 
Desagrado;probablemente habría más posibilidades de que me toque la lotería hoy que de que me toque jean en cualquiera de los banners, se hace de rogar la mujer eh   
Confianza;Me dió nostalgia Ayer recordando con las muchachas lo felices que éramos en ese 2019 
No Sabe;Porque las personas se estan aplicando refuerzo de pfizer y tienen sus dos dosis de atrazeneca?      
No Sabe;a mi madre le ha tocado 200€   
Desagrado;No hay cosa que odie más, que la impuntualidad loco  
Alegría;Por cierto muchas gracias a todos por las felicitaciones, aunque sea una tonteria a mi me hace feliz que os acordeis de mi aunque sea en Twitter.  Que paseis unas felices fiestas todos    
Ira;ME HA TOCADO!!!  seguir madrugando y cagándome en mi puta vida   
No sabe;Estoy controlando ver mis redes sociales de Spiderman pero las notificaciones de las cuentas que sigo en YouTube no colaboran vale.   
Desagrado;Otra vez el mismo sueño   
Alegría;Por fin se ha puesto Juanjo al día con One Piece y puedo comentarlo con él       ️  ️
Alegría;ya vieron que en mubeat pusieron a way que no fue promocionada así que espero estén juntando votos pq nunca sabemos que puede pasar, además el stream no es un día  
Desagrado;Por mucho tiempo culpamos a Disney, pero el verdadero malvado fue James Cameron al crear un personaje tan apasionado como Jack Dawson 
No sabe;Solo tengo tik tok para cantar canciones de reggaetón   jajaja.
No sabe;Foco total   
Desagrado;Cómo está costando este día 
No Sabe;¿Apoco todavía no se despiertan?   
Tristeza;no he ganado el gordo   
Desagrado;bueno chicos si os ha tocado la lotería hacedme una donación de 100€ para sacar a Itto, gracias   
No sabe;terminé the oc   
No Sabe;una cabaña, paisaje nevado, hogar encendido y mi gorro de mamá noel, pensalo (?!)    
Alegría;   ¡ME HA TOCADO!   ¡ME HA TOCADOOOO!    ¡ME HA TOCADO!    ¡ME HA TOCADOOOO!     Me ha tocado la suerte de nacer murciano.
Confianza;Total el dinero no da la felicidad   
Tristeza;"Wandavisión Loki What If Hawkeye Capitán America &amp; Winter Soldier  Mi top de las series post chasquido  "
Confianza;No sólo honramos a Dios trabajando adecuadamente ,   en el tiempo y forma correctos,   sino también descansando y divirtiéndonos adecuadamente,   en el tiempo y forma correctos  El descanso importa. Y mucho.
Alegría;Buenos días mundo   
Alegría;¡FELIZ NAVIDAD Y FELICES FIESTAS! PARA TODOS@ LOS@ COLEGUILLAS DE AQUI! UN    MUY FUERTE.
Desagrado;Tengo que dejar de salir todas las mañanas de mi casa sin desayunar   
Confianza;"56 &gt;&gt;&gt;&gt; entrepreneurship   "
Desagrado;Que onda están todos con coronavirus   
Ira;No tome ni mierda, y por tomar un maldito trajo de bols no paro de vomitar     
Desagrado;Me hace gracia, mayor número de positivos de toda la pandemia, menos número de muertes en toda la pandemia. Alguien me da que está metiendo todos los positivos que nos son de covid en el mismo saco   
Tristeza;Ahuevo quieren sacar a Gertz Manero   
Desagrado;7.48 de la mañana esperando el colectivo para ir a trabajar (que ya es mucho) se acerca mi vecina a hablarme de la vida   no reacciono
Tristeza;justo ahora se va a ir mi psicóloga, me tiene que analizar el sueñooooo    
No Sabe;No importa, luego irá a Netflix!! .
Desagrado;Alv mucho tweet de influencer español que fue de fiesta diciendo que salío positivo covid estando vacunad@s      da que pensar. Y es que veo fotos y ni cubrebocas traen y de la distancia social ni hablamos
No Sabe;8 am, despierto, pero si seré hijo de puta también   
Ira;voy a vengarme de ese marica  
Sorpresa;Ni parece que en dos días es navidad      
Desagrado;Llegué media hora antes a unos exámenes médicos, hablemos de puntualidad 
Sorpresa;¡Número íntegro en San Pedro Alcántara!           
Tristeza;Entrando en los 6 meses ya 
Tristeza;Y encima me van contando x ahí q eres buena novia    ️
No sabe;Desde hoy habrá que descontarle un minuto al día y agregarle un minuto a la noche.    
Anticipación;Volver a bari con los viejos es hermoso, pero a cambio tengo que entregar mi salud mental   
Desagrado;Que peor sensación es la impotencia   
Desagrado;Muchos a esta edad ni aun debutan o tienen menos que 10 partidos en 1era. Sergio ya jugó en el club mas grande de su país, salio campeón, metió en un clásico siendo niño, lo compro el club mas poderoso del planeta, fue a Brasil, México. Todo con 23 AÑOS   
Alegría;Yo en la frutería: Me vende una sandía y jícama plis Cuánto le debo? pregunté Nada, es su navidad y feliz Año Nuevo... Respondió la señora. —Mis gestos en ese momento     ️
Tristeza;Lo unico que quoero es estar bien 
No Sabe;Quiero hacerle un gol a tu corazón, pero no me lo atajes por favor…  
Alegría;Por suerte ni me queme 
Desagrado;El PP apoyó ayer en el Senado, a las lenguas cooficiales en España. O sea, que apoya a los independentistas catalanes que no dejan hacer pipí a los niños si no hablan catalán y también a ETA  ¡Me quedo muerta!        
Desagrado;"Buenos días &lt;3 Hoy admin 1 está en el colegio, así que se conecta más tarde  Pueden llevar la dinamica como deseen, o hacer roles de como quedaron sus monitos después del Hex :3 o como se sienten en sus equipos  Si desean me @ y lo agrego al hilo principal   "
Desagrado;Pareces la policía Nacional Controlando quien te deja de Seguir O No. Aflojaaa   
Desagrado;Grave error   Jamás me había metido en ese tipo de charlas de audio, hoy lo hice, pero no caeré otra vez   Flojerita…. Descansen   ️
Tristeza;Ya me voi a dormir, XFAVOR QUE NO ME PIERDA UNA ACTUALIZACIÓN DE INSTAGRAM DE LOS CHICOS   Bai   ️
No Sabe;Oficialmente, los últimos entrenos del año se acaban hoy. A descansar hasta enero.   ️ 
Tristeza;Me huele a empanada .  
Alegría;Me ha tocado 20€ en la lotería de navidad pfff podré tapar un par de agujeritos tontos      
Desagrado;La próxima vez, no voy a hablar de más..  
Alegría;Querido Papá Noel. Este año me he portado muy bien pero no quiero que me traigas nada. Al contrario. Te agradecería si pudieras llevarte el covid 19 de una vez por todas  Muchas gracias   ️
No sabe;Faltan 79 días para entrar en el domo   
Desagrado;Que bronca no puedo dormir   
No Sabe;Buen momento para que las cordales duelan hdspm   
Desagrado;Soy tan impulsiva, que después de comprar pasajes, señar dpto… me estoy arrepintiéndo
Desagrado;pienso en el baile y siempre la misma pregunta, que mierda me pongo!?  
Tristeza;AHI VOY 2022  ️.!  El viernes 31 de Diciembre a las 23:59 miraré al cielo y diré: “Hasta aki te kise, Hasta aki te Ame, Hasta aki te espere..!  ADIÓS PASADO   
Tristeza;Pedi un kebab y no me dijo amigo el repartidor Sadge 
Desagrado;Mis vecinos no dejan dormir porque tienen su música de mierda a todo lo que da    me siento como en obre cuando se enfiestaban afuera de mi depa
No sabe;Más importante me parece la de Fran Álvarez, a este paso nos lo quitan 
Desagrado;Mae no ha dejado de llover todo el santo día, santo Dios 
Desagrado;maldito aire acondicionado, me levanto resfriada todas las mañanas   
Desagrado;Y bueno, los 35 llegaron con dolor de rodilla.   
Alegría; Mami, ¿Jesusito tiene villano? Sí que tiene, sí. Pero no vamos a hablar de él todavía.    
No sabe;Hoy juega el Real Madrid a las 21:30 y El Hormiguero a las 21:45 con los Sainz como invitados     
Desagrado;Arrancamos la época de desayunar sambuchitos, almorzar sambuchitos , merendar y por supu cenar sambuchitos   
No sabe;Técnicamente me puedo vacunar de la 3 dosis de covid, así que voy a pedir la cita pero no puedo porque está todo completo en diciembre, enero y febrero... En todos los hospitales de Madrid...       
Tristeza;Quel golazo de l'Indonésie       
Tristeza;sueño     frío   se acabó para él.
Desagrado;Estoy de vacaciones y me hacen madrugar   
Tristeza;Llevo más de una semana sin darme amor propio.  Questapasandaaaaa   
Desagrado;No les pasa que están bien dormidos y derrepente ¡zaz! Les dan ganas de cagar   
Alegría;Chismear con Julia fue lo mejor  
Desagrado;La vecina está fumando marihuana...no me molesta pero me dejó el depa pasado y estoy con los niños...tuve que cerrar las ventanas y puta el calor   
No sabe;Se habla incluso de solamente horas para anunciar a Ferran Torres   
Alegría;Mi mejor amiga se tomaba todo con seven up hasta que le enseñé a ligarlo con canada dry, ahora Nama e asi Que bebe 
Ira;QUE CALOR SORECHUCHADETUMADRE     
Desagrado;Eso de andar bien dopado me quita el sueño siempre   
Desagrado;Muy temprano para deprimirme, mejor me duermo jaja 
Alegría;¡NO ME LO CREO! ¡ME HA TOCADO! ¡ME HA TOCADO! ¡ME HA TOCADO LA SUERTE DE SER DEL VILLARREAL!   ¡COMPARTE EN TU MURO SI A TI TAMBIÉN!       
Tristeza;el tren por tu casa   
Alegría;Mi papá terminó comprándome el body que tanto quería   
No sabe;Hostia el petardazo   
Ira;Lo peor no es cuando alguien joven pilla el covid por hacer el gilipollas, lo peor es cuando se lo pasa a toda su familia. Seguid así muchachos  
Desagrado;❗️ aviso parroquial mi edit de hongjoong esta para infartarse así que hongjoong y yo no nos haremos responsables de ningún daño el día de hoy, gracias por la atención prestada!
Desagrado;El algoritmo me está mostrando puros ataques a determinada persona...      
Alegría;feliz cumple louis  ️  ️  ️  ️
Confianza;¿La chica te lastimó tu corazón?  Si    Pues ve y le lastimas la cuca.  Fénix   ️
Tristeza;que viene gisela a molina a cantar. concert kids??? perdona, es concert teens porque no me lo puedo perder    
Desagrado;Tremenda siesta me voy a echar, me cago en Dios     
Desagrado;Llevo más de 5 días sin dormir   _️
Miedo;Que estrés comprarle el regalo a la suegra   
Alegría;Una cosa bonita en medio de todas ¡Es hoy!     
Desagrado;Sí, te voy a responder el mensaje hombre que tiene como foto de perfil un ripio   ️ 
Alegría;Hoy será uno de esos días donde le llega a uno el regaño de navidad adelantado, jaja. Morning bitchs.   
No sabe;El 24 durmiendo y el 31 re durmiendo 
Desagrado;Me dejo en un ruido mi hermana  
Desagrado;Y lo que más gracioso me parece es que en el trabajo parece que no se contagia (y eso que casi nadie teletrabaja ya, yo y dos más).       No sé Rick, pero ya no saben ni lo que hacen.
Tristeza;Acá a que pueda ir al banco ahora   
Tristeza;El martes pasado mí psicóloga se tomó vacas hasta el 3 de enero y yo necesito charlar con esa mujerrrrrrr  Tengo que aguantar HASTA ENERO.  No falta mucho pero para mí es un montonnn
No sabe;La historia de hobi geeeeenteee ahhhhhhhhhhh               el edit 
No Sabe;"     Es un gran orgullo!! Por fin, por primera vez en la historia nos tocan celebrar en nuestra casa ""OLIVO ARENA"" LA COPA DE ESPAÑA 2O22!! Y con muchísima alegría de recibir y leer las felicitaciones.  JAÉN, MI BELLA CIUDAD"
Confianza;el catalan es 1 idioma mui bonito  existe el verbo trontollar
No sabe;No entiendo del porque la gente se queja de security breach steell wool hizo lo que pudo además no tuvo tiempo porque los fans los esforzaron a que lo sacará ya   
Desagrado;Todo va tan bien que hasta se me hace raro, quien sabe que va a pasar      
Desagrado;Hay gente que se parecen a los pajaritos ... Pero no por lo bonitos ... Sino por que vienen la cagan y se van ....    
Desagrado;Mi hermano se fue hace 3 días más o menos con su chica y ni se acuerda de la familia   
Desagrado;no jures en vano, sabes que no me odias por más que quieras, o tal vez si, quien sabe si dices la verdad o mientes      
Desagrado;un nene peque de mi finca diciéndome que los reyes me iban a traer carbón... he estado a punto de contarle la verdad sobre esos reyes suyos 
No sabe;Al ex o al ex ex    ️
No sabe;En RD🇩🇴 No Se Dice Permiso   Se Dice:
No Sabe;Una locura el amanecer que vi hoy   
Desagrado;Que inferno caraaaa         
Alegría;Que lindo 24 veo venir adentro de fez con mí familia .  
Desagrado;Weon a quien se le ocurre ponerse a regar a las 7 de la mañana? despertándome porque se pone a mojar mi ventana     Mi mamá   
Anticipación;Se puede tomar igual en el día que te vacunas?   
Desagrado;86148. Ya está el Gordo.   
No sabe;Soñé que Jk tenía Tik tok y que si nombre de usuario era como el de Instaa  
Desagrado;clases a las 8:30... Me despierto a las 5 a las 6 , a las 7 y llego media hora temprano    háblame de ansiedad.
Desagrado;Ay oye yo no me quiero ni peinar me siento tan comoda   ️(como una loquita)   además que si salgo por ley me tengo que bañar pq el COVID anda desatado   
Desagrado;Todos los años estoy a esto, de no hacer los viajes navideños con mi familia porque mi mamá se pone en modo idiota.
Alegría;Salgo del metro y me enciendo una palmera que bonita es la vida cuando hay alguien que te espera   
Desagrado;Los que hacéis spoilers, ¿todo bien por casa? Porque sois MUY MALA GENTE oye   
No sabe;Aichino aprobameee
Alegría;M que casualidad encontrarte en mi para ti de TikTok    el universo querrá decirme algo ?   
No Sabe;Que de cambios este año!!   
No sabe;He retomado el Witcher   
Desagrado;ya empecé mal el día olvidándome los lentes de sol   
Alegría;"Que pedo mi sobrina diciendo ""awuaaaa"" a los 3 meses   "
Alegría;Sigo flipando con lo que me pasó ayer   
Alegría;Empezamos bien el día   
Tristeza;Entrometerme en la vida de terceros porque estoy solx y me pica que sean felices::::….. alguien necesita un psiquiatra     
Tristeza;Dolor de estómago, pero con los teres de lucero   
Desagrado;Soñé que estaba en un campo gigante donde me trataban de cazar porque no tenía la carta de recomendación de la familia dueña del lugar, qué vaina, me sentí en una mezcla como de Black Mirror y La Purga.    Me desperté antes de que se dieran cuenta que estaba escapando.
Desagrado;quiero dejar los lentes pero no puedo usar d contacto     
Desagrado;la voz de barry de fondo en las historias me muero     
Ira;ay que bronca la puta madre  
Desagrado;Porque siempre se tardan una eternidad en llegar los uber   y lo peor es que me cobran bien caro y aun asi lo pido y se tardan mas de 20 minutos   
Confianza;jimin apareceuu   nunca fui triste
Desagrado;Te voy hacer ese pionono de roquefort que te gusta tanto    no mi ciela no me gusta ese día tenia hambre y te comía hasta a vos...mi falta de expresión arruina mi salud mental y mi digestión
No sabe;Guatemala es un pueblo…   
Desagrado;Si tu vida es tan perfecta por que tienes que hablar tan mal de la del resto ?      
No sabe;Le diría para ir al cine y recomponer lo que pasó pero siempre su respuesta es no y que con otro la pasa mejor. Se olvida que todo empezó en el cine   
Sorpresa;yo hablo demasiado o la gente habla muy poco   
Desagrado;o me dan unos besos y abrazos ahora mismo o me MUERO no es broma......    
No sabe;Q nivel los q se fueron hoy a una quinta 
Desagrado;Mi cara de  al ver algo que no me gusta es inevitable   
Tristeza;m he peleado con unas d mi clase   
Confianza;Vamos a por el carnet de moto 
Sorpresa;Porque a tantos les molesta que Barracas Central allá clasificado a Primera? Si Boca tiene que jugar allá cuál es el problema?      
Sorpresa;Me tocooooo   
Anticipación;Si una mujer te favea un tuit ¿es que quiere garchar con vos?      
Ira;Verano pasa rapido.  
Desagrado;No estoy devolviendo nada porque ya me amañe   
Sorpresa;Fui a sacar efvo y solo tenían 2mil. El flaco me miró con cara de y si negri son las 7a.m.   
Miedo;Oh dios! ese temblor casi me tumba de la silla    
Desagrado;Mi mamá cuando quiere es bien soreta  
No sabe;es normal que cuando me despierte siempre despierte temblando   ? pienso
Sorpresa;Bueno no se ni como aprobé portugués pero el finde se festeja  
No sabe;trello    whatsapp  quedas trimestrais
Desagrado;Ah pero ayer no me costó ni un chin despertarme   
Alegría;hoy tengo tareas de admin de gc omg omg    KEKW
Tristeza;Pobre Mirabel!!!  
No sabe;    Enviar
No Sabe;"Hice algo muy chilango en Quintana Roo; pregunte de qué eran las quesadillas del buffet "
Desagrado;Me despertó el dolor de hueso   
Anticipación;Si te juntas con … y te llevas con … te arrepentirás   
Desagrado;Hoy siento que no soporto a nadie... Ya me quiero ir del trabajo y vivir sola   
Tristeza;Hay canciones que son tan AAAAAAGGGHHHHH hPta como anillo al dedo   
No sabe;Que pinta después del pique con este calor      
Ira;Quien será la cornuda que está haciendo humo a esta hora, no ves que tengo ropa tendida hdp   
Anticipación;La que me va a caer de vuelta a casa… 
Desagrado;Saco los pies para sentir fresquito y Olivia me los muerde. Querida te podes calmar?   
No Sabe;Mañana ya es jueves   
Sorpresa;Si el año pasado nomas estaba cara la bebida, no me quiero imaginar este año        5mil mínimo para pegarte una buena chupa
Desagrado;He evitado que atropellasen a mi madre y en agradecimiento se ha cabreado conmigo por echarle la responsabilidad a ella       
Ira;Aaa mi amigo me está cambiando por su ruka      
Sorpresa;Acabo de escuchar el petardazo en forma de trueno más fuerte de mi vida          vaya pepinazooooo
Sorpresa;A veces pasan cosas tan random en la vida, es increíble como pueden cambiar tus pensamientos en un abrir y cerrar de ojos.   
No sabe;Y una aquí tratando de que el desorden alimenticio se mantenga a raya, cómo que no me ayuda   
Alegría;"Mi hermano mayor me dijo "" te amo"" voy a llorar      pegan fuerte estás fechas   ️"
Tristeza;Quieroo lass fotoss de mis 15     
Sorpresa;¿Quién me entiende? Ahora estoy feliz   
No sabe;Vienen dos tipos hablando de Dios en el bondi, buen día genchi.   
Tristeza;Tengo al gato, a la perra y a Iván durmiendo desde hace dos horas, no me puedo aburrir más   
No sabe;Y si me hago un piercing hoy?      
No sabe;Para no perder la costumbre otro año sin que me toque la lotería. Lo siento pero soy hombre de tradiciones 
No Sabe;Anoche corriendo en la calle con Cami  ️ esquivando cucarachas   
Anticipación;Bueno ya quede con mi partner de vacunación para ir hoy por la 3era dosis. A ver si esta tampoco me hace nada jeje   
Desagrado;Lo que me ha quedado claro hoy es que los vestidos del Bershka es para gente con poco pecho porque vamos todos con aberturas o escotes en esa parte y no me entraba ni media teta y mira que tampoco es que tenga mucho   
No sabe;A mí me puedes estar tirando indirectas y no las capto hasta 2 años después      
No Sabe;Faltas un día al trabajo y se acumulan pendientes como si hubiesen pasado 2 semanas.   
Tristeza;gente perdón x estar tan inactiva  pero cuentenme... que les regalaron???
No sabe;analisando  
No Sabe;Segunda amanecida sin cabecear.... Ahora al rancho como papá noel   
Tristeza;Estoy tan aburrida que pensé que era domingo y recién estamos a sábado   
No sabe;Hay un chico en el gym con los pantalones del revés con muchas etiquetas colgando, le aviso o le dejo darse cuenta en su casa ?   
Tristeza;Extraño hablar con ella   
No sabe;a que edad crecen las tetas?      
No sabe;has lo q yo digo pero no lo q yo hago   
Desagrado;Esta muy cool eso de no sentir rencor por nadie, pero que más oportunidades le vas a estar dando tú a alguien que en reiteradas ocasiones te ha tratado mal y como una opción?. Aaaa ya se, la oportunidad pa' que te vuelva a tratar mal una vez más😉  .
Tristeza;"Broma pesada a mi  Trabajo un 25 para ""distraerme""        "
Ira;q bronca despertarme antes de que suene la alarma   
Alegría;Kheee lindos todos los días de diciembreeee   
No sabe;Papo de R10   
Alegría;El 29 voy a ir a ver a mi tio   
Sorpresa;Pepinazoooo         
No sabe;Fin de año nivel me quedo dormida en el bondi y me bajo 80 paradas después.  Muy bien por suerte, poco estrés y cansancio  
Desagrado;Mamá diciéndome que quiere que la lleve a ver Matrix 
No sabe;¿Qué tanto te consideras una persona liberar, sexualmente hablando?       Para saberlo tienes que hacer una introspección y ver que tanto aceptarías probar nuevas técnicas para explorar tus deseos.   Siempre con tu consentimiento y practicando el sexo seguro.
Tristeza;Cual fue el momento de quiebre donde todo se vino abajo? Y yo acostumbrándome a eso   
Sorpresa;Y todos estos comediantes expertos en deportes que han salido en las redes?!     
Desagrado;Por qué no es viernes   
Anticipación;Queridoo papa noel, para navidad alguna morochaa fiel puede serr?     
Ira;Humedad, calor, bichos, sapos , moscas  
Sorpresa;Con la Anto somos tan ridículamente iguales que el otro día llegó a mi casa con el mismo traje de baño que tenía yo   
Confianza;Trabajando en los últimos pedidos antes de Navidad  Muchísimas Gracias por vuestra confianza a la hora de encargarme vuestros regalitos  Deseo os guste el resultado... y deseo que paséis una Felices Fiestas    Abrazos Gigantes   Terapias y Artesanía  Link in Bio
No sabe;Oye una pregunta: ¿Cuantos de vosotr@s sois la segunda cuenta de otra principal que también me sigue? Es que siempre me ha intrigado eso.      
Miedo;Mi jefa me dejó me dejó la tarea de cuidar las plantas del estudio... Que miedo...
No Sabe;Mano .. que   
Confianza;Me he metido full laca en el cabello para estar peinado en la cena   _  ️
No sabe;Si te peleas con todos los del trabajo y entre ellos todos se llevan bien, quién es el problema?      
Confianza;el dia q decore mi cuarto con cosas de mis favs no kiero q mi familia se quede a dormir ahi en serio duerman en la sala no me importa si vienen de visita solo no vengan mejor   nomas mi abuela y mis papas
No sabe;Porqué el Gordo sólo le ha tocado a gordos??      
No sabe;"Parece ser que la multa es sólo si vas a trabajar, ""pudiendo"" trabajar desde casa, por lo que la policía deberá comprobar si ese es el caso. ¿Y el consentimiento para entrar en el domicilio? No hay flagrante delito ni resolución judicial.  Ah, que si no le ponen la multa.  "
Sorpresa;$Luna.    
Alegría;por otro lado jugar al tft me da ganas de vivir, estoy a 10 lp de orito   
Alegría;[22.12.21] ┆11:23PM KST Jajajaja volteando el pulpo  No parecía nada especial, pero el pulpo era tan lindo y divertido.
No Sabe;Y os sorprende pillar covid después de la Gamergy?   
Desagrado;Sonó la alarma y que rabia.  ¡Perra maldita, antipatriota!   
Alegría;Esas pataditas de mi pollo, son las que me motivan a seguir trabajando   
Tristeza;mis manos huelen a pezcado
Sorpresa;el hermano de joong   
Miedo;Mi prima pequeña: Clari, tu que tienes buen gusto para vestir, me haces un favor ??    Yo: si, dime   ️ Mi prima: me ayudas a elegir una skin para el roblox?   👈
Tristeza;Dure 2 horas armando un maldito lego de mi sobrino, no merezco 
Sorpresa;Me ha tocado el gordo       
Sorpresa;"Pues nada, ya compré casi todos mis tickets para el ciclo dorsky &amp; hiler en barcelona. Un total de 34 películas a lo largo de 5 días   "
Tristeza;Lo bueno de ser soltero es no tener que comprar regalo de navidad a nadie   ️. Lo malo de ser soltero es no tener a nadie para comprar regalo de navidad .
Sorpresa;Señores pero estamos a 22 y mis amistades no dicen nada del chilindrón 
Confianza;2 días para vivir una Navidad de otro nivel   
No sabe;On Live: Mi mayor preocupación es que no se podrá conectar con los dispositivos que tengo que son de Apple, pero puedo tomar la foto en el trabajo, o simplemente puedo usar el que tengo para tomar una foto mientras tengo mi nuevo teléfono celular.
Alegría;Después de casi dos años… voy a ir al cine de nuevo     ️  ️  ️  
Desagrado;"*en LAS tiendas (no ""en más tiendas""   , corrector metido!)"
No Sabe;la felicidad que acabo de sentir al saber que tengo pizza para comer recalentada   
Alegría;like también he tenido momentos horribles como cada año pero creo que en este puedo ver mas claramente lo positivo   
No sabe;Eu quien dijo q no      
No sabe;pani nam zyczyla feliz navidad y próspero año nuevo 
Desagrado;Me preocupa que opino lo mismo que Miguel Bosé, me preocupa, todavía más, que la gente sigue creyendo lo contrario.      
Desagrado;Para los que quieran colapsar trabajen en un call Center   al borde de la depresión y el máximo estres
Miedo;Esas mujeres que piensan que uno se les acerca solo para cogerlas...  quién les hizo tanto daño?      
No Sabe;hoy voy al dentista 
Desagrado;Donde vas estas fiestas? A new york.. Ostras que bien no? La misma mierda pero en otro horario..   
No sabe;Se arregló Venezuela?      Me lo pregunto en una cola de la gasolina, esperando que llegue la gandola.
Ira;como vuelva a ver una foto de un pito me lo como y punto!  
Alegría;Buennnn dia 
Tristeza;Otro dia largo hoy   
Ira;Pues nada, este sábado actuaba en Moma Salamanca y el COVID de nuevo vuelve…  
Sorpresa;Ayuda no puedo salir del subsuelo de Pokémon Perla es taaan adictivo     
Sorpresa;Dique tembló en ei sitio   
Confianza;Obvió si, obvio si  
Desagrado;Tengo la pollera , pero no tengo el top para el viernes   
Confianza;"Green flag: Si se llama “Juan Jose""   "
Confianza;Donde te agarren como perro en barrio ajeno, ahí es.  Luis Donaldo Colosio Riojas va  
Desagrado;No me ha tocado una mierda  
Desagrado;Vos te tenes que poner en el lugar de ellos , pero en el tuyo quién se pone? NADIE   .
Miedo;el doctor strange    yo verse todo el percal y no decir una sola palabra
Desagrado;Bueno, al menos me siento mejor que anoche. Por ahora esto sigue siendo un gripón muy inconveniente en estas fechas   
Sorpresa;Joder le he invocado   
Anticipación;Creo que fui de los pocos en mi trabajo que no compré lotería. No les ha tocado. Respiro tranquilo. Pero nunca más ese sufrimiento. El próximo año compro 
Confianza;Oigannn, nunca se crean el ya voy llegando y menos de mi  
No sabe;Hace 2 años aprox que no vemos tv cable. Recomiendo  
Desagrado;No me ha tocado la lotería.  Se me han quemado los garbanzos. Y por último me han cortado el agua en la calle.   
Tristeza;MI VIDA YOUNGRO ESTABA RE ASUSTADA        PUTO NO HAGAS QUE LLORE
Alegría;El entrenamiento de hoy fue mítico     ️
Confianza;"perdón pero soy ""heterosexual"" para mis amigas"
Alegría;Qué rico, mañana soleada con 18 grados de temperatura.   Me recuerda el clima de la universidad y lo agradecido que tengo que estar por haberme mudado.   
Alegría;Buen Día! 
Sorpresa;ayer terminé de ver el arco de York Shin de Cazador X y qué onda esos 3 últimos capítulos de tensión chicoss  Hisoka   
Sorpresa;alaaaaa  , pero si es un todos con todos
Tristeza;Hoy por fin voy a ver spiderman   
Ira;Trabajo en la cocina y solo tengo un ventilador de techo que tira más calor. El próximo que entre y diga QUE CALOR o NO TENES CALOR ? . Lo apuñalx mínimo un tiro en la rodilla   
Desagrado;Detesto q me acorda   
No sabe;Si no cocinan con la música del Cali les queda feo el almuerzo   
Alegría;Lo graciosa y lo chulisima que es mi suegra es la mejor   
Anticipación;Bueno vamo a ve que dice el médico   
Alegría;m desahogué con nunu y ahora m siento mejor aunq no le dije una cosa pero ñe    
No Sabe;Shockeado con las expensas de algunos lugares, 45mil     
Alegría;Me encule de quién no debía y ahora solo quiero estar con ella, aunq sea secreto.   
Ira;ni nada .... Bien pues ahora mísmo mi hija tiene fiebre ... Y ahora que .... Pues a denunciar a estos médicos y enfermeras , que nos proporcionaron un trato malísimo y despectivo ....  Bueno este es SALUD NO RESPONDE y la gente que te atiende tampoco        
No Sabe;Feliz día para todos mis lindos y queridos seguidores, q este sea un miércoles de muchas bendiciones alegrías y sobre todo de la presencia de nuestro señor Jesucristo  
Ira;estoy   con el último de ojo de halcón
No sabe;yo    subir banda de escrachos a ig
Miedo;Me siento feliz y ansiosa   
Sorpresa;La segunda escena postcrédito de Spiderman aaaaaaa   
Sorpresa;Mi entrenamiento de hoy me dejo sin caminar   
Desagrado;¡NO ME LO CREO! ¡ME HA TOCADO! ¡ME HA TOCADO! ¡ME HA TOCADO LA DESGRACIA DE SER DEL ATHLETIC CLUB!   ¡COMPARTE EN TU MURO SI A TI TAMBIEN! 
Ira;Una quiere volver de la gira y q este su re amor en la cama y no ,lo único q hay es la pila de ropa que me probé antes de salir y la perra con el culo en la almohada  
No sabe;O el cargador?   
Ira;Pero había un juego en especial q me sacaba de mi zona de confort.  
Tristeza;Cuando me preguntan por qué no me quedo con cosas de accesorios, es porque no me dan tiempo a quedarme con algo    vuela to
No sabe;Ya llegaron los reyes magos, escuché a la vecina decir baja melshort   
Sorpresa;⚠️HE DADO POSITIVO⚠️ EN SER UN MÁQUINA  
Confianza;Está buenísimo el último Capítulo de Hawkeye No sé olviden que hay una escena Post créditos   
Sorpresa;estoy en panamá         
Desagrado;A mi lo único que me han tocado son los coj..nes.   
No sabe;screen profilo?  
Tristeza;Volvi, estaba de viaje
Sorpresa;       como van a jugar con nuestra mente así  La esposa de Hawkeye es una vengadora es agente de la SHIELD
Ira;Qué pedo? Cómo qué Vega a Rayados  
Confianza;gracias uma x felicitarme la navidad me las pasare estudiando  ️ 
No sabe;Tal vez solo es cuestión de gustos.   _️ Es lo más probable. Eso de que uno crece y aprende a comer de todo no es del todo cierto y no aplica para todo el mundo. Yo siempre fui quisquilloso con la comida, antes lo era más, pero mi hermano que es un año mayor comía de todo.   
Desagrado;luce un día de mierda   
No sabe;Me hubiera gustado que me tocará la lotería como el año pasado.  Te tocó lotería el año pasado ? No, pero también me habría gustado.   
Confianza;Amigos los cuento con 3 dedos nada más    _  _ y me basta
Ira;Sí estoy vacunada, pero no me deja poner mis datos en la f app para el certificado        
Desagrado;Estoy r malo conmigo mismo. Ni en mi puedo confiar ya   .
Desagrado;Cansada de levantarme todos los días a las 7    
Ira;Me cago en Juanma y en la educación física         
Desagrado;Odio hacer fila en el banco   
No Sabe;A media mañana reunión de comité. Envíen buena energía que se define el budget del año _    .
Sorpresa;En el instituto está dando positivo hasta Perry. Cada vez que abro el correo me comunican otros dos o tres.   
Desagrado;    NO ME LO CREO  ME HA TOCADO         _ME HA TOCADO LA SUERTE DE NO SER UN PUTO GABACHO  _
Desagrado;Flaca ya cállate   
No Sabe;tome muchas malas decisiones este año, pero las anécdotas
Ira;quiero comprar katsuobushi     q rico está
Tristeza;Bueno, tenemos salud.      
No sabe;ahora tengo ganas de leerme heartstopper quien me deja los libros  
Confianza;Que azada estoy, empezando de 10 el dia  
No Sabe;Odio como todos los miercoles se ponen a cortarle el pasto a mi vecina a las 8 am   
Confianza;*PATRIOTAS* busco trabajo, claramente tengo mejor currículums que el presidente  soy kine, pero bienvenido lo que sea   ️
Desagrado;nos han parado la peli
Desagrado;No puede ser que no pueda dormir un poco más   
Ira;A mi no me pongas “mismo manejo” mándame alv mejor...   
Ira;ahora mismo deberíamos estar en nuestras casas viendo la lotería no en clase   
No sabe;No spoileen la película que salió el finde pasado pero vayan spoileando la que sale el año que viene   
Tristeza;recién me entere que j1n y n4m también tienen c0v1d y          ODIO AL C0V1D
Tristeza;Me acabo de meter una caída terrible, y he caído con el móvil, xao pantalla    
Alegría;indo viajar  
Tristeza;Hay gente cara dura   
Desagrado;No entiendo por qué hay personas que escriben mal su propio nombre   
Sorpresa;Había que salir en canoa hoy 
No sabe;Cuando en la tele se habla de ‘ha caído el Gordo en un barrio trabajador’ no entiendo si es que la gran mayoría de barrios no trabajan o algo…   
Sorpresa;Literalmente tengo una novia gótica culona       
Tristeza;El sorteo de la lotería de Navidad me pone melancólico   
No sabe;Tercera dosis anti covid y en camino para la cuarta algo no anda bien.      
Desagrado;Cómo le digo que no le aguanto    sin decirle que no le aguanto  
Desagrado;un dia me hace llorar y hoy estoy aqui en el sofa con el  
Alegría;Que lindas fotos de perritos y gatitos en respuesta a Brownie    amo mucho
No Sabe;"FELIZ CUMPLEAÑOS LOUIS &lt;33    "
Confianza;A ver buenas vibras y muchos éxitos vengan a mi  
Tristeza;Mal ahí re extraño a mis amigas, cuando éramos todas desempleadas estábamos mas juntas q hago renunciooooo    
Sorpresa;HERMANO VOY A BORRAR ESTO O HANMA ME C0RTA LA CABEZA     
Tristeza;Y yo que me iba a poner mi vestido de nuevo hoy  
Miedo;y hoy sabadooo    que se hace?
Alegría;Mañana es mi egreso, MAÑANA ES MI EGRESO        
Anticipación;Menos de 10 dias pro ano acabar   
No sabe;Hoy en día existen muchas blockchain con estructuras diferentes, eso significa que les cuesta comunicarse una con otra.      Allí es donde entra Polkadot, uniendo a todas las cadenas y permitiendole al usuario moverse casi sin darse cuenta entre ellas.  (36)
Anticipación;M: oye vamos a encargar algo para comer el jueves, le entras?  Yo: sí, va.  M: nos toca como de 400 o 600, ahorita te digo bien.  Yo:    
Disgusto;que yo debería haber ido al instituto de 8 a 11 pq es el último día de clases y me acabo de levantar ahora a las 11 vale     
Tristeza;Estoy a punto de colapsar   
No sabe;Dicon 101 cutie 
Sorpresa;Creo que está lloviendo hoy en Sevilla lo que no ha llovido en todo el 2021 ⛈️
Ira;Tiene narices que una tarjeta de sonido Sound Blaster Live!, que iba estupenda cuando en la torre retro tenía el Pentium II, ha dado cantidad de problemas al actualizarle la placa base y la CPU a las del Pentium 4   
No sabe;Tan dando de a $100 por el booster shot, voy por mi tercera dosis, pero si me ponen la cuarta y quinta no me pongo guapa no  Pa’ ahorrar tiempo y eso ve
Anticipación;Me muero con la tormenta q va a caer   
Ira;Estoy muy cabreado con los cabrones y cada dia mas ladrones y que el estado español les permita a los bancos robar como roban me estoy refiriendo a las comisiones desmesuradas que te cobran          
Desagrado;Lo que celebra chile es el final de el sistema productivo! Típico de pronto lo empresas se unen y paran sería bueno si  
Alegría;Ventajas del COVID: no tener que aguantar a determinados individuos de tu familia o familia política en las comidascenas de estas fiestas              Qué veladas más tranquilas vamos a tener 
Alegría;yo:  *fernandocosta sube vídeos con su yaya* yo:  ️  ️  ️
Confianza;Arranque el dia con todas las de perder, y aca estoy firme con mi buen humor y buenas vibras  
Tristeza;Primer día en Madrid y no he desayunado porras. Así no.  
No sabe;En esa realidad es paciero de Japa   
Anticipación;Como sabrán las hojaldras en la freidora      
Sorpresa;estaba hasta el pito de fila para hisoparse en el centro   
No sabe;ME HA TOCADO      ME HA TOCADO      ME HA TOCADO      ME HA TOCADO      ME HA TOCADO      ME HA TOCADO      ME HA TOCADO      ME HA TOCADO suspender 2
Ira;hace frío y yo de aweoná traje poleron sin gorro 
No Sabe;Llegué media hora antes al trabajo   
Miedo;Verga es hoy                 
Desagrado;Algún tío parece que nunca veu unha muller en vestido   
No sabe;Famosa Maria Mucilon   
Desagrado;cuando voy a dejar de pensar tan meticulosamente todoooo   
Alegría;Lian Li Noctua       Tratar bien a sus clientes
Alegría;Buenos días!! gracias Dios por otro día junto a lo más que amo mi hijo, gracias por bendecirnos siempre no puedo esperar para ver que nos traerá este 2022 espero que sean muchas más bendiciones ya estoy lista.  
Tristeza;muy triste porq he roto la tradición de un tatuaje al año instaurada desde q me hice mi primer tatuuu 
Sorpresa;dios mío como voy a ser hija de una clasista 
Anticipación;On Live: Estube pensando en ir a Galaxy, estube leyendo los pro y los contra del Galaxy y del iPhone.
Sorpresa;Nunca antes había tenido tanta gente conocida con COVID como con esta nueva variante,es impresionante     
Confianza;De dónde yo me voy , no vuelvo. Si hay algo que me enseño mi pasado , es que no se tropieza dos veces con la misma piedra  
Tristeza;Levantarme de mal humor es lo peor que me puede pasar   
Desagrado;Las filas de los servicarros para las pruebas de COVID están ocasionando un tapón descomunal!! El de la carretera 887 en Carolina está que da hasta miedo!!!    
Ira;A qué vrga me desperté a las 6:30 de la mañana?   
Desagrado;Ellos jamas aguantaron a una mujer liderando y ahora si quieren? Que manga de pelotudos    nadie les compra sus volteretas...
Sorpresa;Pregunta sería gente!  Empanadas Don Ramon? Referencias?  Los leo   
Alegría;Primer café de la mañana   
No sabe;mi mamá poniendo el radio en su teléfono si aplica la de hasta que truene la bocina   
Alegría;15 lbs en un mes y 7 días    ¡vamos bien!
No sabe;Le llego a aducir a mi abuela estoy descompuesto no voy , chau tercera guerra mundial   
Ira;Consejo del dia... Cierren el put... Ciclo... Y sean felices!    Con mucho amor les digo
Desagrado;Madrugar no es lo mío. 
Ira;Marico la novia de mi cuñado cada vez que la veo lo único que hace es quejarse de que el carajo no le para bolas    amiga ese hombre no es que sirva mucho
No Sabe;Qpp con estos sueños que estoy teniendo  
Alegría;Hoy veo Spiderman 
Ira;Jazmin d mierda cada vez que allyson duerme con nosotras se va con ella ta bn así son que vaya allyson a comprarte los kilos de cat chow que pedis x mes  
Desagrado;Las ganas de irme que tengo   
Confianza;estoy re lindaaaaa    ️
Sorpresa;Mi hermano ya paso a secundaria en que momento creció tantoo     
Tristeza;Planear en mi cabeza conversaciones que no van a suceder es mi pasión   
Sorpresa;Para que me enferme así loco         
Anticipación;Hoy les daré el otro regalo de navidad a mis amigas   
Ira;menstruación    
Desagrado;Yo    confundirme entre los nombres Alberto, Álvaro y Roberto
Ira;Y mi deposito, no más no me llego nunca ayer  
Desagrado;llevo 40 minutos con una mascarilla en el pelo xk el de historia del arte no se calla  
Alegría;Gracias por existir, ser mi amigui aquí y compartir juntas este amor por los chicos. Mereces toda la felicidad del mundo, porque tú haces felices a muchas personas, espero la pases súper bien hoy y disfrutes mucho tu día     ️
Tristeza;¿Hoy ha habido tongo como lo del año pasado o no?   
Sorpresa;Ciro ni me mira, anda loco   
No sabe;Lanús    Banfield  Reírse de la gallina de la B Quilmes
Tristeza;bueno se acabó lo que se daba   
Anticipación;Estoy enfadado con la existencia, hoy exploto a la mínima   
Sorpresa;Oye, yo pensé que Metanoia ya no existía y sigue vendiendo   
Tristeza;mama mia he borrado 567 fotosss! 
Anticipación;Mañana a esta hora estoy en una camilla con un laser apuntando a mi ojo   
Desagrado;Me pongo en modo colchonero: no estoy conforme con este sorteo, que lo repitan  
No sabe;pengen cubit pipi jeje  
Alegría;Me autoregale para navidad una gorra Snap new era de la NBA. Me salió un ojo de la cara, pero si doy vueltas no me la compro más. Estaba entre la de Golden state, los raptors o la de Denver. Mi corazón fue por Campazzo   🏀
No Sabe;Yo pensaba que en diciembre la gente no iba al psicólogx, pero ya llevo 4 pacientes nuevxs en 2 días   
Sorpresa;faith in the lotería del niño  
Tristeza;Seguiré durmiendo pero tristica porque no tengo a mi chamita aquí al laito  
Sorpresa;"RÉCORD:   _ ""El Ómicron es el virus que se ha propagado más rápido que cualquier otro virus en la historia""     Bill Gates"
Sorpresa;Todavía no asimilo que estamos a un par de días para que se acabe el año.   
Ira;Joder tío que puta mañana mas estresante, y solo son las 12:53   
No Sabe;Daaaale que es el ante último día laboral bebeeeeeeeeee    
Anticipación;Si me toca la lotería, invito a una cena a todos los que le den fav a este tweet  
Desagrado;Yo como si nada,hasta que mi médico me dijo la gravedad de mi quemadura, así terminamos el año
Confianza;"cena de navidad + after hasta las 5:20am; ir a trabajar a la 8am pero a qué costo?   _️  _️ tener sueño es mental"
Alegría;Muy BUENOS DÍAS    COMUNIDAD TWETERA       FIELES E INFIELES  PUEBLO LIBRE Y LABORIOSO
Desagrado;Gente con temas artísticos: Tenéis que pagar a los artistas, su tiempo vale dinero      Gente cuándo no les va el ordenadormóvil: Oyee tú eres informático no?? Podrías ayudarme? (Obviamente sin pagarte somos amiwis jeje)
Confianza;Todo bien que usted lo va a lograr aunque a veces esos bajones de la vida le hagan creer que no,, yo estoy aquí para apoyarle cuando usted necesite, porque yo tengo la seguridad que usted puede con todo.     ️
Alegría;Hola amigos Buenos días cómo estás, bendiciones un abrazo  
No sabe;esto me pasa por confiar en un francés  
Ira;Re caros están los juguetes   
Alegría;y si te como la carita?  
Desagrado;Primera vez que, porque hace calor, me pongo el ambo solo sin remera abajo y ya estoy molesta. Maldito cuello escote V, se ve todo.    
Ira;Estoy tratando de estar más tiempo en el sueño profundo, pero con hoy es el tercer día que duermo 3 hrs 33 min. ¿Me quedo en el 333? O sigo tratando de aumentar?            
No Sabe;como les rompi el culito  
Sorpresa;Tuve un sueño bn raro 
Anticipación;tngo dos dias para cagarme de hambre porque este año no pienso salir fea en la foto familiar 
Desagrado;Los zurdos deben estar nadando en un lago de baba. Boric piensa en la reforma de la Constitución, y entre los integrantes de la Convención Constituyente hay una MUJER Mapuche.    .
Tristeza;Ahora me agarró dolor de muela, algo mas?   
No Sabe;Buen diaaaa bebeeees     Hoy vuelvo a trabajar, la emoción que manejo     ️
No sabe;Ya se me calentó el hocico   
Alegría;Hoy veo a mí padrino, y a mis primos en el cumple de la abuela   
Alegría;Hoy comenzó muy bien el día   
No sabe;Me copio   ¿Cuántos puntos me dais?:  +1: me caes bien +1: mutual fav +1: me gusta tu cuenta +1: me pareces guape +1: me gusta tu personalidad +1: me gustaria abrazarte +1: me haces reir  +1: crush +1: me pareces atractive +1: ¿amiguis? +1: te admiro +1: polvazo
No sabe;Vaya por dios, otro año sin ser rica.   
Desagrado;Hay gente que te hace vivir un infierno, pero le dice a todo el mundo que el diablo sos vos y se cree la víctima del cuento. IMPRESIONANTE   
Sorpresa;cuando es el cumpleaños d marta?  
No Sabe;Madre mia, los truenos   
Alegría; No me dejes    + No te dejaría por nada en el mundo     …   ️
Sorpresa;Me acabo de enterar que The Veronicas sacaron un nuevo álbum   
Desagrado;Dadme las felices fiestas que todavía te tiro una silla a la cabeza   
Alegría;Viajar a Huaraz e ir escuchando la música de Antología (grupo), hace de mi viaje más hermoso 
Desagrado;Mall llenos, gente vuelta loca comprando, celularesde última gama agotados Calles repletas de automóviles...capitalismo puro!! Y votaron por un comunista anticapitalista y q le da rabia q la gente ocupe sus vehículos  No se si es ignorancia o ingenuidad      
Sorpresa;Por que ahora tengo 6000 seguidores?   
Tristeza;O final de Hawkeye   
Alegría;Aquí ha llegado ya un libro que sale en marzo y no está ni anunciado    ¡En 2022 los deberes hechos!
Alegría;Que espectáculo dimos anoxhe en la calle     
Alegría;Muy linda   
Desagrado;"Es que qué es eso de ""las sobras"", como si el tiempo invertido en alguien no valiera nada si no es tu pareja, no sé, feísimo me parece "
No sabe;Tengo que cocinar y no sé qué cocinar, pero tengo ganas de papitas fritas   
Anticipación;Por cierto que el año pasado dije que nunca más iba a jugar al amigo secreto…   
Tristeza;2 sanguchitos de desayuno 2 de almuerzo 2 de merienda.  Literal llevo dos días alimentándome a base de sanguchitos  
Alegría;Conoci el video de Tom Holland bailando umbrella   
Tristeza;Hoy en día nadie es confiable  felices fiestas para todos   ️  ️  ️
Desagrado;En mamada #43821 que ocurre en mi hospi:  Ayer la enfermera especialista del turno vespertino no me quiso entregar hasta que entrara el especialista de mi turno porque “sólo entre especialistas”  La morra tiene posttecnico…   
Sorpresa;Vaya día de locos que llevo, madre mía   
Tristeza;Todas mis ex parejas siempre confiaba con la demás gente, pero no el amor de su vida (Como voy a creer en con el amor   ).
No sabe;Si no suman, que no resten  
Desagrado;Son las 8 de la mañana y mi vieja se levanto gritando, se levanto re tranquila dice   
Alegría;Hace tiempo que no descansaba tanto 
No Sabe;Los muchachos ya empezaron con la cantidad de casos nuevos,en breve van a pedir cuarentena obligatoria y renta básica,otra vez      
Desagrado;q pereza la gente de ciencias q se cree superior   
No Sabe;Me hincha los huevos que me dieron turno para hacerme análisis en el centenario, que queda lejos de mi casa, y no me atienden el teléfono!!! Así que voy a tener que ir hasta allá simplemente a averiguar qué onda  
Desagrado;Aunque se madrugue hay tráfico   
Ira;Los días lluviosos no son festivos? Ya son las 5:00pm?     
Tristeza;mi tia me desbloqueo el celular g estaba jungkook motoquerp me quede así        
No sabe;Cómo cuesta seguir trabajando así con tantas injusticias .... Todos ahora con cuña política      
Sorpresa;Leoescucho que Bordalas ha pedido fichajes, que se busca un central y un mediocentro, que no se descarta un delantero, que suena Godin, Gonzalo Villar, etc  Pero Héctor Gómez dice que es imposible fichar.   ¿No será otra mentira de Héctor para intoxicar verdad?      
Sorpresa;Vine de la psicóloga así   
Ira;no me llega el paquetito      
Alegría;Me he cambiado la fotito de perfil uoooo   
Sorpresa;Una pareja decide suicidarse saltando de un edificio. Cuando llegaron a la cima, ambos contaron hasta 3. La mujer saltó pero el hombre se quedó ahí. El la observó caer durante 8 segundos y luego la vio sacar un paracaídas. ¿Quién traicionó a quién?   
Tristeza;que dolor escuchar las nv de los que ya no están con nosotros  
Alegría;Buenos días , se va al gym   
Alegría;Estoy trabajando y no traje desayuno y nada más fue que dijera que tenía hambre para que me compraran de comer. Amo ser la consentida de la gente     ️
No sabe;a las 1 horno     
Tristeza;Cómo que nadie me hizo ensalada de manzana  
Alegría;¡NO ME LO PUEDO CREER! ¡ME HA TOCADO! ¡ME HA TOCADO!   seguir siendo igual de sexy otro año más  
No Sabe;Por fa, me podrían explicar como personas que huyeron del socialismo, celebran el triunfo del socialismo en el país que llegaron de inmigrante ? Soy un ignorante en el tema   
Ira;Btw hace mas de dos años que retrasaron minions 2   
Sorpresa;no tengo ninguna intención de ser vegana en la vida, pero desde hace un rato que ya me aburrio la carne roja, cada vez como menos, ¿que hacer?      
Tristeza;Porqué no me siento feliz en mi cumpleaños 
Desagrado;quitaron practicamente todos los discos de ekatarina velika de spotify  
Alegría;4 días para mi cumpleaños que emoción   
No sabe;Si te metes con genshin me la metes a mi también ya no aguanto más soy Virgen           
Tristeza;Que linda película “Misterio”, lástima que ahora no puedo parar de llorar   
Sorpresa;Eeehhh el rayo que ha caído en Sevilla, que ha deslumbrado todo y que ha sonado como si se cayera el cielo???????? Madre mía han retumbado los cristales como 15 segundos   
Ira;Llegó la temporada donde la cagas como siempre.    adiós
No sabe;Salga mal o no soy preciosa...   
Sorpresa;Miércoles y todavía no se que me voy a poner para navidad   
No sabe;Como que tengo turno para ir a colocarme la 3er dosis    solo voy a ir por si levanto fiebre el 24 no aparezco jajajaj
Alegría;Adivinen quien cumple años el sábado?  
No Sabe;Nono las uñitas que se vienen haciendo mis clientas   
Tristeza;La verdad yo si quería todo con vos maje   
No sabe;Er… Entao   
No sabe;Me sale la barba antes que el gordo me caguen diez   
Alegría;Me aleje de xx personas y mi cabeza se siente liberada y en paz. Estoy rodeada de gente hermosa que está lejísimos del puterío y las malas vibras   me siento en mi mejor momento   
Desagrado;De vacaciones y levantándome temprano   
Alegría;Que espectáculo las páginas con envío gratis     
Desagrado;Me puse a mirar los recuerdos y que bueno, tierno y cargoso que soy de novio, pero nadie me quiere
Alegría;A la chica de it's a lynx!! not a cat gracias por darme toda la serotonina que el sol me tiene privada   
No sabe;Pañuelo Diputado Abortero Cambiemita        Ser Verde
Tristeza;Lpm, y ahora no me puedo dormir   
Alegría;TAEWOO va a debutar    no crei el rumor pero agradezco sea cierto,me gustaban los integrantea del grupo y el era muy lindo con los demas y gracioso   ️ estoy feliz
Sorpresa;e, me fui a bañar y mi hermana me tiro un tweet xq me metí a bañar antes que ella   
Desagrado;Quiero mantecol     
No sabe;No me ha tocado la lotería pero puedes tocarme tú   
Sorpresa;Feliz de que mis amigas y yo lo dejamos todo para el último día y no tenemos que revender nada  
Alegría;Acabo de ver el reel de mi año y joder, quiero llorar de lo feliz que he sido     ️
Ira;el 24 va a ser un día pesao pa mi 
Desagrado;Dos horas y media haciendo fila para que cuando este a 5 personas digan que ya no hay plata  
Anticipación; [22.12.21] ┆10:43PM KST Me vendría muy bien un buen chocolate caliente espeso
Tristeza;a ver cómo le explico yo a mis sobrinos q este año no hay reyes xq se han olvidado el certificado covid en casa       
No sabe;El Dont rescue me y el You re on your own irán de la mano cuando caigan rápido   
No sabe;   Ojo si tenía previsto acudir a alguna actividad de Nadal en Ames, porque el incremento de contagios de covid obliga a hacer cambios en la programaciónhttps:www.cope.esn1692362
Alegría;Yo quería un viaje para mi sola y terminé conociendo a alguien increíble.   
No sabe;Fa ahora quiero aprender a maquillarme   
No Sabe;Leíto no hizo carta de despedidaagradecimiento???         
No Sabe;AHORA SÍ   
Sorpresa;Seré el karma de muchas personas????     
Alegría;Que rica la lluvia!   
Sorpresa;Hoy me reporto con un incremento en mis niveles de ganas de dejarlo todo y dedicarme a la bebeción. Será solo diciembre o los vicios adquiridos hacia las sustancias estupefacientes?  Pienso...       
No sabe;en una bolsa de doritos  
Alegría;la navidad  ️  ️  ️  ️  ️  ️    
Alegría;Uno pensaría que Cristiano Ronaldo tiene TV en su cuarto   
No Sabe;De verdad la gente pelea por un asiento a las 7am?   
Sorpresa;ON live : he estado jugando mucho al tablero de ajedrez. Por lo que mis dedos tienen esta forma.
Tristeza;Alguien más hoy, 22 de diciembre, que no tiene NADA pronto para Navidad? Será que quedaré sin comida?   
Alegría;Qué chimba parcerita...
Alegría;Feliz cumpleaños, a la más bonita de Colombia    La tierra en la que se fundó el equipo de mis amores, en la que fue creada mi Alma Mater, en la que respiró por primera la vez el amor mío y en la que sueño con un mejor futuro.   Gracias por tanto, mi amada Bucaramanga   
Sorpresa;Cómo va a ser el sorteo de la loteria hoy, si yo no he visto ni el anuncio???     
No sabe;El 148 era el teléfono (fijo, claro) de mi yaya. De cuando nos los sabíamos todos. El gordo me la ha traído 
Desagrado;La variante omicron contagia a ratas y ratones.      
Sorpresa;Cómo ese tremendo bebé estaba dentro de una panza   
Tristeza;Aveces quisiera estar pequeña y disfrutar de la navidad  
No sabe;¿Y si ya no vengo al gym la última semana?      
No sabe;Hoy hacemos la última 
Desagrado;Quisiera hablar idioma gato Pa decirle a mi gata QUE NO ME GUSTAN LAS RATAS VIVAS, ayer la dejé que durmiera conmigo y hoy me trae una   
Desagrado;  _Si 🇺🇸 ganaba una medalla de bronce en esa disciplina, el cliente se ganaba un vaso de Coca Cola gratis.   Si Estados Unidos no llegaba al podio, el cliente no ganaba nada.
Desagrado;Uhhh para que me acordé   
No sabe;Esta lloviendo y el agua moja
Desagrado;"La experiencia de Dana Miró para alcaldesa de Guaynabo ...""camino con el alcalde, trabajo en wic , su papa es pnp de clavo pasao "" tremendo   "
Alegría;NO ME LO PUEDO CREER! ¡ME HA TOCADO! ¡ME HA TOCADO! ¡ME HA TOCADO LA SUERTE TENER LAS TETAS MÁS GRANDES DE ESTA APLICACIÓN!     
Ira;No puedo dormir porque no puedo respirar    maldetaaaaaa gripe.
Anticipación;"Amanecí como que agripado, con un chorro de mocos, los ojos super llorosos y diciendo ""Soy Baduel""... Ya no sé si pueda ser covid h me reporte enfermo o me presento para que no me descuenten      "
No sabe;Yo siempre tengo un sticker para cada situación.   
Desagrado;Usted no es capaz!  Esa es la mejor frase de motivación que he escuchado en mi vida   
Ira;    NO ME LO PUEDO CREER! ¡ME HA TOCADO! ¡ME HA TOCADO! ¡ME HA TOCADO LA DESGRACIA DE ESTUDIAR EN LA UNIVERSIDAD DE VALLADOLID! ¡COMPARTE EN TU MURO SI TÚ TAMBIÉN!
No sabe;...86.148 por cinco números  
Desagrado;Este mes está como que muy largo, no veo la hora de que se acabe ya   
No sabe;Reflexo      
Desagrado;Mira si no es mal enseñado tenía hambre y no se quería levantar a cocinar, me dijo que lleve algo para comer y le lleve. Ahora me debes 1 docena de empanadas con una birra   
Desagrado;Pero bo. Será posible   
Desagrado;No estaba en mis planes vacunarme de covid, pero bue.  
Sorpresa;Cuenta como ofensa que me traigan 3 sobrecitos de azúcar para el café ?      
Alegría;Arriba jaja pense que me habian dado vacaciones me voy a santa maria 
No Sabe;Pegue changuita dsp de horario  
Desagrado;La sensación de que se te olvida algo y no saber el q...  
Ira;Que rabia, lo quiero solo para mi  
Tristeza;Necesito un regalo de última hora   
Tristeza;Tengo muchisimo sueño pero no puedo dormir,bosteso como una hipopotamo   
No sabe;Pero siguen   
No sabe;Esta noche buena me la voy a pasar jugando al animal crossing 
No sabe;no lo he hecho       
Ira;Estaria necesitando unos tereees!
Desagrado;He soñado un par de veces el último mes que me despierto y vuelvo a tener miopía y astigmatismo   , o sea, que no veo casi nada. Como en la época en la que no podía ni tomar un baño o comer si no traía lentes
Ira;Una semana trabajando y ya no soporto a la gente, tan mal educada va a ser?. Y encima siempre el cliente tiene la razón   
Ira;Re podrida de soñar siempre lo mismo   
No sabe;Estoy así   de hacer una cuca y una picada para mi familia
Desagrado;Que lindo dia y que pocas ganas de trabajar que tengo   
Tristeza;llevo desde el jueves acostandome a las 3 y levantandome a las 11  al menos ya no me sentiré culpable pq hoy se acaban las clases  
Confianza;La verdad yo estoy muy ocupada y el silencio de Kep1er pues no me importaba mucho pero creo q ya llega un punto en el q empezó a notar su ausencia pq hay 0 contenido. La verdad, ya es preocupante pq no mucha gente es capaz de esperar tanto  como digo yo voy a esperar paciente
Desagrado;mi mama debe estar podrida de que le diga algo y le termine diciendo a último momento que no, va a terminar diciéndome que no todo el tiempo   
Sorpresa;Pausaaaa, como que pasado mañana es noche buena ???  
Alegría;Hoy a ver Spiderman no hay weys en casa  
No sabe;Me estoy quedando sopa en el trabajo   
Sorpresa;Que peligro yo suelta por ahí con una tarjeta    a quien se le habrá ocurrido
Tristeza;Me ha tocado!!!        Me ha tocado el corazon no poderte comerte bb...
Alegría;Que rica siesta me he mimido     ️
Desagrado;Dioooos me olvidaba de lo caluroso que es Posadas   
No sabe;Madre mía las farmacias en el centro de Madrid. Ponen carteles de NO HAY TEST. Han arrasado con ellos    Locura total.
No sabe;Que ganas de estar con los de siempre fumando porro y tomando birra   
No sabe;Ayuda como rayos uso ig       
No Sabe;odio que me hablen mientras desayuno        quiero mi paz!!!!
Tristeza;Yo    cagarla siempre
Confianza;Un buen día tuyo no me va a venir mal 
No Sabe;Sobre que no pude dormir en toda la noche mi vieja me despertó a las 08:00   
Alegría;Soy team verano pero estoy disfrutando trabajar con este fresquito   
Desagrado;Hoy la V hace la fiesta en el freezer  ⚪
Desagrado;"Veo los estados de WhatsApp de una ex compañera de trabajo que ahora es ""manicurista"" ¡Pero que pena con esos clientes!     "
No sabe;Apenas cobre me hago todos los aritos de nuevo  
No sabe; ¿No me hará daño acabar el año así ?   ¿así cómo?    sin unas Nike dunk x off white   sin unas Yeezy 500 desert 
Desagrado;Alam mi papá me despertó para abrirle y llegó como kotex nocturna, ahh pero no fuera yo pq permiso hasta las 12pm 
Desagrado;LEESEO      
Alegría;No me avisaron que saldría a las 6 hoy entonces no traje comida y la hora es hasta las 2:30, dije que tenía hambre ye regalaron una manzana     ️ Feli, Feli
Desagrado;Estos aviones uras hacen mucho ruido xq pasan por arriba del techo   
Tristeza;Es increíble lo que estoy viviendo esta última semana,de problema en problema voy cuando más quiero hacer las cosas bien   . Que suerte
Alegría;HOY ME LEVANTÉ RE LOCA   
Disgusto;ma encima siempre son hombres q terminan mucho peor que yo XDDD y siempre yo y mi premade (grande coty no va a ver esto pero   ) somos los q mejor van y los únicos q ganan la línea
Sorpresa;Capaz me compré otro celu che            pero cuál      
Ira;Culia no se si vender la entrada de la gran navidad, o esperar para ver que onda o ke   
Desagrado;Re feo ser siempre la que tiene la iniciativa    hasta cuando ori
Desagrado;neta que el área de seguridad en el aeropuerto de Monterrey, son unos incompetentes cuando viajas con mascotas     
Desagrado;Bueno pues.... 100€.... Ni tan mal este año teniendo en cuenta que los anteriores no me tocó na de na    _  _    
No sabe;   Estos distintivos organismos comienzan su vida de forma totalmente simétrica, mejor dicho, con simetría bilateral, donde su lado izquierdo es aproximadamente igual o similar a su lado derecho, como ocurre en la gran mayoría de los peces.
Tristeza;Gastroenterocolitis y no poder salir del baño en toda la noche. Hermosa manera de terminar el año lavando bombachas y sentada en el water dijo nadie nunca 
No sabe;ME REGALARON EN EL INTERCAMBIO MM Y MITAM  ️  
Desagrado;Joder es que me encuentro fatal     
Miedo;Medio Madrid buscando test de antígenos en las farmacias y ninguna tiene       
Ira;Que es este infierno en la calle??!Maldito veranooo 
Desagrado;Ahora nadie me contesta 
Tristeza;A ver si vuelve mi hna y colabora con cocinarme para seguir comiendo bien. Porque tengo el plan de la nutri juntando tierra ahí   
Confianza;Antes yo era buena, ahora lo sigo siendo, pero no con todos.  
Desagrado;Entre los mosquito y el calor me hacen poner de muy mal humor   
Ira;Va ignorame, pero a ver quien te deja comer ensalada de manzana de sus chichis  
Desagrado;El final de Hawkeye  . No me puedo creer que en menos de una semana Marvel haya pasado de hacer el mayor fan service de la historia a marcarse un Ralph Boner 2.0
Alegría;Ya un día más y voy a Lima   
Confianza;Mañana tengo el último examen de diciembre y estoy de blancazo, no retengo nada a parte de la parte práctica y me da realmente igual  
Desagrado;Lo que me ha costado estar bien toda una semana tu lo jodes solo en un día, lo tuyo es un don   
Desagrado;Que hago despierta  
Tristeza;Eh pasado las peores navidades desde hace 3 años       
Desagrado;Oficialmente estamos en invierno? Ya se viene el frío chido   
No Sabe;Estoy empezando a reaccionar a las storys con    y  oficialmente una señora no hay quien me pare
Alegría;Me devuelven las perras y yo feliz como si me hubiera tocado medio millón.
Miedo;Tembló duro en Santiago   
Alegría;cada día me quiero un poco mass
Miedo;Covid: acá se habla del aumento de contagios pero nada se dice del % d ocupación de camas ni del ratito de fallecidos.     
No sabe;Las ganas de tomar un Tere 
No sabe;¿Quién corre más rápido?      
Desagrado;Si yo tenía q magrudar, por q razón me acosté tarde?  
No Sabe;Temblor fuerte en Santiago
No sabe;PD. Estoy en la cola de Zara después de haber superado los pasos anteriores   
Desagrado;"Fui al centro a comprar el ""cosito"" que engancha las varillas de la carpa, me falta solo uno, no venden, venden la varilla completa. 730 mangos. I en pedo. Mi tía tiene que comprar todas las varillas de la carpa   "
Ira;Que sistema de mierda que tienen los banco Lrpm   
Alegría;Que lindo sentirse de la familia en una que no es la tuya   
Ira;Hace 2 semanas había sacado el turno, ni siquiera me dio una solución y a último momento buscando otra chica. Que bronca, por lo menos me hubiera mandado contestado que no tenía lugar   
Sorpresa;Una semana para mi cumple   
Tristeza;cada vez se hacen menos speech de año nuevo   _    ️
No sabe;hoy me la ponen ayuda 
Tristeza;Como me miro el drama si ni las páginas que los transmiten ilegalmente me funcionan   
Desagrado;Estar enfermo me pone de mal humor  
Tristeza;lo más random de mis semana: me exploto el horno en la cara, me quemo el pelo y la mano  
No sabe;A que os referis con jimin leg, a la pierna de jimin o a jimin legolas (jimin extensiones)   
Alegría;Muy buenos días mi gente    espero que tengáis un gran miércoles 
Sorpresa;En que momento paso todo tan rápido, hoy estamos haciendo 1 año y 5 meses ya   
Miedo;Soy yo o este año vamos a pasar una Navidad de mierda por culpa del ornitorrinco ese!?  
Tristeza;Dia triste  
No sabe;El 9 de enero SNK               
Miedo;Me da miedo que un dia de estos mi cuyito se infarte de tanta pirotecnia que tiran   
Desagrado;Que vayas al endocrino y,en los tiempos que estamos,te diga que no tomes proteínas, que son malas para el hígado y que tienes obesidad según el IMC...ese es el nivel   
Tristeza;Oye si alguien que viva en Sevilla quiere 2 entradas para ver la de spiderman hoy a las 16 que me lo diga que yo no puedo ir porque está inundada la autopista  
Desagrado;Mi Toc me ataca... Estoy en el dentista... Mirando los bototos del caballero frente a mi... Y lo unico que quiero ahora es limpiarle los bototos  
Confianza;Bueno pues, ah sido un placer...   
Anticipación;viene juana viene mari   
Desagrado;Que gono ya a dos días de navidad             
No Sabe;Tengo muchas ganas de abrazarte   ya estoy contando los días   ️
No sabe;Mascara     ️
Desagrado;8 de la mañana y ya hace 25 grados, cómo les puede gustar esto!? Es algo que no entiendo   
No sabe;la nueva de dlh es sobre hermes   
Desagrado;Como que ya se acabará el año???? pero si aún me falta ir al gym y ponerme bien chida 
Confianza;Mientras haya salud...  
No sabe;Cuál prima jefe? Si aquí el único que recibe prima es usted      
Desagrado;Lo malo de vivir cerca del trabajo, que cuando suena la puta alarma me despierta, no son horas chingao  
No sabe;Hoy también quería tomar sol y se nubla  
Ira;Falsa alarma es k ha cocinado un blanco     
Desagrado;Carmen y Andrea: “todas se están embarazando”  Automáticamente las tres:  Tocando madera.
Anticipación;Ay por dios, que nadie me dirija la palabra hoy, estoy infumable   
Desagrado;Quiero ver a todos los posmodernos que defienden el género como una construcción social defender que la raza es también construcción social   
Ira;odio tanto estar enferma  
No sabe;Esa es la que le cae   
No sabe;⌚ 11:00 Orden   Compra: 6750  6810  maxicambios 6750  6810  myd 6750  6810  chaco 6750  6800  euro 6750  6950  basa 6740  6865  familiar 6730  6840  fe 6730  6830  vision 6700  6850  bnf
Sorpresa;Estas re tranqui y de repente faltan DOS días para navidad
Tristeza;Asi quede 
Alegría;Y cree que es para ella    mija cual eh la dema ta loca por escribirme y si doy rt no te importa salía o dámelo tú
Desagrado;Cuarta dosis?!?!?!?!           
Desagrado;Bruno anoche buscando nombres de bebes que quedan bien con apellidos españoles osea el suyo    Sal de ahi Satanas 
Alegría;Mi papá ya abrió el regalo que le di y le encanto     ️
Desagrado;Horrible mi día, no me pude levantar de la cama 
Ira;Muna ya pesa 543 GRAMOS    
Alegría;Quiero un maratón de FRIENDS!     ️
Tristeza;No me digas que El Gordo no ha caído en Doña Manolita       
No sabe;Momentos en los que quiero saber coreano   
Anticipación;Y Angely no ha comprado un carro con un año cobrando esos chelitos sin trabajar...?       
Desagrado;Le vi la cara a la hipocresía y se parece a la de muchos de nosotros   
Desagrado;nomás se lo perdono a Yeonjun   
Anticipación;He pasado de tener el portátil en inglés a tener el portátil y el móvil en inglés xD Ya estoy más que acostumbrada al portátil, a ver cómo me va en el móvil   
Desagrado;Que linda hora para ir a la dentista 
Desagrado;cómo que...cómo que no me ha tocado el gordo?            
No Sabe;No son ni las 8 de la mañana y mis compañeros ya me pusieron las tetas como dos macetas   
Tristeza;Mientras más temprano me duermo, más cansada amanezco   
Sorpresa;"¿Se fijaron; que ayer fue el último día 21, del año 21, del Siglo XXI?     "
Alegría;Hoy me sentí tan bien en el curso ahh     ️
Tristeza;Que cansancio que tengoooooooo quiero dormir 18272728 horas mas   
No sabe;Tener que bloquear la tarjeta de april solo por mi paz mental  
No sabe;El gordo ya lo tiene el Madrid por partida doble.   Hazard e isco 
Alegría;Yo también quiero churritos con chocolate   
Desagrado;Lo de no contestar los DM va en serio,gracias.
No sabe;40 min esperando a vez na van   
Desagrado;Por un número no me ha tocado el gordo no me lo creo           
Desagrado;Tengo que lidiar con eta muchacha y también su playlist de Demi Lovato? PUES MIRE QUE NO que yo no soy tan generosa ni buena gente   
Ira;Leyendo, pude entender el origen del universo, cómo es el mundo cuántico, o cómo la luz es una partícula que por suma de vectores direccionales tiene efectos ondulatorios.  Pero no puedo entender el acuerdo paritario del gremio de telefónicos. Qué pedazo de quilombo que es!   
Ira;Final de año literal, se pusieron de acuerdo parece   
Sorpresa;Este año me puso tanto a prueba .. q lo único que puedo es agradecer .. y ayudar poco o mucho a otros a hecho q en definitiva mi corazón se llene de alegría     ️
Alegría;Empezamos mi franco mas que bien !! Espero seguir así   
Alegría;Buen día! No se acaba más la semana. Me levanté de muy buen humor hoy, capas sale cine entonces 
Alegría;Hacia tiempo no dormia desnudo y buaah que bien dormí     ️
Tristeza;amets te echo de menos 
Tristeza;A mi me tienen que explicar qué necesidad hay de sacar aviones un 24 de diciembre que aterrizan a las 00:00   
Alegría;Not el baterista de cinema tocando la batería después de diez años para el día de hoy y tocando forever or never   
Alegría;Hoy me desperté con la noticia de que me habían aprobado la visa. Un buen regalo de cumpleaños si me lo preguntan  
Ira;Es que ni una puta terminación, ni una 
Alegría;Aaaaaaaaaaaaaaaaaa qué lindo    ️
No Sabe;Me apetece un bocata de salchichas a la brasa  
No sabe;Recomiendan ver Esposas Desesperadas?  
Alegría;A veces desde ya nos preocupamos por el 2022 y todavía le faltan 9 días al 2021. No le demos alas a la ansiedad..   Prioriza terminar una tarea para luego comenzar otra, lo que hay es tiempo..
Desagrado;ese tipo me sonríe la gracia no la entendí   
No sabe;+ Amor Aller cuando estaba con tigo sentí que algo en mi se rompio..  Hay mi amor q lindo + Y si.. cuando revise fue el condón  Eh?  
Alegría;[211221]   7:05 PM   Arroz delicioso   Incluso pedí un café con leche de te verde y me lo comí
Desagrado;  ️ Oyes, si no queréis correr riesgos en las comidas navideñas con la bicha, no las hagáis, yo no hago nada y ya ves, taaaaaan normalito como siempre.  (Anda, bloquea las respuestas)   Nah, tengo la relevancia de un grillo mutilado con artrosis.  (Eso también)
Alegría;Los cuellos de tortuga con el cabello como lo traigo se debe ver genial
No sabe;Chavales que Guadalpark ha abierto un parque nuevo en la Cruz Mármol   
Ira;sara: mi nombre ta bien 710 sari: no estoy segura creo que me gusta mas 7,5 sarita:        910 sarini: me lo llama mi madre el mejor 1010
Tristeza;Pues nada, no soy millonaria   
No sabe;Dormir 8 horas kinda lit wtffff   
Disgusto;Mi flaca me va a matar con el corte de pelo que me voy a tirar pero es necesario ya un cambio total de look       
No sabe;Jadi Vincent Mateo dengan Aurora Waldermar. Dan Vincent Ludovic dengan Aurora van Holen. Bukan van Molen ya 
Confianza;On LIVE: Vi el teléfono de mi hermana. ¿Qué es un Galaxy? Es realmente bueno. Es resistente, tiene buena tecnología y la batería es buena.
 ;